Date,Close,High,Low,Open,Volume
2020-01-02,67.83251190185547,67.83251190185547,66.73276652225083,66.82792341596551,27278000
2020-01-03,67.47766876220703,68.08379778892568,66.77390994004057,66.80761528460377,23408000
2020-01-06,69.27619934082031,69.30147266725574,66.9562713205034,66.98748864292274,46768000
2020-01-07,69.14240264892578,69.55821779935313,68.96646485726092,69.4075533410106,34330000
2020-01-08,69.63452911376953,69.97203621725023,69.0194842397815,69.12801890142514,35314000
2020-01-09,70.36554718017578,70.80613648268411,69.8907534284605,70.47160139102655,33200000
2020-01-10,70.82002258300781,71.11639816188107,70.3561412229082,70.84530347811571,26258000
2020-01-13,71.36866760253906,71.44052494087894,70.64210838991625,71.13176223123057,30730000
2020-01-14,70.90080261230469,71.49750880179123,70.76103550256398,71.36716436377095,26076000
2020-01-15,71.32752990722656,71.40583792168397,70.95384451597616,71.02124763841545,21550000
2020-01-16,71.87071228027344,71.89747539401914,71.3671740127522,71.63727803469492,26080000
2020-01-17,73.32579803466797,73.37684381090587,72.18739403885324,72.48426114877846,52424000
2020-01-21,73.46110534667969,73.83925246721381,72.86439154992613,73.30002755955512,48930000
2020-01-22,73.5413818359375,74.36954091002987,73.48142006681404,73.83181338382326,28458000
2020-01-23,73.58202362060547,74.0186578379967,73.36544584943454,73.72377206652983,26650000
2020-01-24,72.66417694091797,74.0533557502206,72.51598536486014,73.98496196506716,29786000
2020-01-27,70.95730590820312,71.19767480231553,70.35117700362538,70.94789079814586,34132000
2020-01-28,71.88755798339844,72.10066465532061,70.88940505128319,71.45340418513541,29724000
2020-01-29,72.19483184814453,72.56356386926777,71.63430381972567,72.2820558505161,21566000
2020-01-30,72.07341766357422,72.1229736667599,71.11937574477422,71.27301221062503,27110000
2020-01-31,71.00934600830078,72.83763191582841,70.72585665176216,72.74792746502517,43822000
2020-02-03,73.47844696044922,73.66182608356632,72.19036913116597,72.44015314026151,71636000
2020-02-04,71.63529205322266,72.7221511823301,70.47656803193662,72.08530406404785,95880000
2020-02-05,71.66700744628906,72.58536256030895,70.85570477873623,72.53728878225081,36376000
2020-02-06,73.14986419677734,73.42691043576079,71.88656813376596,71.96090591264428,37822000
2020-02-07,73.30548858642578,73.60978951764092,72.62651160369214,72.72464050558949,28360000
2020-02-10,74.77000427246094,74.78090916442083,73.11171202305549,73.21232137301007,38302000
2020-02-11,74.83939361572266,75.82168850051549,74.61092023332822,74.99848253884697,34852000
2020-02-12,75.26412200927734,75.34688423463207,74.7704979689078,75.12683532807398,31042000
2020-02-13,75.00440979003906,75.62688838893217,74.53903116822619,74.83639736148454,22914000
2020-02-14,75.26907348632812,75.33449526939701,74.6158614465477,75.06092014232502,23198000
2020-02-18,75.30425262451172,75.85536548197403,74.88645620269631,75.05149664126672,25642000
2020-02-19,75.57337188720703,75.86429500722407,75.38058521971043,75.68884877939992,22746000
2020-02-20,75.1828384399414,75.68240645418584,74.55192774826135,75.2829486635649,25962000
2020-02-21,73.52106475830078,74.88348786244822,73.27475187398645,74.56778297216329,42520000
2020-02-24,70.36901092529297,71.1877548802108,69.72125896753626,70.52710913822696,49560000
2020-02-25,68.70675659179688,71.21104711521028,68.41435127649457,70.92112224638342,51580000
2020-02-26,68.91242980957031,70.06223775405306,68.22254806781541,69.13594979993545,49776000
2020-02-27,65.16961669921875,67.86819119574264,65.13442914630396,67.35969967242637,62290000
2020-02-28,66.37395477294922,66.53254456868979,62.85317207191718,63.15549166870897,80198000
2020-03-02,68.70675659179688,68.76374636203735,65.67761720638778,66.97560913503754,55430000
2020-03-03,66.2981185913086,69.7906479427087,65.87784169688798,69.26976927543198,56602000
2020-03-04,68.47283935546875,68.53131891334556,66.26243609006487,67.35078505307477,47598000
2020-03-05,65.16020202636719,67.08662414156048,64.50996962092215,66.68616815842502,54380000
2020-03-06,64.21757507324219,64.5649888842822,62.30800530544465,62.93940759811256,64640000
2020-03-09,60.25520324707031,62.08596950725931,59.37550300597867,59.71846256922305,69252000
2020-03-10,63.19811248779297,63.23181404799084,60.191769215403774,62.168246803240756,54872000
2020-03-11,60.012847900390625,62.29412145420184,59.03353279180073,61.864928567207265,54732000
2020-03-12,55.08900833129883,58.91508197832732,54.936362559355885,55.63764453569827,94326000
2020-03-13,60.179874420166016,60.18631753199108,55.125688027826726,58.23313582495067,79400000
2020-03-16,53.1784553527832,56.77010434529723,52.885055565048226,54.00165359735801,96520000
2020-03-17,55.41165542602539,55.80516546556795,51.99396263493645,54.05270706671724,83194000
2020-03-18,54.07996368408203,54.763897729434355,51.394275053932354,52.53119691195089,93044000
2020-03-19,55.09496307373047,57.12397237248402,52.313625928919365,53.9327678550478,74064000
2020-03-20,52.94106674194336,56.4236862792101,52.63825179666718,56.04801576340785,82878000
2020-03-23,52.243247985839844,52.8766315654061,50.00013767795823,52.35426310073486,83672000
2020-03-24,56.00389862060547,56.1684399560884,53.84404970701331,54.71383949660357,72468000
2020-03-25,54.59688186645508,56.80480098996258,53.67456021178784,55.734790654308775,90324000
2020-03-26,57.63492965698242,58.05916917200389,54.12158533771663,55.24611233682905,76562000
2020-03-27,55.02507019042969,57.04664522972368,54.714821569295374,55.87800717733261,62794000
2020-03-30,56.811737060546875,57.04417685436686,54.44175335047493,56.134246128630494,58736000
2020-03-31,57.58686065673828,58.15432709083506,56.336447119529815,56.93167111203131,65228000
2020-04-01,54.62066650390625,55.974661472404435,54.19395025688407,55.706043456891315,51970000
2020-04-02,55.36060333251953,55.645079550192946,54.17610690265564,54.516586008080246,56410000
2020-04-03,54.1547966003418,55.44783157309285,53.28154321364978,55.24562600577843,51374000
2020-04-06,58.639530181884766,59.0142061972001,55.755602497061574,56.152088293952644,63320000
2020-04-07,58.608306884765625,60.50251369057454,58.34514131104988,60.315667229775336,61620000
2020-04-08,59.81956481933594,60.21109350341691,58.67719432513304,59.62627903343339,40334000
2020-04-09,59.79825210571289,60.56247544600904,59.09697009884195,60.37365144573341,54028000
2020-04-13,59.98857116699219,60.19226652151703,58.596911921148106,59.54698734678868,38702000
2020-04-14,62.705474853515625,63.226848850689024,60.88709574064294,61.45357529825555,63358000
2020-04-15,62.312461853027344,63.195134097542535,61.15770048868612,61.77770250465346,42236000
2020-04-16,62.31890106201172,63.10840152659315,61.36585370716055,62.80013418506722,57896000
2020-04-17,63.38793182373047,63.9330970110013,62.74364328712094,63.52174361887628,51050000
2020-04-20,62.50326919555664,63.27988346361511,62.26983873721597,62.93642855436658,35292000
2020-04-21,60.07530212402344,61.95067114702243,59.72044698572963,61.58937667810342,49648000
2020-04-22,62.36747741699219,63.43153994426798,61.31629733223083,61.51007845827195,46296000
2020-04-23,62.99987030029297,63.841411086312235,62.47254845136954,62.73075692992456,34202000
2020-04-24,63.26898193359375,63.32399415868227,61.65330740481523,62.198472543384035,37402000
2020-04-27,62.9844970703125,64.13628637674407,62.69704507678126,64.03220593195255,44186000
2020-04-28,61.08781814575195,63.673388769392936,60.97828903607546,63.5960789970159,80700000
2020-04-29,66.5191650390625,67.4097664682987,65.75345562296938,66.65892460884133,108358000
2020-04-30,66.74317169189453,66.90672236515653,65.49424409029045,65.98291477764961,55842000
2020-05-01,65.28707885742188,66.97759396680019,64.90744952945606,65.62260463477621,48872000
2020-05-04,65.56363677978516,65.64145324251461,64.23095612274317,64.83163266643618,30806000
2020-05-05,66.85814666748047,67.94798532924645,66.16480134457395,66.28721289666468,39666000
2020-05-06,66.68022918701172,67.83300920932899,66.66536163173396,67.30320697756437,31732000
2020-05-07,67.86224365234375,68.1952965450196,67.03260232501718,67.46724765565328,30652000
2020-05-08,68.60862731933594,69.21821972421975,67.99754513410797,68.48373532754027,33326000
2020-05-11,69.56266784667969,70.1544207533012,68.17051714278251,68.23444914371004,32718000
2020-05-12,68.15467071533203,70.09496266146002,68.12146448577768,69.79215149229233,33918000
2020-05-13,66.82394409179688,68.65768970686308,65.81687529627737,68.20321596744674,40368000
2020-05-14,67.24671173095703,67.27198506358019,65.5834587375986,66.08996899266552,36660000
2020-05-15,68.0495834350586,68.1249118737089,66.36154882389845,66.82048436815816,41544000
2020-05-18,68.65026092529297,69.02592758289641,67.11487206226282,67.48063205826992,47094000
2020-05-19,68.11600494384766,69.01255036140522,68.0842884983356,68.66513655434181,31586000
2020-05-20,69.8387222290039,69.9809622319671,68.76127821697874,68.84751154962743,38262000
2020-05-21,69.71928405761719,70.20051340358503,69.10671203417986,69.92941872936086,30894000
2020-05-22,70.04093170166016,70.22727525632826,69.18402813173392,69.57803347006285,28544000
2020-05-26,70.44385528564453,71.62042645531723,70.34622550732381,71.46430955805518,44590000
2020-05-27,70.38982391357422,70.6410976562348,69.11711299188988,70.37594702677185,31684000
2020-05-28,70.28874206542969,71.58821644638739,69.33916194732967,69.38475528420979,35170000
2020-05-29,71.0460205078125,71.20510940143461,70.17672981418404,70.39727026219002,37044000
2020-06-01,71.11293029785156,71.44548411572828,70.48896178135337,70.6584640274907,25162000
2020-06-02,71.48164367675781,71.51584056070965,70.45573715820264,71.11935484007476,23442000
2020-06-03,71.32999420166016,71.81370394521399,70.95184711636607,71.50097863487548,27732000
2020-06-04,70.09347534179688,71.43260677648456,69.68262102414685,71.20759694071805,26982000
2020-06-05,71.3681640625,71.67940719980339,69.76239993864283,70.1598764140095,42642000
2020-06-08,71.7656478881836,71.8132225602277,70.59800012349973,70.687213031798,33878000
2020-06-09,71.96585845947266,72.74495316037958,71.48412999551343,71.62686911667684,33624000
2020-06-10,72.59131622314453,72.99126556620439,72.07886198518231,72.43321799548916,31762000
2020-06-11,69.47891998291016,71.94207934602183,69.30595418790874,71.41822106728198,47144000
2020-06-12,70.02507781982422,71.09508812261465,68.68099326977082,70.6663867539515,36676000
2020-06-15,70.41264343261719,70.62376878994888,68.75038100177098,68.86387657318849,30468000
2020-06-16,71.68782043457031,72.21811416599839,70.82150183737386,71.8132039758774,30648000
2020-06-17,71.98866271972656,72.46741921038576,71.12581508481102,72.00849116981989,30610000
2020-06-18,71.07575988769531,72.00997330472221,70.68521806962335,71.85534618092774,34862000
2020-06-19,70.60591888427734,71.59018730358088,70.32639221907522,71.36716642098271,52784000
2020-06-22,71.8954849243164,71.90986092830514,70.33582083244812,70.62426351742366,29442000
2020-06-23,72.55563354492188,73.11170737614935,71.61497701926105,71.96189927090062,37752000
2020-06-24,71.00537109375,73.14092954173177,70.87155554973336,72.52093138540484,31592000
2020-06-25,71.42169952392578,71.48216042254508,70.35317130237331,70.93203808732798,23958000
2020-06-26,67.52820587158203,71.21947330997806,67.15452055099803,71.00190487444962,97640000
2020-06-29,69.24447631835938,69.28561542600373,66.98848025356764,67.41916284905555,45074000
2020-06-30,70.2793197631836,70.57420557968574,68.73699600814484,69.23012852105167,40286000
2020-07-01,71.4662857055664,71.7874430351496,70.08751285337333,70.33482396172218,42182000
2020-07-02,72.85051727294922,73.77185199898827,71.91580477152797,71.95397188987388,57218000
2020-07-06,74.32345581054688,74.83640917181805,73.19991930923392,73.75351267291511,44712000
2020-07-07,73.84123992919922,75.39744054043872,73.83033503772904,74.14901196321672,42364000
2020-07-08,74.51923370361328,74.89440889434763,73.95919714065299,74.38046478643815,31766000
2020-07-09,75.2656021118164,75.7849985849552,74.12224472312172,74.83293808896195,41836000
2020-07-10,76.27416229248047,76.38963919030913,74.37649193816277,74.9974808669184,35918000
2020-07-13,74.94692993164062,78.12524419545197,74.66592103825721,76.8158557336052,42954000
2020-07-14,75.37462615966797,75.47077370788296,73.64347873991565,73.98346627119216,38108000
2020-07-15,75.1773910522461,76.14133958926885,74.2332634031044,75.49209774784732,31026000
2020-07-16,75.08025360107422,75.12931805048628,73.7594610074224,74.41514596762937,26484000
2020-07-17,75.1759033203125,75.50201403049498,74.24664320234244,75.17887531922496,34264000
2020-07-20,77.50475311279297,77.76098024738981,74.47462260455251,75.08421510478026,30166000
2020-07-21,77.11222076416016,78.65504339573445,76.94867010071032,78.55493317782401,27486000
2020-07-22,77.55479431152344,77.66035696809772,76.48329440126099,77.10181034929121,24482000
2020-07-23,75.17095184326172,77.82739713519356,74.76653311104509,77.60833887916083,33910000
2020-07-24,74.74769592285156,75.10552305492557,73.72575942026643,74.30066345548695,29902000
2020-07-27,75.79936218261719,76.20229106815995,74.95188130787318,74.99797375278568,27124000
2020-07-28,74.52169799804688,75.62986776248196,74.3665717756482,75.57981265274391,30910000
2020-07-29,75.50597381591797,75.99265563453109,74.4899812798863,74.58860929092415,22676000
2020-07-30,76.24243927001953,76.36733126760335,74.10142063314761,74.24018951935184,36042000
2020-07-31,73.74359893798828,74.5895976539911,72.06101661639134,74.19460163241017,91468000
2020-08-03,73.48638916015625,74.22830750360635,72.9392388448342,73.89477056396018,45482000
2020-08-04,73.01753997802734,73.99933560623647,72.55811283263415,73.68214847232768,37212000
2020-08-05,73.30449676513672,73.84520394570967,72.91445404831978,73.19199942222478,29134000
2020-08-06,74.58612823486328,74.65155001959869,72.94815610602834,73.15878990214848,33306000
2020-08-07,74.26001739501953,75.33647070213861,73.66033162813625,74.78882893893368,27718000
2020-08-10,74.18318939208984,74.69514441917217,73.22517753441542,73.88483254722767,20546000
2020-08-11,73.37635040283203,74.85821303070131,73.25988285024638,74.0434317145087,31098000
2020-08-12,74.69962310791016,74.9191804606546,73.59739725191154,73.7024683730162,22512000
2020-08-13,75.16597747802734,76.17305390042783,74.74768949217605,74.74768949217605,22388000
2020-08-14,74.57028198242188,75.32162305538155,74.29125435800195,75.01533319863829,21942000
2020-08-17,75.14566040039062,75.51935329930157,74.58860350836233,75.13228262566284,19990000
2020-08-18,77.10530090332031,77.18410047054229,75.41479306689972,75.6353335447207,28378000
2020-08-19,76.55168914794922,77.7535335071176,76.32321583173594,76.94222333952494,30472000
2020-08-20,78.11978912353516,78.31406556338243,76.04865405295624,76.3217300452834,26382000
2020-08-21,78.08609008789062,78.89442072406565,77.42891544303244,77.89923986608471,34838000
2020-08-24,78.56087493896484,79.73199354637043,78.0598171870898,78.92365536175714,25638000
2020-08-25,79.5867919921875,79.7369573344737,78.20057765629728,78.31060210938294,25150000
2020-08-26,81.48395538330078,81.9131558254161,79.3454247617791,79.60908564477356,52188000
2020-08-27,80.7103271484375,81.67526631440305,80.22909022649999,81.60687253223567,31350000
2020-08-28,81.25101470947266,81.34617159068387,80.5660938852416,80.75739831375627,22418000
2020-08-31,80.76038360595703,81.50230188313334,80.55223025727368,81.45620943407884,26422000
2020-09-01,82.02665710449219,82.23183846792581,80.7603889260026,80.89073338937213,22652000
2020-09-02,85.1147689819336,85.54644234376782,82.27990568952355,82.66746793542667,49522000
2020-09-03,80.75939178466797,84.25291200419659,79.67896815713972,84.22912088973366,63726000
2020-09-04,78.3656005859375,81.03096108245632,76.22260089581656,79.74288349273898,55850000
2020-09-08,75.51042938232422,77.09388450025051,75.158546265931,75.57981382695054,54032000
2020-09-09,76.68155670166016,77.2510007636968,75.58824678956422,76.76431893027807,39242000
2020-09-10,75.63185119628906,77.99142901908637,75.33201208144567,76.82775166747923,33024000
2020-09-11,75.12187957763672,76.25879385001623,73.99487196751262,75.735933828383,30706000
2020-09-14,74.7784194946289,77.16575111984385,74.59405726973172,75.9093897485379,42660000
2020-09-15,76.08136749267578,76.86789598953742,75.43609590207801,75.7230488068471,23042000
2020-09-16,74.93999481201172,77.03541281613771,74.91521303018398,76.44614030970467,22128000
2020-09-17,73.69850158691406,74.27439632270638,72.48030722418932,73.63754157922925,40008000
2020-09-18,71.91680145263672,74.10292221630368,70.951862206745,73.76095327714144,63056000
2020-09-21,70.87850189208984,71.37013697756234,69.51756861538587,70.9518489978719,56908000
2020-09-22,72.34944915771484,72.55512958903905,70.84677506012393,71.8786256422426,33950000
2020-09-23,69.8501205444336,72.01542196505994,69.51757431347869,71.9663575191047,37726000
2020-09-24,70.51770782470703,71.26755903816468,69.49130946306941,69.5175810262179,34552000
2020-09-25,71.32060241699219,71.66157316648633,69.76539223745503,70.62625868172881,30326000
2020-09-28,72.2919692993164,73.00217110673873,71.6784141659313,72.95261510869759,30784000
2020-09-29,72.65674591064453,72.95311394929331,72.06102270971172,72.5521738963951,31816000
2020-09-30,72.63592529296875,73.65687119404856,72.14825279198409,72.40497148553358,40924000
2020-10-01,73.7411117553711,74.09646597038588,73.19098955125851,73.5309770975159,32884000
2020-10-02,72.14031219482422,73.3015166577609,71.73143930114331,72.34004108666224,31222000
2020-10-05,73.4898452758789,73.582521715312,72.3628377612094,72.4897110883713,21602000
2020-10-06,71.91332244873047,73.57359566004143,71.61546469303617,73.12656325055715,26096000
2020-10-07,72.31575775146484,72.80293864392578,71.0316426314214,72.32418219519838,36108000
2020-10-08,73.51958465576172,73.74755887897275,72.62848419076307,72.62848419076307,26076000
2020-10-09,74.85871124267578,74.92809569109109,73.69651605996611,73.98694007707145,32966000
2020-10-12,77.54190826416016,78.72293349802754,75.79291373880893,76.2240954855972,55344000
2020-10-13,77.66483306884766,78.5613860495805,77.24654502979156,78.15746645271066,39072000
2020-10-14,77.48491668701172,78.4964473454377,76.61562602854337,78.03801846578263,33174000
2020-10-15,77.08992004394531,77.8794204762289,76.37922672671863,76.54624094186421,31210000
2020-10-16,77.69603729248047,78.19213409516458,77.19845070960811,77.4051142272946,34194000
2020-10-19,75.82513427734375,78.50041690354607,75.47672984424212,78.10393113108431,29734000
2020-10-20,76.87235260009766,78.00035081850514,75.35679216195857,75.48614593995441,41670000
2020-10-21,78.60250854492188,80.04720230384581,77.66829522867764,77.80260233594682,60322000
2020-10-22,79.62694549560547,79.9619722392147,78.1807691539647,78.55346390827138,30512000
2020-10-23,80.93136596679688,80.98786419123687,79.88712057504252,80.04274592114754,30548000
2020-10-26,78.51825714111328,80.76284956365737,77.70001225842906,80.04026068394055,35826000
2020-10-27,79.24134826660156,79.39597538099545,78.15647045681439,78.74822336439603,25902000
2020-10-28,74.87605285644531,77.00764880260952,74.76107508383566,76.81932392288722,45174000
2020-10-29,77.15980529785156,78.73879863480163,75.16102661851583,75.18431861733673,55406000
2020-10-30,80.09526824951172,83.32711619302741,79.37466071000843,82.63921576146262,99878000
2020-11-02,80.5021743774414,82.18326693567796,80.00259878301561,80.46351570683841,44228000
2020-11-03,81.5597915649414,82.22092895585259,79.89703764384542,80.82134439367809,31432000
2020-11-04,86.52526092529297,87.7236342649192,84.40159024527001,84.52945424402306,71342000
2020-11-05,87.35043334960938,88.80355146423722,86.28636720698881,87.74443865213146,39758000
2020-11-06,87.21316528320312,87.64781063793222,86.0707909999368,86.79735014914868,28622000
2020-11-09,87.29692840576172,90.04605019847581,87.10513237655127,89.00974514119116,53440000
2020-11-10,86.12232971191406,87.1958110224123,85.05182039988732,85.72832438783556,43022000
2020-11-11,86.59366607666016,87.37027284342858,86.38699493395451,86.65164652421126,31838000
2020-11-12,86.37509155273438,87.473354716202,86.1347226524478,86.33445155052767,26474000
2020-11-13,87.83415222167969,88.07551178373636,86.03610062019943,86.63181619049185,29744000
2020-11-16,87.921875,88.92845236010726,87.29245409409869,87.43172210004694,25468000
2020-11-17,87.3088150024414,88.07601416521123,87.20127099757448,87.61608790911133,21314000
2020-11-18,86.26705169677734,87.47434868925225,86.16446102115808,87.06002332172838,20108000
2020-11-19,87.15565490722656,87.39949488250359,85.74070395281,85.89979282391478,20106000
2020-11-20,86.05591583251953,87.64086066015253,85.9875220571306,87.32565489367907,27694000
2020-11-23,85.61880493164062,86.53220683419836,84.7574470410167,86.24624457507814,22530000
2020-11-24,87.41983032226562,87.54769432891005,85.28030128891842,85.61582709012495,27984000
2020-11-25,87.43122100830078,87.74097434206601,86.6496534535001,87.61360945809936,19600000
2020-11-27,88.565673828125,89.06078767442922,87.45155234828248,87.45155234828248,14790000
2020-11-30,86.94900512695312,88.23460252032878,86.62388510850603,88.00216651160646,32418000
2020-12-01,88.97900390625,90.28542045446022,87.3767108902,87.55661890732226,37350000
2020-12-02,90.44648742675781,90.8315767801654,88.47398023306226,88.97900069788912,29424000
2020-12-03,90.29136657714844,91.3811977041033,90.05148923543042,90.22693546266429,24728000
2020-12-04,90.38652801513672,90.67100047469899,89.88249064101637,90.21108177907736,20544000
2020-12-07,90.052978515625,90.66058963378225,89.3596256167209,89.97962384343904,22288000
2020-12-08,89.77047729492188,90.0004404045314,88.7767937591403,89.6312168567799,19936000
2020-12-09,88.1116943359375,90.61500208868797,87.32566494275066,89.72241179325566,31728000
2020-12-10,87.60567474365234,87.96944584482684,85.91466810867063,87.35539163522937,28688000
2020-12-11,87.96004486083984,88.08444532599398,86.86674248708519,87.22655098140548,18628000
2020-12-14,86.84294891357422,88.70345045595626,86.687822672267,87.75784057609782,33050000
2020-12-15,87.28007507324219,87.42478797554355,86.31810785244136,87.21960661761919,21352000
2020-12-16,87.08726501464844,87.67802719914428,86.68434371266123,87.67802719914428,24676000
2020-12-17,86.26060485839844,87.55909602721862,85.79672351081625,87.42131779941667,34880000
2020-12-18,85.55237579345703,86.64964817459027,84.99630960699481,86.54111351698864,85256000
2020-12-21,85.96571350097656,86.0866428328885,83.95553843795113,84.70538953138244,33974000
2020-12-22,85.25502014160156,85.86907434812254,84.53936593674798,85.70651435079037,20370000
2020-12-23,85.6520004272461,86.43902043412434,85.30358842239465,85.43889376166366,22974000
2020-12-24,85.94589233398438,86.35476521041882,85.45970212371107,85.69015678249487,9312000
2020-12-28,87.91839599609375,88.56466573176412,86.3255258833646,86.4786632023986,27650000
2020-12-29,87.11553192138672,88.63753562271515,86.98419679793523,88.57608406440532,19726000
2020-12-30,86.04948425292969,87.61113729202937,85.6406113261825,87.4743497229206,21026000
2020-12-31,86.86177825927734,87.10263870414872,86.04154446235164,86.10003157948303,21070000
2021-01-04,85.54792785644531,87.34994209759138,84.60677228691033,87.22653987680384,37324000
2021-01-05,86.2378158569336,86.5738332163736,85.09048820170439,85.4963891255804,20360000
2021-01-06,85.38685607910156,86.43209217105506,84.05962797006715,84.26579998759716,46588000
2021-01-07,87.93724822998047,88.10971491007409,85.57915243705426,85.57915243705426,41936000
2021-01-08,89.10140991210938,89.17723746242793,87.28699358690446,88.07699309264173,35484000
2021-01-11,87.04266357421875,88.43482172822067,86.83699069876916,88.07005241001238,34796000
2021-01-12,86.10796356201172,87.61807170115141,85.06471635577631,86.50097826490368,29528000
2021-01-13,86.59465789794922,87.04764196663757,85.60691063338058,85.60691063338058,23432000
2021-01-14,85.78532409667969,87.60073138346526,85.54495518482686,86.67493484651867,29212000
2021-01-15,85.62175750732422,86.61296808342607,84.83325536240837,85.6911419451579,31444000
2021-01-19,88.43928527832031,89.39927102495157,85.8799786898442,86.38400845133536,41660000
2021-01-20,93.17727661132812,94.15113930596509,90.17589074243995,90.51587074805265,64152000
2021-01-21,93.37947845458984,95.75491452808738,93.14456200327876,93.85030958575864,58634000
2021-01-22,93.7962875366211,94.38258801925332,93.00034392716495,93.74177064385457,32744000
2021-01-25,93.88153076171875,95.2464344214254,92.14096797256826,94.79642238688461,50586000
2021-01-26,94.55902862548828,94.94560022121779,92.98201646312953,93.47067962234644,31462000
2021-01-27,90.14763641357422,93.19709601317666,89.07415506455348,92.92153956485564,82512000
2021-01-28,91.84558868408203,93.56979410024235,90.7453441830221,90.7453441830221,55278000
2021-01-29,90.56494903564453,91.56508344351238,89.28629369620836,90.89502242962124,44530000
2021-02-01,93.82156372070312,94.9351859580172,91.41886545698281,91.41886545698281,40252000
2021-02-02,95.11262512207031,96.61182843728612,94.4807236974962,94.81575797043995,66332000
2021-02-03,102.03919982910156,104.40522092105503,99.79261830171446,102.37274430388717,97882000
2021-02-04,101.77900695800781,102.55561366138531,100.86064423524446,102.1254300837505,48596000
2021-02-05,103.52352905273438,103.87590372687838,101.59909567696245,102.07289124062606,29866000
2021-02-08,103.30992889404297,104.82053612407776,102.26073770644324,104.07712806646019,28828000
2021-02-09,102.85743713378906,104.00327492261671,102.59030513019513,102.82819357536142,21892000
2021-02-10,103.40705108642578,104.02160437452264,101.71010055320123,103.24151909943075,25102000
2021-02-11,103.51956939697266,103.7797591856027,102.5338111240634,103.63108362772132,20480000
2021-02-12,103.830810546875,104.05234166129615,102.76723583999629,103.07451629921232,18990000
2021-02-16,104.60742950439453,106.3142945266649,103.66825520694219,103.66825520694219,31004000
2021-02-17,104.99995422363281,105.18927736768207,103.49976020138155,103.77878024223801,20294000
2021-02-18,104.36508178710938,105.1669770434252,103.74656567855568,104.32494089402836,22546000
2021-02-19,103.52254486083984,104.99796454492676,103.25591195162085,104.46320894592502,37938000
2021-02-22,101.81021881103516,103.10226681729074,101.49997392533437,101.77751170242684,29466000
2021-02-23,102.10064697265625,102.71420966814658,98.6368619382917,99.81442376891242,34658000
2021-02-24,103.27472686767578,103.49824685547553,100.48546482416288,100.60985770163076,22608000
2021-02-25,99.91156005859375,103.23459480191558,99.44271782605095,101.89299077097074,41548000
2021-02-26,100.20693969726562,101.92222910849493,99.17112631812763,100.60540682700322,40042000
2021-03-01,102.57345581054688,102.8990673672871,100.82694157551894,101.49997446974675,26060000
2021-03-02,102.31672668457031,103.8164288749296,101.92966358597235,102.33456623773431,25564000
2021-03-03,99.68655395507812,102.88716945584571,98.82369885225702,101.69573836758674,33892000
2021-03-04,100.80265808105469,102.81778652007944,99.39017985813133,99.85803141312911,49216000
2021-03-05,103.93191528320312,104.38440020130358,100.49786526440951,102.15170316057323,53100000
2021-03-08,99.49276733398438,104.75807471002265,99.37828111434924,103.28712454282332,36868000
2021-03-09,101.12133026123047,102.28897784929946,100.88542314472488,101.58670894507843,33920000
2021-03-10,100.91466522216797,102.16408434665642,100.07907232110979,102.16408434665642,27100000
2021-03-11,104.10389709472656,104.63568072084324,101.91877458051778,102.00649770427991,27702000
2021-03-12,101.59909057617188,102.967457650854,100.72781860176927,102.9079874324158,33818000
2021-03-15,101.81914520263672,101.84639986684593,100.49836027807162,101.35030296707097,26168000
2021-03-16,103.27871704101562,104.75511989536767,102.05952443443275,102.39157914363233,31900000
2021-03-17,103.19593811035156,104.02756080916568,101.30768292105009,102.51448074840832,26382000
2021-03-18,100.17870330810547,102.52836717978956,100.0716508476845,101.50890348351723,31700000
2021-03-19,100.45722198486328,100.95679000162345,99.26628238475064,100.59450866025328,46072000
2021-03-22,100.64209747314453,101.51684073971637,99.8149288786167,100.4904423351425,33536000
2021-03-23,101.16939544677734,102.2983842699434,100.50875726629116,101.10100167276073,28510000
2021-03-24,100.73329162597656,102.47137415101128,100.55833692294446,101.68633534543278,25218000
2021-03-25,100.72980499267578,101.38300944915922,98.92728405832933,100.56080187614467,35616000
2021-03-26,100.3467025756836,101.07325412851259,99.31187234420693,100.69659679630594,27978000
2021-03-29,101.39044952392578,101.55995176525356,99.39117913290644,100.21933831690066,26492000
2021-03-30,101.42415618896484,102.22703448790296,100.91269258418674,101.74679577665506,27312000
2021-03-31,102.21959686279297,103.39616804886353,101.45041637085228,101.81716706219301,42570000
2021-04-01,105.55302429199219,105.84890071738012,103.65238219633088,103.69302219403144,39880000
2021-04-05,109.97284698486328,110.4699421342313,106.31775738977792,106.4139049523274,48510000
2021-04-06,109.49210357666016,110.42087204378797,109.12188934950352,109.5743742451769,35240000
2021-04-07,110.96752166748047,111.23861633474729,109.68241587965444,109.68241587965444,24134000
2021-04-08,111.53250885009766,112.5911226113418,111.16476752079966,112.20504261453645,28664000
2021-04-09,112.53561401367188,112.69916467697286,110.87979494335562,111.28520427007233,26146000
2021-04-12,111.24457550048828,111.85267820844336,110.41195454530049,111.71539909018354,25024000
2021-04-13,111.73075866699219,112.17878937240846,111.16675951077738,111.5602733226947,25682000
2021-04-14,111.11024475097656,112.37503044207544,110.81833855373404,112.37503044207544,21002000
2021-04-15,113.25821685791016,113.79099869324847,111.56919891951989,112.1034629731022,29174000
2021-04-16,113.13430786132812,113.70375943501823,112.54800739975896,113.45595676086148,26282000
2021-04-19,113.48172760009766,114.19192938868903,112.51133603226087,112.51133603226087,30290000
2021-04-20,112.94895935058594,113.93967097136371,111.86408150000248,113.8648340768763,22288000
2021-04-21,112.91625213623047,112.99802369437015,111.25448135103781,112.60401833502164,23204000
2021-04-22,111.63610076904297,113.43812268908319,111.03146160989212,112.77004307784593,24146000
2021-04-23,113.98575592041016,114.29253725619483,112.06875636037209,112.35372791548767,29066000
2021-04-26,114.48135375976562,115.2049408288112,113.85639468685825,114.21323110962912,32038000
2021-04-27,113.54218292236328,114.90360767306468,113.30329627508311,114.86296767678486,44386000
2021-04-28,116.91529083251953,120.50049681684617,116.6268481486784,118.57358292629367,81106000
2021-04-29,118.58647918701172,119.1514690453427,117.64928616117751,118.41153205228419,41234000
2021-04-30,116.6407241821289,118.04576113897953,116.29677394223161,117.3603411059262,44856000
2021-05-03,116.1242904663086,118.03088418978086,115.74862381230585,117.20619621264288,28242000
2021-05-04,114.32774353027344,115.22776012242109,111.84228267116542,114.6607889179049,44818000
2021-05-05,114.72123718261719,115.72384428239883,114.39958829572701,115.40814695486216,26636000
2021-05-06,115.84032440185547,115.84032440185547,113.6442970726025,114.30295402461856,25190000
2021-05-07,116.56290435791016,117.52041727105686,116.2769421311953,117.15565548855925,28898000
2021-05-10,113.58036041259766,115.52561297200754,113.2230248324833,115.38386451451022,30914000
2021-05-11,112.5053939819336,113.01190425651544,110.7142769135845,111.16776007410847,34186000
2021-05-12,109.0455551147461,111.41108433707822,108.71697157773784,110.3311599450094,46376000
2021-05-13,110.47241973876953,110.98784598165807,109.36622368361735,110.32769928437514,33204000
2021-05-14,112.91773223876953,113.23194736658283,111.51120550382073,111.93445441533588,31996000
2021-05-17,113.44010925292969,113.48273059092558,111.7842899338685,112.18374776133817,21598000
2021-05-18,112.12922668457031,114.36986421874587,112.11534979452306,114.10570419354653,22204000
2021-05-19,112.57675170898438,112.74971749134802,110.29399964826719,110.44218365077748,23684000
2021-05-20,114.33368682861328,114.58396240325392,113.17248227319268,113.54319564211424,32352000
2021-05-21,113.69831848144531,114.9254439817574,113.45894022703361,114.8520893009021,40632000
2021-05-24,117.014404296875,117.23791673774083,114.58197094605173,114.727182946644,31832000
2021-05-25,117.1051025390625,118.15231234760691,116.7150598583625,117.55758744041395,22440000
2021-05-26,117.96943664550781,118.3996202017259,117.28301841520451,117.28599041375585,21572000
2021-05-27,117.095703125,118.40261134045875,116.77752529481326,118.40261134045875,35224000
2021-05-28,116.8067398071289,117.75929178976516,116.60850070207313,117.67752023857234,21482000
2021-06-01,118.01255798339844,118.23706866867205,116.67937832399878,117.67852195944192,23354000
2021-06-02,117.48772430419922,118.63009113043775,116.58422905839494,118.40756176310758,21158000
2021-06-03,116.34732055664062,116.81517213599709,115.45225740031125,116.25563477530487,18696000
2021-06-04,118.62662506103516,118.89722822455532,117.08231988756026,117.42230750809345,24458000
2021-06-07,119.05927276611328,119.16880566389568,118.00363849834592,118.42192651561601,24120000
2021-06-08,118.86796569824219,119.9127026145582,118.68657547258344,119.54050705313709,24240000
2021-06-09,119.33879852294922,119.58362163847241,118.79164827724793,119.51176430716637,17942000
2021-06-10,120.68635559082031,120.72947604269565,119.13263541543495,119.2882532089619,25904000
2021-06-11,120.44202423095703,121.01295807193074,119.88495971809364,120.92771539665284,21958000
2021-06-14,121.36930084228516,121.36979239425413,119.83738291214934,120.54411364612498,22098000
2021-06-15,120.35231018066406,121.6963871144153,119.99200260970889,121.37374754662788,21562000
2021-06-16,119.71099090576172,120.8147064780467,118.41994111291582,120.5034633601868,26472000
2021-06-17,120.67346954345703,121.44562207681038,119.44089917857585,119.6366654253896,25842000
2021-06-18,119.05531311035156,120.53419632623287,118.96015621393956,120.30027053137374,46116000
2021-06-21,120.74185180664062,120.92770381044767,118.84467309980958,119.44138689425938,27414000
2021-06-22,121.25530242919922,121.32419532611587,119.99993923776582,120.67990683669676,22390000
2021-06-23,121.0535888671875,122.01357468199771,120.76366397043704,121.0203826430331,19148000
2021-06-24,121.42330932617188,121.9739231126459,121.22507021343145,121.6215484389123,21362000
2021-06-25,121.43173217773438,121.55514196023191,120.49652817244363,120.92770239628572,34594000
2021-06-28,121.45899963378906,121.70581164707463,120.33843513053769,121.6002414137362,28526000
2021-06-29,121.19781494140625,121.93974078212915,120.62142867598224,121.59231941946096,23108000
2021-06-30,121.01641845703125,121.18244957571629,120.28787799190353,120.92225223112071,24474000
2021-07-01,121.3683090209961,121.5095508061829,120.4633316053769,120.65512761950698,18110000
2021-07-02,124.15657806396484,124.30179007333106,121.97789880918043,122.06760325950343,25982000
2021-07-06,125.08088684082031,125.31679397061296,123.48750981436791,124.54414234830024,26404000
2021-07-07,125.3624038696289,126.1652822624836,125.04422602412961,126.0443604639968,24060000
2021-07-08,123.94495391845703,124.49160506602671,122.93194096335237,122.93590362834043,23790000
2021-07-09,124.415283203125,124.62938054281378,123.45677959980704,123.92612095804607,18632000
2021-07-12,125.85948944091797,125.95266501095732,124.50698036288892,125.06899821973363,17668000
2021-07-13,126.22224426269531,126.93194687961879,125.56110697237666,125.92190605869182,19240000
2021-07-14,127.10989379882812,128.18982590812473,126.79022621114098,126.83334666215922,23742000
2021-07-15,125.88871765136719,127.56881955771274,125.41789406106274,127.51827289172718,24218000
2021-07-16,125.85403442382812,126.6881376328754,125.04471299684245,126.54094428345613,20424000
2021-07-19,123.48304748535156,125.09574617911319,122.41947279512615,124.98125995365034,27968000
2021-07-20,125.1002197265625,125.92639003741259,123.25755774233703,124.42420720068091,26312000
2021-07-21,126.42794036865234,126.474524368803,124.91584338583961,125.02487717060785,20746000
2021-07-22,127.29275512695312,127.35372269021474,126.37837023776311,126.72033913018305,14302000
2021-07-23,131.8459014892578,132.2265290912767,128.65966157114187,129.28411407867398,41506000
2021-07-26,132.85691833496094,133.0571387651644,131.13864953195989,132.15663081880655,30572000
2021-07-27,130.7406768798828,133.21772036685556,128.9604724988499,133.0705270393317,54710000
2021-07-28,134.89781188964844,137.08145178263484,134.0884905988958,135.11389810308486,95130000
2021-07-29,134.58413696289062,135.4598709630943,134.35170090625724,134.95336061037463,31716000
2021-07-30,133.5423583984375,134.11528112375458,133.07500591131242,133.84814909697133,25576000
2021-08-02,133.6692352294922,134.14699347911008,132.61805515773415,133.92942502207725,21634000
2021-08-03,134.4379119873047,134.53900531485272,132.14771857757245,133.94725240636728,20762000
2021-08-04,133.93785095214844,134.45724743917305,133.30495889893086,134.1598811909161,19676000
2021-08-05,135.0539093017578,135.15155418121662,133.66076068158583,134.48792896807936,17870000
2021-08-06,134.5454559326172,135.27301333831355,134.0216127855547,134.8463008593739,20488000
2021-08-09,135.70962524414062,135.9782545970757,134.14995363195558,134.74766566385927,17760000
2021-08-10,135.60458374023438,136.5615976540386,135.1659681179456,136.1348700275815,19414000
2021-08-11,135.08119201660156,136.47234431331293,135.07375067749174,135.97575592511646,15352000
2021-08-12,135.98817443847656,136.09324556598622,134.23522443439262,134.7803782734539,16506000
2021-08-13,136.5169677734375,136.6448469030297,135.82858330220628,136.04367130953105,15948000
2021-08-16,137.09384155273438,137.14638467025773,134.10980386854092,136.31623668767153,22384000
2021-08-17,135.46035766601562,137.05026370678758,134.88595268488515,136.5392916207769,21716000
2021-08-18,134.2584991455078,135.89945070892185,134.13211736511343,135.30025647796398,19258000
2021-08-19,134.48745727539062,135.1540470600647,133.07003326839052,133.25390393778633,21782000
2021-08-20,136.22158813476562,136.34499035154397,134.06124017107493,134.80464815723616,31194000
2021-08-23,138.81065368652344,139.63632491734674,136.39804086783937,136.75685870008374,28454000
2021-08-24,140.01991271972656,140.83121539533298,139.10502114709683,139.37561670216243,19268000
2021-08-25,140.8302001953125,140.93973307629327,140.13339139116107,140.3801958031804,15848000
2021-08-26,140.19732666015625,141.16572923780748,140.11454932356156,140.50410040730594,20610000
2021-08-27,142.73831176757812,143.2423415908645,140.25334264721428,140.40747821898057,28780000
2021-08-30,143.3196563720703,144.68753203308154,142.89590833586342,143.13082479723923,24434000
2021-08-31,143.4257049560547,143.89553786032653,143.01287695186656,143.8712627569478,22448000
2021-09-01,143.9391632080078,144.96853350536102,143.61008051608152,143.72555741436526,21936000
2021-09-02,142.0276336669922,144.24051010678463,141.92652519793006,143.93968027138507,32342000
2021-09-03,142.4761199951172,142.8879648593255,141.14888450599227,141.82291558838094,19850000
2021-09-07,143.01239013671875,143.29438972638894,142.3567051696293,142.57031097305716,20124000
2021-09-08,142.4280548095703,143.13082285164162,141.74313388446112,142.8334717334425,18344000
2021-09-09,142.27938842773438,143.04212585693128,141.91908838731538,142.5762555754694,15314000
2021-09-10,139.63780212402344,143.4465279342337,139.5010145668301,142.9449634747417,36840000
2021-09-13,141.0814971923828,141.6935625224341,140.00850740514775,140.7018527362788,22094000
2021-09-14,141.29161071777344,142.10292843249584,140.50409923851902,141.73865068075114,19674000
2021-09-15,143.16006469726562,143.18087624925593,140.10515271027106,141.51663270038054,27408000
2021-09-16,142.3477783203125,143.03171616692714,141.14990398479992,142.68528546421356,26190000
2021-09-17,139.56246948242188,142.18917178562248,139.23536813670114,141.7733642211635,53384000
2021-09-20,137.50025939941406,137.77829631791283,135.12384006043985,136.94716512358414,46518000
2021-09-21,137.81100463867188,138.78090469038185,137.06263570579478,138.5211988911411,25332000
2021-09-22,139.05050659179688,139.64870264345097,137.33373489370697,138.07962340432297,25056000
2021-09-23,139.9748077392578,140.45108373468472,139.1674677468827,139.7483157407974,20952000
2021-09-24,140.96502685546875,141.07952064576384,139.00837789075337,139.30326368063228,22984000
2021-09-27,139.8320770263672,140.69096191409616,138.83640458295432,139.56692635866548,21882000
2021-09-28,134.6361541748047,137.87393879510293,134.17028392552325,137.4363214393238,45772000
2021-09-29,133.172607421875,135.94551954942906,132.68840614852857,135.77601734194502,30848000
2021-09-30,132.50106811523438,134.35116361737062,132.3821276786133,133.08143210735338,37996000
2021-10-01,135.3428955078125,135.7071733415619,132.89460362239197,133.2658085579831,35360000
2021-10-04,132.48472595214844,134.7654966784679,129.89816454860028,134.7654966784679,51202000
2021-10-05,134.82745361328125,136.01840082000018,132.86287924921712,132.86287924921712,32404000
2021-10-06,136.3559112548828,136.53928282638935,133.3674114045409,133.56565053252967,24364000
2021-10-07,138.00132751464844,138.81114805651399,137.43236744248404,137.67124657959297,25110000
2021-10-08,138.556884765625,139.097576749606,137.99386876227683,138.3502060903865,26526000
2021-10-11,137.6930389404297,139.47523981927662,137.6385144893524,138.0677224984153,17954000
2021-10-12,135.24972534179688,138.28084658816041,134.56677058487705,138.25407591116456,36332000
2021-10-13,136.3727264404297,136.787051711659,135.3190661491181,136.19479979624697,19654000
2021-10-14,139.910400390625,140.095254191985,137.6048400144252,138.24813789801584,31894000
2021-10-15,140.12547302246094,140.47240282360914,139.51786944318084,140.3698121513104,30274000
2021-10-18,141.5230712890625,141.5409184042978,139.8295917986677,139.83653402400074,20396000
2021-10-19,141.9780731201172,142.39983988575156,141.34667831992454,142.12724781743668,20164000
2021-10-20,140.52294921875,142.28433864697428,140.1338971977449,142.0781590742051,23288000
2021-10-21,140.63893127441406,140.90656241415812,139.26511158996246,140.52295525974566,26292000
2021-10-22,136.35739135742188,139.34737337961698,134.86016945665278,137.926969706927,50588000
2021-10-25,136.23895263671875,136.787086020702,134.23372308873442,136.34104419991752,34412000
2021-10-26,138.0841064453125,138.85178973192788,137.088932875308,138.03950376957854,49236000
2021-10-27,144.93235778808594,147.34347311686153,138.17973449966777,138.17973449966777,85782000
2021-10-28,144.56707763671875,145.8645780331488,143.35581813063857,145.84128603540435,36206000
2021-10-29,146.74478149414062,146.93905794038585,143.37813478343114,143.80286589775253,43320000
2021-11-01,142.23573303222656,146.74476091370184,141.96661973341435,146.74476091370184,46924000
2021-11-02,144.15423583984375,145.32039357899643,143.06687765221287,143.30873631409102,33482000
2021-11-03,145.30950927734375,145.3798843880956,143.3201457071093,144.61813015361963,27494000
2021-11-04,146.96434020996094,148.41745854274853,145.02205961897133,145.83138101023934,38412000
2021-11-05,147.54368591308594,149.00621159465294,146.8944441768872,147.8583849953458,38354000
2021-11-08,147.7211151123047,149.29119236496442,147.12588357863783,148.50812750855306,23052000
2021-11-09,147.609619140625,148.5175685400609,145.9508203469495,147.92135382889896,19530000
2021-11-10,144.61117553710938,146.768558932235,143.26710632236433,146.20356163758896,29970000
2021-11-11,144.4853057861328,146.2387698135398,144.32076445094071,145.20195824365715,16518000
2021-11-12,147.3712158203125,147.54171627859984,144.13293221150644,145.32684378573572,22360000
2021-11-15,147.147216796875,148.2350742445268,146.2779260424359,147.59177639922783,23508000
2021-11-16,146.57627868652344,147.45497691847146,146.01772444610071,146.84737335766715,18904000
2021-11-17,146.7457733154297,147.25376579403348,145.9458745981903,146.72644398004232,19594000
2021-11-18,148.5215301513672,149.25701287000476,146.58470958501508,146.9385664922546,35608000
2021-11-19,147.61752319335938,149.6396012782101,147.59026853190187,148.65729911523493,33682000
2021-11-22,145.01609802246094,148.512589853607,144.86296070061218,148.0199641044775,30594000
2021-11-23,144.50067138671875,145.3709602825968,142.84833094604366,144.86841272271184,27218000
2021-11-24,144.835693359375,144.96405646776765,143.10405430635475,144.19487604589696,18040000
2021-11-26,140.9333038330078,143.28693003446975,140.59579672453097,143.07976736967893,30470000
2021-11-29,144.2513885498047,145.0116454494308,142.6287680714975,142.73433830106399,32596000
2021-11-30,140.65032958984375,144.71676490782465,140.3569260142656,143.73397863340372,42068000
2021-12-01,139.811767578125,144.66771130937158,139.67349778643103,142.73435417388086,34020000
2021-12-02,141.7094268798828,142.60002820764856,138.98210021683846,140.00850599610223,29194000
2021-12-03,140.75340270996094,143.13082014038355,139.06784841754663,142.4181454494306,41230000
2021-12-06,141.8967742919922,142.5881383480877,138.91818113605103,141.7832787246902,30618000
2021-12-07,145.97509765625,146.23430432331102,143.9510381265825,144.31679812363797,32240000
2021-12-08,146.88404846191406,147.0887458286458,145.11921050310966,146.2992377347049,24270000
2021-12-09,146.34085083007812,147.78950718555691,145.8219535305744,146.29376772137593,23270000
2021-12-10,146.70066833496094,147.66808793780228,145.41457182465953,147.39303059375538,24458000
2021-12-13,144.5447998046875,146.66945372410888,144.23851000057718,146.48260348264037,27070000
2021-12-14,142.64215087890625,143.21011265403155,139.9738104375734,142.7026193273764,38446000
2021-12-15,145.1538848876953,145.43142268224105,140.43274769467823,142.148536251989,36370000
2021-12-16,143.17544555664062,146.37903341060957,142.34479835563232,145.8769849184342,33650000
2021-12-17,140.4793243408203,142.57028013813382,140.0580568228629,141.2475064841103,50416000
2021-12-20,140.3623809814453,140.52841967849685,138.09647759296158,138.7695105661895,27192000
2021-12-21,142.2114715576172,142.6044862116724,139.26757475967167,140.8049373737219,28756000
2021-12-22,145.12811279296875,145.2123723601168,141.81004635956177,141.81004635956177,26322000
2021-12-23,145.6251983642578,146.94053073802044,145.16477304721343,145.21235527070144,26384000
2021-12-27,146.60650634765625,147.0401610488901,145.87598451208166,145.96172629853862,15976000
2021-12-28,145.39773559570312,146.99556692664365,144.77080262744354,146.93311713711037,18200000
2021-12-29,145.3660125732422,146.12132376201117,144.3673755989165,145.35560679623677,17788000
2021-12-30,144.91549682617188,146.0053355046696,144.71131371891346,145.40465905246458,15688000
2021-12-31,143.57887268066406,145.40914004664086,143.57887268066406,144.7663412906992,18136000
2022-01-03,143.71714782714844,144.56909064299023,142.44988137611608,143.78008160886833,28646000
2022-01-04,143.13035583496094,145.19752108924183,142.45336015947626,144.1180880032146,28400000
2022-01-05,136.5640411376953,143.22943968889484,136.4778153700128,143.1506401362504,54618000
2022-01-06,136.5367889404297,138.71002316784708,135.35824405520043,135.79437916865325,37348000
2022-01-07,135.8126983642578,137.23161957664905,134.57318602487607,136.93127381706194,29760000
2022-01-10,137.45066833496094,137.59935899474792,131.99406445085538,133.8907438130021,44408000
2022-01-11,138.50784301757812,138.9836351537636,135.4911048937532,136.7940505723078,28730000
2022-01-12,140.1874237060547,141.35457977142337,139.45790011942026,139.9093868006954,26108000
2022-01-13,137.36891174316406,141.59444309970127,137.19246729901857,140.29594448293275,31436000
2022-01-14,138.25457763671875,139.50499514618633,135.79439774836212,135.87418041718718,29662000
2022-01-18,134.8026580810547,135.92619443094736,134.24808168822284,134.97810429036687,34872000
2022-01-19,133.9289093017578,136.74692336638395,133.82879908705206,135.32354033179294,28648000
2022-01-20,132.1358184814453,136.41637384209355,131.79583090485298,135.05246087078947,29908000
2022-01-21,129.20579528808594,133.68011249754008,128.94312507327743,131.42809390052594,55652000
2022-01-24,129.65432739257812,130.04982252537027,123.40573418952586,124.87074048240562,76622000
2022-01-25,125.8193359375,128.26168373746512,125.38866078931534,127.60847923176541,46960000
2022-01-26,128.0971221923828,131.8310108586025,126.0244974232128,129.96654697196033,49130000
2022-01-27,127.87113189697266,131.4865641925573,127.7992594466559,130.14992113768704,31950000
2022-01-28,132.17892456054688,132.18438456774498,127.35569637367115,128.51937364185733,34362000
2022-01-31,134.11427307128906,134.28229308420728,131.04747300112987,132.9828112703711,39986000
2022-02-01,136.43421936035156,136.58191182952572,133.18751085954932,136.38515490873857,68644000
2022-02-02,146.69920349121094,150.21452630254774,144.24348530384265,149.92063870301118,123200000
2022-02-03,141.83233642578125,148.35946558582248,141.41156796467584,144.42485698358425,71518000
2022-02-04,142.03353881835938,143.60163470292892,139.27995591119637,142.18371170014618,57998000
2022-02-07,137.9775390625,142.98215841687698,137.6791745678362,142.98215841687698,54974000
2022-02-08,138.17379760742188,138.7695132466174,135.80976527306845,137.80457400105325,54284000
2022-02-09,140.34750366210938,141.27181794404441,138.95485380934457,139.72453341095786,40144000
2022-02-10,137.401611328125,140.24093608556134,136.74444425283198,138.47559928783693,39330000
2022-02-11,133.10226440429688,137.93341878729322,132.22751362039665,137.38182183921865,39958000
2022-02-14,134.33482360839844,135.10202275464846,132.08527017678978,132.08527017678978,34302000
2022-02-15,135.4078369140625,136.89465323637597,134.62775140934284,136.36137222330987,26680000
2022-02-16,136.5273895263672,136.87232287322377,133.7381120163284,135.44547612196956,25022000
2022-02-17,131.37408447265625,135.90837156390384,131.31411513265346,135.04552392763165,38950000
2022-02-18,129.25685119628906,132.89162828166567,129.05216896587058,132.293916239701,45620000
2022-02-22,128.6725311279297,131.01871597493778,127.09649469482315,128.69680623013534,44990000
2022-02-23,126.4665756225586,130.89034599398542,126.40660629222012,130.49138735699475,32786000
2022-02-24,131.52474975585938,131.83103958734307,123.85526054283336,123.85526054283336,54456000
2022-02-25,133.27772521972656,134.08258496199525,130.5935183573774,132.37820011756196,36406000
2022-02-28,133.86996459960938,134.55834913060832,131.42711758243306,131.88060076108007,38864000
2022-03-01,132.8831787109375,135.0578951055112,132.04760096390638,133.69299913792386,26496000
2022-03-02,133.3887176513672,134.07363858013736,131.90190155372292,133.4447243246417,23520000
2022-03-03,132.72262573242188,135.24029431326773,131.8562994539406,134.81456495195397,24604000
2022-03-04,130.74713134765625,132.6750434625872,129.19192148220066,131.75916874799498,30430000
2022-03-07,125.2677230834961,130.57714191731998,125.18495329978524,130.3323188037654,45112000
2022-03-08,125.98735046386719,130.0964149357728,124.56991874531153,125.14036103345764,40428000
2022-03-09,132.24732971191406,132.56006261647792,128.75876292905036,130.0964043089668,37026000
2022-03-10,131.26553344726562,132.10062719921083,129.76186860445603,130.1122619277312,27102000
2022-03-11,128.72901916503906,132.6195239239846,128.49212139674947,132.31521548383986,31526000
2022-03-14,124.84397888183594,129.26279649048794,124.17392551133625,129.10519737260148,38812000
2022-03-15,128.06243896484375,128.71317811067638,124.61550282436785,125.85996865327388,30920000
2022-03-16,132.1090850830078,132.1611139748442,127.60303518238473,129.58397474034425,35576000
2022-03-17,132.6626434326172,132.90202164574634,131.02317416057818,131.9787056808196,28264000
2022-03-18,134.92906188964844,135.0465201210338,131.09604557963877,132.25179767226226,44566000
2022-03-21,134.90528869628906,135.84545378656605,132.91394338144454,134.96674026176896,26832000
2022-03-22,138.638671875,139.81028984562343,134.905281506743,134.905281506743,35496000
2022-03-23,137.0601806640625,138.36164408850559,136.62356145713596,137.48342965556287,25154000
2022-03-24,140.3276824951172,140.37426649245424,136.53976827528788,137.97652160094876,26396000
2022-03-25,140.4278106689453,140.78662849171081,138.50932109177913,140.6686711405159,24126000
2022-03-28,140.2122344970703,140.75442393883623,138.58267148561245,139.6621045995767,35050000
2022-03-29,141.25299072265625,142.52967985366587,140.79009997554334,141.3937560937845,34318000
2022-03-30,140.6909942626953,141.4661188815676,140.355468407653,141.20791038006732,19884000
2022-03-31,137.84523010253906,140.85900377297975,137.80260875876402,140.80447930729167,37524000
2022-04-01,138.918701171875,139.23637991049796,137.0918971780122,138.27392102017845,25942000
2022-04-04,141.71487426757812,142.4488747295106,139.07726712649293,139.12484935301754,25942000
2022-04-05,139.35531616210938,141.73371683584432,139.14865258935774,141.6132941655978,21418000
2022-04-06,135.34783935546875,138.13561937873442,134.3258953417317,137.53048114777272,32468000
2022-04-07,134.69415283203125,135.95893878121728,133.0477410449295,134.81457550647184,26234000
2022-04-08,132.11598205566406,134.47753332303952,131.796806088126,134.3917915536241,25142000
2022-04-11,127.69123840332031,130.9315035311139,127.53760194851499,130.66487062485646,36884000
2022-04-12,126.59197235107422,130.44332693880528,125.67460792755578,130.44332693880528,32710000
2022-04-13,128.75230407714844,129.18843915155622,126.61822782302634,126.87495402475328,27928000
2022-04-14,125.61613464355469,129.33268319605867,125.48826307957773,129.33268319605867,31598000
2022-04-18,126.55430603027344,127.08559046617161,125.07294248805825,125.88375359295895,20808000
2022-04-19,128.86630249023438,129.187444684176,125.8832479970726,126.5691670682094,26490000
2022-04-20,126.91461181640625,130.24409728114765,126.37936469139383,129.74154970357304,31696000
2022-04-21,123.71746826171875,128.95502227336507,123.43199758034922,128.11398446155997,36446000
2022-04-22,118.58399200439453,124.2998111661898,117.87974172587664,123.9013440203295,56884000
2022-04-25,121.99225616455078,122.19396638087383,117.46936605512546,118.05417670442226,46128000
2022-04-26,117.6071548461914,121.43322887611035,117.46937661496328,121.21962308439458,73054000
2022-04-27,113.28992462158203,116.2115124836764,111.74561980420044,113.46338194294866,91820000
2022-04-28,117.48077392578125,118.59786733984906,113.11201138291597,115.39179910794181,48884000
2022-04-29,113.1065673828125,116.88357727541786,112.81416200788513,115.7084957674143,42676000
2022-05-02,115.55831909179688,115.71938932068893,111.61032511577044,112.4082500446914,35534000
2022-05-03,116.30272674560547,117.4009899974836,115.01464880494734,115.4071644067974,24968000
2022-05-04,121.18641662597656,121.7746984397327,114.10421172565688,116.0028802952593,49916000
2022-05-05,115.48149871826172,119.97515308141593,113.99468267182898,119.1474930563822,45840000
2022-05-06,114.72916412353516,116.53812813658617,113.01338323041298,114.17210723502704,39710000
2022-05-09,111.52210235595703,114.06555074428341,111.01609125808115,112.25460544901141,40802000
2022-05-10,113.3895263671875,115.22822524585031,111.90816300201521,114.49225111759304,39900000
2022-05-11,112.60401153564453,115.34173644656327,112.24123109079025,112.24123109079025,37534000
2022-05-12,111.85218048095703,113.29042361789074,108.85921908657511,110.3985706744424,53836000
2022-05-13,115.03050994873047,116.83897511375179,112.60650825042165,113.52634571820091,35038000
2022-05-16,113.43911743164062,115.14895451492976,112.88850359418764,113.94512859894805,25990000
2022-05-17,115.44927978515625,115.87252867662438,113.8603722292567,115.81355000837539,23054000
2022-05-18,110.9159927368164,114.38572970803413,110.57501446156296,113.98924386906536,35126000
2022-05-19,109.4137954711914,112.01671400842774,109.03316793210402,110.45208919807725,34144000
2022-05-20,107.95075988769531,111.19747519047874,104.86661213566909,110.96701298136465,48962000
2022-05-23,110.50809478759766,111.1617983492407,107.78523742789535,108.6243014393132,37184000
2022-05-24,105.0385971069336,105.52280600519344,100.98900326705386,104.8423393279953,76780000
2022-05-25,104.87506866455078,105.56395993156367,102.94369266973779,104.06276758814788,40258000
2022-05-26,106.84508514404297,107.69454740943145,104.3001467738534,104.74817746889774,37948000
2022-05-27,111.32930755615234,111.33079733654694,108.17923875397253,108.5207160824911,37914000
2022-05-31,112.76211547851562,114.71777381462744,111.0934100457265,111.75553808376368,50012000
2022-06-01,112.89097595214844,116.0722700821291,112.25462032822502,113.84551695037166,36606000
2022-06-02,116.58866119384766,116.86322694132856,111.95376571625201,112.99800337497217,37992000
2022-06-03,113.53425598144531,115.29910878919742,112.52074403003793,115.0423825766906,26136000
2022-06-06,115.79373168945312,118.29802241385896,115.14300011660191,115.6787463489471,33542000
2022-06-07,116.11984252929688,116.65658702589174,114.0407818998257,114.46551304706918,31590000
2022-06-08,116.16394805908203,117.52835256429877,115.57516714354193,115.73524670504767,26108000
2022-06-09,113.82617950439453,117.25923874880715,113.76720083398786,115.3050626696795,25798000
2022-06-10,110.18446350097656,112.28335238911357,109.39595372206405,111.45668305650874,41452000
2022-06-13,105.45738983154297,107.83529887701552,105.18629514776413,105.84792407779678,47252000
2022-06-14,105.77754974365234,106.97592316690826,104.87009945591228,105.5986399557648,33706000
2022-06-15,108.79975128173828,110.44416645951732,106.7231636370719,107.59096455911155,39698000
2022-06-16,105.1015396118164,107.69355345483342,104.21391025532901,106.27860230897124,51684000
2022-06-17,106.2017822265625,107.74410579485648,104.12271420584322,105.10153777233351,51376000
2022-06-21,110.56360626220703,111.50079919576064,107.64548168742688,107.97208392269314,47416000
2022-06-22,110.50760650634766,112.35026079420923,109.41231534981758,109.58478958192295,30774000
2022-06-23,111.25546264648438,111.75156708607098,109.52927601369151,111.2450568706106,28362000
2022-06-24,116.9380874633789,117.04117725395231,111.95973234728507,112.00186213185698,41164000
2022-06-27,114.81542205810547,117.53728158186594,114.16716328582419,117.23347976134313,36420000
2022-06-28,111.02302551269531,116.27842626455549,110.86492729453904,114.78466807841109,35792000
2022-06-29,110.7197265625,112.1659026711125,109.89801049848562,110.57154255312791,24716000
2022-06-30,108.00529479980469,109.91337852535331,105.81174794310992,109.03318289219757,43170000
2022-07-01,107.78177642822266,108.28976888662308,105.79241280402681,106.98434306481707,35476000
2022-07-05,112.26750183105469,112.38049828174634,104.80219643466671,106.15916719622534,39342000
2022-07-06,113.56499481201172,114.57355354870796,110.49620571439615,112.30616050739741,37432000
2022-07-07,117.7389907836914,118.14191973236039,113.82421022402528,114.06854181319488,40936000
2022-07-08,118.3044662475586,118.63304981056329,115.87401417090683,116.21945418412874,38238000
2022-07-11,114.6597900390625,116.9608884830124,114.31683045021927,116.9608884830124,31196000
2022-07-12,113.01834106445312,115.94588075015933,112.69074816289236,115.19354915850505,29960000
2022-07-13,110.3747787475586,113.19229389367698,110.22411430080437,110.71922052622219,43722000
2022-07-14,109.39745330810547,110.11657870733588,107.4204842436842,109.24183551851672,37004000
2022-07-15,110.79505157470703,112.14607830712104,109.92526931854086,111.01609870201857,46770000
2022-07-18,108.07170867919922,112.68084025664578,107.41751350561796,111.64998015183659,43164600
2022-07-19,112.80968475341797,113.01783808815178,108.59703937527189,109.87570205635436,36530900
2022-07-20,112.8989028930664,114.38571897797333,111.49138548098223,112.1753157376498,35600400
2022-07-21,113.33502960205078,113.54319050720274,110.13342322528176,113.27555937905743,32676200
2022-07-22,106.9516372680664,111.35260768410927,105.56394075969678,110.02438896081073,48901200
2022-07-25,106.5650634765625,108.90432131164432,105.36569944827403,107.45715461067633,34690900
2022-07-26,104.09695434570312,106.25779418092783,103.15530711554915,105.66306921649698,47991000
2022-07-27,112.06627655029297,112.90881167432437,107.06066717650027,108.29968052085549,59858500
2022-07-28,113.21607971191406,113.33502014797911,110.48033624736327,111.38234155332044,32816600
2022-07-29,115.2976303100586,115.68420188473884,112.06628125487264,112.08610970412361,37223400
2022-08-01,113.85047149658203,115.6941241637175,113.3350376529,114.28660666241481,26034300
2022-08-02,114.11808013916016,115.32735834983899,112.72047704617064,112.99801481996504,20236000
2022-08-03,117.04216766357422,117.57742237828928,114.46502121528304,114.69299545382555,28499000
2022-08-04,117.15117645263672,117.73598704286326,115.86259972229146,116.44741787485428,21602900
2022-08-05,116.43750762939453,117.07188179335652,114.98042687199114,115.20840863201025,19159500
2022-08-08,116.2690200805664,119.09396911037126,115.85270583222336,117.34943613172396,19138300
2022-08-09,115.60490417480469,116.28884199524232,114.69299212244628,116.11042376218631,19086500
2022-08-10,118.64791870117188,119.85719697468683,117.36926354294056,117.73600666493809,30930400
2022-08-11,117.79548645019531,120.42219655162552,117.51794863944885,120.21404319356567,24293700
2022-08-12,120.61051177978516,120.61051177978516,118.4100229343774,119.20299447658569,19096300
2022-08-15,121.00701141357422,121.2250789907804,119.54993038618566,120.06535665403284,19494800
2022-08-16,120.63033294677734,121.35392004790616,119.57965207888614,120.451914727481,19041200
2022-08-17,118.49925231933594,120.22395696701935,118.3307407385834,119.06424216404282,22847000
2022-08-18,119.1137924194336,119.75808091078403,117.6765398760915,118.38029859169842,17987700
2022-08-19,116.1798095703125,118.10276081994165,115.73376776362055,118.0135479212006,21809500
2022-08-22,113.23591613769531,114.61369850167412,112.84934454275668,114.18747756849332,21456600
2022-08-23,112.8592529296875,113.99914676758455,112.43303201855512,112.48259557937843,15870400
2022-08-24,112.69075012207031,113.77116618601146,111.8779576273456,112.5024176637424,17734600
2022-08-25,115.62472534179688,115.69410978570761,113.1070493505059,113.23590401424377,16956800
2022-08-26,109.37017822265625,114.1081714270705,109.2215026767502,113.71168565920132,37245700
2022-08-29,108.45828247070312,109.97483376444924,107.84373662281749,109.02327231665438,21191200
2022-08-30,107.98250579833984,109.52879220958579,106.8525261036081,109.2016908341797,27513300
2022-08-31,107.2688217163086,109.87570309968547,107.1796088220971,109.67746398729584,28627000
2022-09-01,108.77545928955078,109.47921797382328,106.4163805635808,107.32829258582089,28360900
2022-09-02,106.90209197998047,109.76669082045628,106.31728119024115,109.61800767587104,24160700
2022-09-06,105.87120819091797,107.08048640627771,104.85026242093507,106.35690685927537,25068300
2022-09-07,108.48799896240234,109.01334694156556,105.96041642746357,106.11900619370509,23167000
2022-09-08,107.42741394042969,108.63669221562516,106.21814322757177,107.09040592922442,24238300
2022-09-09,109.6774673461914,110.0144753600422,108.06178903761959,108.11135259840358,23197700
2022-09-12,109.8856201171875,110.6389423756241,108.96379385270278,110.01447478728238,22966800
2022-09-13,103.40311431884766,107.34813678156168,103.17513249867609,106.85253136255602,38172900
2022-09-14,104.0771255493164,104.35466334080722,102.74890681508529,103.65090463743046,26395100
2022-09-15,102.00550079345703,104.34475118044541,101.45041763715635,103.11565198138281,34188300
2022-09-16,101.8964614868164,102.22355526563086,100.05280900693545,101.17287435902635,42797200
2022-09-19,102.16409301757812,102.4218099333564,100.65745598557626,100.85569511319773,23036800
2022-09-20,100.25105285644531,101.4702453845617,99.6364994799985,101.18279336472388,26517100
2022-09-21,98.40740203857422,101.97575922569139,98.39748781362077,100.7763951258115,31487300
2022-09-22,99.25984191894531,100.35017220971649,97.92170894561988,97.95144405755235,34298600
2022-09-23,97.87214660644531,98.7840662370101,96.6133122907774,98.75432356236846,31625400
2022-09-26,97.3071517944336,99.00212116985077,96.94040867838093,97.23776734850438,27072700
2022-09-27,96.64305114746094,99.12107809995993,96.01859107787291,98.55608825728369,30072800
2022-09-28,99.17064666748047,99.81492765776615,96.25648440436291,96.7917391605889,32466300
2022-09-29,96.56375122070312,97.77302956785141,95.11658440664736,97.77302956785141,31047200
2022-09-30,94.8093032836914,98.03073800147999,94.72009038986029,96.19699975151396,32941500
2022-10-03,97.77303314208984,98.4173216774245,95.67166351429726,95.90955955223941,27982000
2022-10-04,100.74665832519531,100.94489744691543,99.49773068381286,99.5572084701991,28850800
2022-10-05,100.53850555419922,101.03411092367425,97.93162403320214,98.95256988434666,22176900
2022-10-06,100.52859497070312,102.0253253581869,99.7058882126134,99.79510111476603,22324000
2022-10-07,97.81268310546875,99.64642159285418,97.43602571983261,98.9723979390633,27502800
2022-10-10,96.99988555908203,98.22898478378026,96.15735792571904,98.12986522026777,18225100
2022-10-11,96.32584381103516,98.37764939517147,95.46348788986556,96.57364645434794,26507100
2022-10-12,96.70252227783203,97.88206553818982,95.88972973231223,96.44481291724789,21876400
2022-10-13,98.1893310546875,98.90300397980121,93.55046460378601,94.31370108960836,34574500
2022-10-14,95.71129608154297,99.80500082627663,95.52297120409693,99.11114884737647,25410700
2022-10-17,99.09133911132812,100.04290051639435,97.96135947016587,97.99109458245891,28419200
2022-10-18,99.88429260253906,102.56056586089902,99.09132863002786,102.22355031177057,24060700
2022-10-19,98.75432586669922,100.13210822606936,98.05056713051532,99.13099079757089,23811100
2022-10-20,99.09133911132812,101.42068284311566,98.51643506587006,99.12107422362116,25323200
2022-10-21,100.24113464355469,100.41955287075776,96.86111011341654,96.98996478104308,32458700
2022-10-24,101.6189193725586,101.84690116488177,99.10125080640549,100.90525400873032,27176400
2022-10-25,103.56169891357422,103.89870692702209,101.81716593632244,101.99558416765885,40611400
2022-10-26,94.09564208984375,97.44593189074804,93.85775361392479,95.58245829842929,88114100
2022-10-27,91.40945434570312,94.59123986812598,90.993147655817,93.68923447770169,60710900
2022-10-28,95.44367980957031,95.70139671064247,91.32023964176592,91.45900853564996,43697300
2022-10-31,93.6793212890625,95.18595815992897,93.1539808509468,94.58131905431053,31675000
2022-11-01,89.67484283447266,95.18597249623339,89.57572326633404,94.61106841375579,47161400
2022-11-02,86.20559692382812,90.37859311828306,86.11638402723818,90.14070466460588,57038300
2022-11-03,82.69671630859375,85.75955401223071,82.60750340529754,85.56131487965403,61288000
2022-11-04,85.81903076171875,85.87850098830332,82.97425311346052,84.64940174408115,51124900
2022-11-07,87.71223449707031,88.11863452220038,86.08664952122535,86.51287043332725,34078900
2022-11-08,88.11863708496094,89.52615453336252,86.8201458615817,88.11863708496094,30429000
2022-11-09,86.55252075195312,88.6538902246859,86.51287141522182,87.67258615584599,31769100
2022-11-10,93.11432647705078,93.56036822352013,90.80480395682011,91.43917813783004,51620100
2022-11-11,95.5626220703125,96.07804827912527,93.09450211535228,93.8577385481565,33090500
2022-11-14,94.85887145996094,95.93929517491121,93.6793357388502,94.2542322610785,30179500
2022-11-15,97.57479095458984,99.25984624445441,95.85999298915897,97.39637271288223,41640800
2022-11-16,97.9811782836914,98.76423566096419,96.78181421845211,97.03953112343324,29105200
2022-11-17,97.4954833984375,98.40739541196346,95.93928292840438,96.11770115386271,26052600
2022-11-18,96.57366943359375,98.03075053295224,95.52298839589072,97.90188828787205,28342300
2022-11-21,94.75973510742188,97.53512790783459,94.5218466726924,96.43488349899745,21647400
2022-11-22,96.19700622558594,96.36551023797273,93.22337397827062,95.10666835170002,23438500
2022-11-23,97.59461975097656,97.89198603203164,96.23665815892174,96.23665815892174,18868100
2022-11-25,96.60340118408203,97.77303020059202,96.5439309575548,97.37654437828832,9701400
2022-11-28,95.20579528808594,96.72234652124172,94.7696601393946,96.18709181030358,26237500
2022-11-29,94.35334014892578,95.27516631640454,93.282830877853,94.88859478446217,20061700
2022-11-30,100.10236358642578,100.15192714493028,93.59010977787369,93.98659555889795,43647500
2022-12-01,100.10236358642578,101.35129114983415,99.36886980705012,100.13209869659357,28687100
2022-12-02,99.55719757080078,99.88429132959538,98.03073230119058,98.1794154073719,21480700
2022-12-05,98.60563659667969,100.48893073993014,98.12985216783164,98.52633793148219,24405100
2022-12-06,96.12760925292969,98.90299445146697,95.57252616335273,98.42721758878601,24910700
2022-12-07,94.10555267333984,96.02849641963317,93.88748509454602,95.56263371133674,31045400
2022-12-08,92.88636016845703,94.73992702719157,92.62864325130393,94.54168033617455,32213300
2022-12-09,92.01408386230469,93.43151535436729,91.93478519757772,92.94581670466732,28225400
2022-12-12,92.48986053466797,92.73766318967445,90.80480550555872,91.89513567511982,29420000
2022-12-13,94.78947448730469,98.65519764693319,94.19474959251662,96.90075807295776,40593700
2022-12-14,94.23440551757812,96.01858788905928,92.77732450792483,94.36326019238705,28733600
2022-12-15,90.06140899658203,92.81697366079501,89.21888137485573,92.31145406282408,40107000
2022-12-16,89.46668243408203,90.52727761063562,88.73318105041864,89.96228779812273,58011800
2022-12-19,87.66266632080078,89.76402791543508,87.43468455943786,89.46666927813943,29493000
2022-12-20,88.23757934570312,88.39617669869548,86.6714720777627,87.33558147815765,23453800
2022-12-21,88.79266357421875,89.42703786905226,87.54373587274237,88.29705818373395,24745600
2022-12-22,86.98865509033203,87.76179824360828,85.56130923053732,87.38514089164586,27658300
2022-12-23,88.44573974609375,88.76292688788996,86.30472086721583,86.34437020523261,23003000
2022-12-27,86.62189483642578,88.15827431100223,86.24523752605165,88.01950543021509,20097300
2022-12-28,85.2639389038086,87.26618870145985,85.18464779721495,86.21550780630535,19523200
2022-12-29,87.6725845336914,88.06907033133078,85.84876045182291,85.85867467640674,23333500
2022-12-30,87.45452117919922,87.52390562395297,85.80910782884277,86.21550783549851,23986300
2023-01-03,88.33670043945312,90.24973739582715,87.74196796868762,88.80256311679109,28131200
2023-01-04,87.30583953857422,89.85325071371112,86.50295373591993,89.55588448127065,34854800
2023-01-05,85.44236755371094,86.80032906609173,85.14500885244108,86.70120949900179,27194400
2023-01-06,86.57232666015625,86.91925640594395,84.1141287068417,86.02716538968608,41381500
2023-01-09,87.24636840820312,89.2585326181373,87.08777861785474,87.58338400149272,29003900
2023-01-10,87.6428451538086,87.89064781997227,85.07561316227476,85.2242962744404,30467800
2023-01-11,90.7155990600586,90.7948977302534,88.22766567198052,88.3961696743914,26862000
2023-01-12,90.32901763916016,91.06251891491691,88.96114975807878,90.67594739282139,30258100
2023-01-13,91.31033325195312,91.37971769910212,89.33781849580512,90.05149141638756,26329200
2023-01-17,90.48763275146484,91.43919419002684,89.2585335052812,91.25086172242439,32602400
2023-01-18,90.31912231445312,91.98435660415667,89.84333784782173,91.3301539078307,29116700
2023-01-19,92.2321548461914,92.78723039529136,89.83341930400117,89.92263219572776,37000400
2023-01-20,97.15845489501953,97.43600020170042,94.18482324160857,94.26412190066026,63191100
2023-01-23,98.91291809082031,99.1607207694037,96.64304464751609,97.08908644403112,40005100
2023-01-24,96.84129333496094,98.73450961634089,96.34568792882023,97.23777917234118,33078500
2023-01-25,94.38308715820312,95.31482766669704,92.9359203962401,94.73000940210903,42330000
2023-01-26,96.6628646850586,96.71242824527482,94.54167438000948,95.65183309275027,30114000
2023-01-27,98.4966049194336,99.4382520111048,96.45470583998284,96.45470583998284,33879800
2023-01-30,96.08795928955078,97.42609210526543,95.55270465079757,96.62321392830401,27226200
2023-01-31,97.97125244140625,98.01090177303531,95.96901034932732,96.01857390444783,29870700
2023-02-01,99.54729461669922,100.30061689425332,96.72234552879351,97.84241093913148,35531100
2023-02-02,106.79303741455078,106.9020711952248,104.68176137141613,104.87009382209624,69883800
2023-02-03,103.85904693603516,106.86241388680193,101.67838660993706,102.02530881240673,65309300
2023-02-06,101.99559020996094,103.44275703327085,100.98455098504732,101.49998482270392,31999600
2023-02-07,106.69392395019531,107.22917865979215,102.2136547117616,102.31277427376001,49010200
2023-02-08,98.4966049194336,102.23346573895768,97.17829294122423,101.15304976140519,94743500
2023-02-09,94.17493438720703,99.15080896730558,92.80705872811015,99.12107385512309,119455000
2023-02-10,93.7387924194336,95.89963197469012,93.42160530867747,94.61105508342865,54980700
2023-02-13,93.7784423828125,94.36325304999363,93.01520592965052,93.90729704786835,50076100
2023-02-14,93.84783935546875,94.01634337742144,91.44911102142065,93.60003665412482,54726100
2023-02-15,96.08795928955078,96.26637750246853,93.32248077049421,93.6594887491517,50169000
2023-02-16,94.6705322265625,96.82145754317696,93.90729578367531,94.53176333918978,42462600
2023-02-17,93.5207290649414,94.72009311770113,92.39074945945416,94.01633442041258,34284100
2023-02-21,90.98323822021484,92.28172191944829,90.91385376824827,92.18260235411577,33629300
2023-02-22,90.84447479248047,91.30043087036597,89.81361461373729,90.89403079696496,30884000
2023-02-23,90.09114074707031,91.13191501658295,88.97107536820448,91.11208656749149,41206400
2023-02-24,88.34661102294922,89.09993330697509,87.80144965033324,88.6538914964404,36585100
2023-02-27,89.08010864257812,89.36756065406263,88.55476061737971,89.08010864257812,27502300
2023-02-28,89.26844024658203,90.42816260421704,88.53494638831793,88.54486061355257,30142000
2023-03-01,89.56580352783203,90.22991291205538,88.88186569379845,89.18914616715412,31111200
2023-03-02,91.1913833618164,91.46892114468274,88.80256197209034,88.87195398014434,32204400
2023-03-03,92.8268814086914,92.90618007780824,91.63742405895086,91.66716673162266,35160100
2023-03-06,94.29386901855469,95.1264899199855,93.1738036755349,93.19362456165446,32639300
2023-03-07,93.03504180908203,94.8291308506661,92.70794044588578,94.14520057401873,27835500
2023-03-08,93.4216079711914,95.11657735157019,93.17380529752776,93.2927533033278,34103300
2023-03-09,91.50857543945312,94.69036101520102,91.09226874258992,93.22337335130082,28813500
2023-03-10,89.83341979980469,91.97443846501345,89.60544558188205,91.35988513059155,35941000
2023-03-13,90.3092041015625,91.75637076191212,88.6340556613181,89.29816499049838,37335600
2023-03-14,93.14408111572266,93.53065272700931,91.62752978493063,91.74647024234909,36050200
2023-03-15,95.26527404785156,96.07806663083456,91.82577123714137,92.40067533695186,50622100
2023-03-16,99.4382553100586,100.30061132579071,94.66062012558537,95.35446457801073,65492000
2023-03-17,100.72684478759766,101.9361156180665,99.22020012817495,99.37879748699346,61028500
2023-03-20,100.33036041259766,100.85570093723516,98.99222731803569,99.24003002304117,32960400
2023-03-21,103.9978256225586,104.17624385241345,100.33034902951017,100.36008414076306,42110300
2023-03-22,102.46146392822266,105.65315637708333,102.4218145884287,103.35354760540243,43427400
2023-03-23,104.67184448242188,105.36569648380548,103.54186493178221,104.136589817013,40797800
2023-03-24,104.51325225830078,104.56280825287806,102.92730918508741,104.06720293308314,30393300
2023-03-27,101.55944061279297,103.83922809504408,101.03410018695052,103.70045921132483,31120900
2023-03-28,100.14201354980469,101.54953089706174,98.86335086819658,101.53962423516843,32057900
2023-03-29,100.49885559082031,101.58918588440255,99.7653617660232,101.38103253800085,28779600
2023-03-30,100.00324249267578,100.27087360474158,98.90299805937673,100.02307094070733,33086200
2023-03-31,102.81829071044922,102.9768804923042,100.1519314693277,100.40964837247186,36863400
2023-04-03,103.4427490234375,103.61125302709605,101.03410672538214,101.49006273887221,25035400
2023-04-04,103.7995834350586,104.65202522333027,103.12555987136325,103.41301187553275,24420100
2023-04-05,103.55178833007812,105.16745913119128,102.74891004200208,104.85027199347772,28290500
2023-04-06,107.46704864501953,108.21045657570562,103.41300102626629,104.3348271628105,48711500
2023-04-10,105.50447082519531,106.6443570965018,104.19607298512094,106.03972551827178,27067400
2023-04-11,104.42405700683594,105.79193276041674,103.75994758109535,105.61351451266003,26311800
2023-04-12,103.72028350830078,105.8117386190125,103.42291728349981,105.643234620716,24370300
2023-04-13,106.48575592041016,106.54522613694265,104.90972712126796,104.90972712126796,24843600
2023-04-14,107.91311645507812,107.98250090468606,105.90095229177238,105.95051585392284,26578000
2023-04-17,105.0385971069336,105.22692955632782,103.60133708165166,103.7401135343835,37571200
2023-04-18,103.58151245117188,105.60358307540247,103.15529157112812,105.55401951819435,26596400
2023-04-19,103.26433563232422,104.05730725261225,102.16409110128505,102.66961069827711,20905700
2023-04-20,104.36458587646484,105.31614733549793,102.95706835762454,102.9967176970432,27820800
2023-04-21,104.48352813720703,105.0683388461455,103.85906052869694,104.54299836188882,25800100
2023-04-24,105.0385971069336,105.69279222417367,103.77975530677848,104.56281265248298,23542800
2023-04-25,102.9372329711914,105.75227538154243,102.92731874642017,104.89983354732145,46664100
2023-04-26,102.79846954345703,105.4152654093067,101.72796008133541,103.99783368510995,53347600
2023-04-27,106.64437866210938,107.41752952779133,102.62997899575107,103.53197699553799,50089200
2023-04-28,106.39655303955078,106.40646726401752,104.16632896179492,106.09919436658583,36139800
2023-05-01,106.25778198242188,107.040839327923,105.88112464606859,105.90094553226093,26681700
2023-05-02,104.39430236816406,106.25777561439764,102.79845266234385,106.1983053970473,30997200
2023-05-03,104.48352813720703,106.54524073699993,104.03747876508014,104.60246858657061,21795400
2023-05-04,103.76985168457031,104.67184949855658,103.05617876315749,104.5628157154331,23419500
2023-05-05,104.64212036132812,104.94939327912539,103.19495354910443,103.89871228613758,26639300
2023-05-08,106.8227767944336,107.0111092526405,104.2357237525446,104.25554463966958,26511400
2023-05-09,106.4064712524414,109.18186434483572,106.24788146671654,107.43733132783537,36360100
2023-05-10,110.76778411865234,111.94732714800676,106.98135994389075,107.02100927521677,63153400
2023-05-11,115.5454330444336,116.88356600068316,113.40442182690181,114.38571831983981,78900000
2023-05-12,116.4771728515625,116.99259909422787,115.08947634268829,115.65446614587465,41102300
2023-05-15,115.48595428466797,117.43864046390988,114.99034896251874,115.08946851448118,36266800
2023-05-16,118.4595947265625,119.68869389632489,115.40666390786913,115.46613413085095,45035600
2023-05-17,119.77789306640625,120.60059973288946,117.84503529559602,118.55870818399895,33323600
2023-05-18,121.75041961669922,122.2261965471798,119.76799809424153,119.8869385456927,35234200
2023-05-19,121.68103790283203,124.86282361046274,121.07639871989548,122.46409532929638,41353400
2023-05-22,123.9509048461914,125.31877293153339,121.66120291685972,121.85944960031794,35253000
2023-05-23,121.4827880859375,123.53459405259528,121.13586583308965,123.06873134867843,34046300
2023-05-24,119.83737182617188,120.83849672292195,118.80651181921867,120.05543938411122,34182600
2023-05-25,122.39470672607422,124.21853087598284,120.88806215130478,123.42555925112126,42317000
2023-05-26,123.5147705078125,124.15905899914881,121.37375168657263,122.08742462698592,35635900
2023-05-30,122.58302307128906,124.55553777083063,120.92770304942592,124.53570932230704,35076700
2023-05-31,121.7900619506836,122.96959754632296,121.42331126767849,121.67111394373497,37325800
2023-06-01,122.6325912475586,123.32643572526102,121.54226097016722,121.74050008884288,30772700
2023-06-02,123.57423400878906,125.04122914675051,122.67223621986325,122.90021044199662,26980100
2023-06-05,124.90245819091797,126.30997552224953,122.75152529744679,122.92003685811163,32305500
2023-06-06,126.1910400390625,127.16242235359813,124.25818207275529,124.90247058230369,26638300
2023-06-07,121.42330932617188,127.90582057329998,121.04665198703012,125.85402231319067,52539000
2023-06-08,121.06646728515625,122.1468908180321,120.1743761943269,121.15568017540772,29389200
2023-06-09,121.15569305419922,122.67224428864927,120.83850591733605,121.17551394173034,23778300
2023-06-12,122.55329132080078,122.95969134096524,120.59069835405128,121.7107637315462,28306400
2023-06-13,122.74163055419922,124.05994268348793,122.09734204600761,123.881524443717,22278300
2023-06-14,122.58302307128906,122.95968796986351,120.38253415008784,122.01803328576474,30592300
2023-06-15,123.99054718017578,124.35729787447553,121.32419544608322,122.05768927234496,35246300
2023-06-16,122.44425964355469,125.00158512889624,122.19645696231628,124.82316689591107,45535600
2023-06-20,122.01803588867188,123.47511683040602,121.06647452234982,121.84953188431368,26097500
2023-06-21,119.49046325683594,121.58191861992594,119.0444138658092,121.32420169815525,30306300
2023-06-22,122.06758880615234,122.1567941316219,117.78555924986613,118.94527385499144,26952200
2023-06-23,121.26470947265625,121.71075881058304,119.99596102780514,120.31314813901791,34913600
2023-06-26,117.29988098144531,120.92771609419343,117.23049652880282,119.69861683495303,33969900
2023-06-27,117.28997039794922,118.03337846384325,115.07956708792895,116.0509569547925,39535900
2023-06-28,119.12371063232422,119.33186398652833,115.82297695350607,116.06086542083392,27091400
2023-06-29,118.05318450927734,119.00474580650618,117.26022054275512,118.19195339247716,24090900
2023-06-30,118.64791870117188,120.01579431786013,118.63801203897671,119.1137889438215,29532200
2023-07-03,118.84618377685547,119.13363583409986,117.77567423173956,118.19198097850506,14467900
2023-07-05,120.6799087524414,121.5323506020042,118.18206099111318,118.19196765372497,27584800
2023-07-06,119.05431365966797,119.24264610609485,117.35934432883768,118.74704077325545,24745200
2023-07-07,118.42985534667969,119.98605581142945,118.35055667733691,119.04440112824291,21709500
2023-07-10,115.42649841308594,117.27015116641755,115.11922547497684,117.26024450297683,35315200
2023-07-11,116.11043548583984,116.6754253538412,114.3361672008402,115.26790779669236,23078800
2023-07-12,117.88468933105469,119.27238582914387,117.36926309239514,117.75583466197419,30404400
2023-07-13,123.44538116455078,123.73283317428397,119.3913254796749,119.86710994186647,44297900
2023-07-14,124.3176498413086,125.6656970596948,122.4046128006824,123.703104019214,33283100
2023-07-17,123.5544204711914,125.98288376353565,123.10837110000271,124.83308323552517,25716200
2023-07-18,122.6722412109375,123.58415326124799,121.87926960750545,123.50485458843724,26193600
2023-07-19,120.95743560791016,124.07975069881186,120.72946139106028,123.50484670115512,37224000
2023-07-20,118.1523208618164,122.9993409263446,117.18093854128094,120.35280998310415,37906800
2023-07-21,118.96512603759766,119.92660179751418,117.68647066212019,119.55985861320625,72937900
2023-07-24,120.46184539794922,121.91892646074687,119.91668400402355,120.59070763979601,29686100
2023-07-25,121.1358642578125,122.06760477820553,119.95632105113091,120.29333663689901,52509600
2023-07-26,128.13385009765625,129.82881243641694,127.19220267338036,128.9268219219284,61682100
2023-07-27,128.26266479492188,132.0689255635858,127.6580256334022,130.5127174287312,44952100
2023-07-28,131.41470336914062,132.56451129686621,129.42237550489725,129.6305212614067,36591200
2023-07-31,131.55349731445312,132.35637563474472,130.62175675151056,131.56340397747383,28055500
2023-08-01,130.39376831054688,131.4642776626303,129.53140473197496,129.63053185009693,23166800
2023-08-02,127.25164794921875,128.94660995546266,126.43884782950762,128.31223564543208,26273300
2023-08-03,127.32100677490234,128.25274721907638,126.30006100088384,126.84522989105743,20089500
2023-08-04,126.9840087890625,130.35411926269438,126.78576966555633,128.14372354248303,26147200
2023-08-07,130.3739471435547,130.45324581754625,127.8860136363558,128.02478253467217,22746300
2023-08-08,130.24508666992188,130.35412045755103,128.4014340675314,129.47194349388803,23535200
2023-08-09,128.52040100097656,130.87947251276492,127.86619821738373,130.50282267876545,24912900
2023-08-10,128.55010986328125,130.88936757032903,128.31221386564667,130.16578804061726,20857800
2023-08-11,128.42124938964844,128.78799249024013,127.04346719118266,127.52916585454872,19591100
2023-08-14,130.17572021484375,130.2153619932151,127.82655538590826,128.2527687832776,24695600
2023-08-15,128.63934326171875,130.26492845526437,128.14373783533682,129.94774884721215,19770700
2023-08-16,127.56880950927734,129.13492417430865,126.7461104050344,127.56880950927734,25216100
2023-08-17,128.77809143066406,130.82990482519432,128.15362385412445,128.6591509873898,33446300
2023-08-18,126.33971405029297,128.1139820986366,125.26920468665479,127.38048074077112,30504800
2023-08-21,127.24170684814453,127.59854328866702,125.44761798387218,126.06217131195805,25248700
2023-08-22,127.94549560546875,129.13494557517706,127.19218082041144,127.38049817316805,22054900
2023-08-23,131.20655822753906,132.23742584663677,128.72853142638633,129.03580432978123,27819700
2023-08-24,128.63934326171875,133.07005698354735,128.43119745245764,132.77269070278274,28500700
2023-08-25,128.7384490966797,129.61070421801392,126.13156014533209,128.40142596774677,26762900
2023-08-28,129.85850524902344,131.3750563736932,128.99615680059247,130.15587147682967,20543300
2023-08-29,133.38722229003906,135.36964355822954,131.0776996976363,131.0776996976363,43075600
2023-08-30,134.6857147216797,135.08219295170898,132.89162577508347,133.59537690208668,28315800
2023-08-31,134.97317504882812,136.78709265772878,134.59651009871462,134.81457768828804,30053800
2023-09-01,134.46766662597656,136.25184916877205,133.66478826288787,136.25184916877205,21543700
2023-09-05,134.57666015625,135.22094096171622,133.39711718576547,134.2495588608883,19403100
2023-09-06,133.27821350097656,135.33001203337403,132.49514848342264,134.8244999600997,18684500
2023-09-07,134.07115173339844,134.38834641226532,131.78145747227418,132.41583170533318,18844300
2023-09-08,135.1813201904297,135.45885797662925,133.66476902845534,133.7242392505445,23558300
2023-09-11,135.71658325195312,136.27165888953823,134.59651018881954,135.33991830158746,20763400
2023-09-12,134.1504364013672,135.6669873803092,134.00176086408786,135.0623483209179,18405500
2023-09-13,135.50840759277344,135.69672490178635,132.97089575556973,133.90263613822427,20749500
2023-09-14,136.88619995117188,137.48091727999335,135.04254749494362,136.3905946148167,24751000
2023-09-15,136.19236755371094,137.30253401342628,135.28045536783313,136.7672716735491,38919600
2023-09-18,136.99526977539062,137.9369171372902,135.40932623190187,135.40932623190187,21861300
2023-09-19,136.82672119140625,137.1934794427395,135.41920378337616,136.21217538464424,20353700
2023-09-20,132.56454467773438,136.86639614180442,132.44558909081576,136.86639614180442,29927500
2023-09-21,129.2935333251953,131.06779392210422,128.9267901856762,130.284744080372,31503900
2023-09-22,129.10519409179688,130.86954793351885,128.4609131845869,129.61070610554586,26397300
2023-09-25,129.9576416015625,130.0171118264149,127.82654454608127,128.6888930557924,20094600
2023-09-26,127.43997955322266,129.21424022670868,126.10183892610962,128.6294294858362,25718700
2023-09-27,129.3926239013672,129.74946031913365,127.43995295168975,127.43995295168975,22746500
2023-09-28,131.1470947265625,132.12839883500152,128.64923934805705,128.69880291155567,22513100
2023-09-29,129.70985412597656,132.87181919862218,129.2142486945193,132.10858259926832,30859800
2023-10-02,132.99075317382812,133.23855587746678,130.01712073016435,130.0567776325655,22288000
2023-10-03,131.26602172851562,133.0799390690274,130.68121106331455,132.76275951955418,22989400
2023-10-04,134.05136108398438,134.37846248014134,131.36517301991339,131.62288239657767,26752300
2023-10-05,133.8828582763672,134.29916502309197,132.27708639651163,133.8828582763672,19832600
2023-10-06,136.37075805664062,136.94566202758472,132.83212890565903,132.83212890565903,27597600
2023-10-09,137.20339965820312,137.71883351864395,134.41809967864563,135.73641188198502,19278100
2023-10-10,136.8465576171875,138.4919711389079,136.12297798401696,137.28269277954,27786600
2023-10-11,139.31466674804688,139.86974231945385,137.36198046134194,137.36198046134194,25884300
2023-10-12,137.7485809326172,139.9788054729924,137.04481453390707,139.81030143379212,24765500
2023-10-13,136.1527099609375,138.7695057500951,135.4192085570894,138.15495992166953,23420500
2023-10-16,137.87741088867188,138.4027513362433,136.7771664348634,136.9555770964501,28501900
2023-10-17,138.49195861816406,138.6703692822643,135.97427499935674,137.41154259753543,23515800
2023-10-18,136.7474365234375,139.48317264449588,136.17253249534386,138.22433080496884,23375000
2023-10-19,136.53927612304688,138.4324922204464,136.17253299803895,137.28268416001447,26066000
2023-10-20,134.40817260742188,136.65820993362706,133.89273882524216,136.1229628278564,26335700
2023-10-23,135.30027770996094,136.45008589771163,132.77268707945487,133.85310324956066,26317900
2023-10-24,137.5899658203125,138.13513477372655,136.21218344241674,136.6185834917505,44814300
2023-10-25,124.50597381591797,127.18223962045136,123.97071914254384,127.03356406868409,84366200
2023-10-26,121.20523834228516,123.23722322101568,120.20411345783874,122.18653477861498,57061100
2023-10-27,121.0962142944336,122.22619393308011,119.15344215145646,121.79997301237394,44566500
2023-10-30,123.3660888671875,124.29782939084916,121.6711193945083,122.12707543139821,28940100
2023-10-31,122.98941802978516,124.26808066290327,121.61163584513152,123.96080022210504,26292300
2023-11-01,125.33860778808594,125.37825712919663,122.63260642774407,122.97952870953937,30082400
2023-11-02,126.36946105957031,127.8463630140724,125.81438543905156,127.29128739355363,27124600
2023-11-03,127.9653091430664,128.39152248996186,126.73620241363211,126.8947997576898,26393100
2023-11-06,129.10519409179688,129.19439942516289,127.53907936577991,127.91574427289191,19052700
2023-11-07,129.81887817382812,130.75061873492334,128.7384620443353,129.5611688137135,29757300
2023-11-08,130.6812286376953,131.04798691958564,129.63054760646278,129.81888007898115,26425800
2023-11-09,129.0952911376953,131.38498550790692,128.92678712827234,130.80017480614322,23747800
2023-11-10,131.42462158203125,131.63278248151076,128.27257885187583,128.95651664701234,26913300
2023-11-13,130.92901611328125,131.42462145714984,130.09640276550397,130.62174322003068,18324800
2023-11-14,132.44557189941406,134.50729201715737,132.1482207824069,133.01056927107837,32395200
2023-11-15,133.43678283691406,133.84318286371249,132.3960236763613,133.68458551793623,23861500
2023-11-16,135.7264862060547,136.0139458049548,133.13944056401175,134.0017891113594,28013200
2023-11-17,134.12074279785156,134.86415096364382,132.47532909430868,134.8046807303289,37240600
2023-11-20,135.05245971679688,135.45885973926121,132.44557070034907,132.5149627101394,27815500
2023-11-21,135.76614379882812,135.9742895959558,134.76502634077858,135.09211259340776,22635300
2023-11-22,137.27281188964844,138.19463082659382,136.26177247116073,136.26177247116073,17813900
2023-11-24,135.48858642578125,136.9159321844401,134.7947419943983,136.81680506938213,12514300
2023-11-27,135.21104431152344,137.20337221294994,134.8046443273795,134.83437943600723,23436500
2023-11-28,135.99411010742188,136.0436736692128,134.2297562053289,134.8839589217478,18730000
2023-11-29,133.80355834960938,137.0745420613024,133.6548676470105,136.36088416260156,23967200
2023-11-30,131.3651580810547,134.35861874891418,130.1261446568203,133.8630133792204,38988300
2023-12-01,130.7010498046875,130.94885249162763,129.52150659490437,130.7010498046875,31442300
2023-12-04,128.13385009765625,128.88716501214105,126.7758883063506,128.7384894121373,36669900
2023-12-05,129.8386993408203,130.97858563372688,127.1227764879299,127.81662097598935,27384800
2023-12-06,128.8772430419922,130.6812389814121,128.73847412357526,130.28476067870028,23576200
2023-12-07,135.7264862060547,137.34216463354636,133.5160903794074,133.8530984180632,56767100
2023-12-08,133.80355834960938,135.20115415610408,132.85198927687938,133.02049330674961,32260100
2023-12-11,132.1184539794922,132.16801753433697,130.20542478480553,131.21646382988015,31138000
2023-12-12,131.35523986816406,131.8310167463247,130.10630476656524,130.6514736502255,29032800
2023-12-13,131.40480041503906,132.3266190406473,130.4135897855211,132.20767860500078,30104800
2023-12-14,130.7803497314453,132.54470366937534,128.55012552763398,132.20769564183271,38722400
2023-12-15,131.4345703125,132.33656072935105,130.02703753632088,130.46317274869438,50847100
2023-12-18,134.60643005371094,135.94455556276986,131.26603936328306,131.46429362359686,32258000
2023-12-19,135.4489288330078,136.26172882321336,134.88394662917216,135.63726127584442,25476800
2023-12-20,137.12408447265625,140.45455302635412,136.85646847368653,137.74855205293554,49107200
2023-12-21,139.18580627441406,139.4534374013907,137.9566995474428,138.26398757269197,27488300
2023-12-22,140.2464141845703,140.74201955858857,139.4732710110759,139.53274123600997,26532200
2023-12-26,140.27613830566406,141.42593118854055,139.94903696948103,140.3455151877592,16780300
2023-12-27,139.13624572753906,140.83122273553664,138.6604688106895,140.34552403156647,19628600
2023-12-28,138.99749755859375,139.89950308990763,138.52172057079167,139.5426665678866,16045700
2023-12-29,138.4622344970703,139.12634389616656,137.56022906895078,138.40276427098348,18733000
2024-01-02,136.95556640625,138.2243147607485,135.2804180769598,137.33223127309824,23711200
2024-01-03,137.69898986816406,138.4027561263541,135.87516579367383,136.04366979922918,24212100
2024-01-04,135.19122314453125,137.93688094484938,135.15158137245075,137.20337960162615,27137700
2024-01-05,134.53701782226562,135.9544569222083,133.9621138280285,135.54805692417742,22513900
2024-01-08,137.61972045898438,137.78822450036924,135.06239447123863,135.09212958885487,21404000
2024-01-09,139.71116638183594,140.24642871103555,136.93577297492843,137.28270282254584,24759600
2024-01-10,141.02944946289062,141.74312233778207,139.67149571815168,139.76070104634456,21320200
2024-01-11,140.83120727539062,143.94360802981913,139.40386155685738,142.22881788517725,24008700
2024-01-12,141.39620971679688,141.9413786630196,140.57351809075055,141.4160381670257,18785500
2024-01-16,141.23764038085938,143.08129317884888,140.20677262032902,140.7519416163136,22670500
2024-01-17,140.22657775878906,140.59332087480647,137.67915902138483,140.1076373156861,20968600
2024-01-18,142.21888732910156,142.94248192977855,140.74199327018036,140.80146348400635,25746400
2024-01-19,145.0934295654297,145.16280645077472,143.11100813182492,143.4678445948608,34271900
2024-01-22,144.70687866210938,147.0857786723887,144.55818795854353,145.80712331991597,32200400
2024-01-23,145.74761962890625,145.88638852663772,144.22116175386006,144.60773333501743,21636100
2024-01-24,147.3930206298828,148.53292195218594,146.79830331468807,147.2344232959612,25233500
2024-01-25,150.53517150878906,151.70480805664835,148.225648650222,148.7510042615379,29149100
2024-01-26,150.85235595703125,151.19927062056652,149.68271948865382,149.77193994469403,26115500
2024-01-29,152.16073608398438,152.42836718497855,150.0990161895496,150.72348371697814,27784300
2024-01-30,150.1287841796875,152.26978786685433,149.86115304703833,151.4570029311418,36331800
2024-01-31,138.86863708496094,142.73435309816574,138.6406477145511,142.35768815981584,71910000
2024-02-01,139.91928100585938,141.8025749490075,139.55252282770522,140.87083463777782,40466500
2024-02-02,141.12860107421875,141.3664819906908,135.3002766258251,138.0360130379911,62499600
2024-02-05,142.4171600341797,144.1914358303926,141.5250763668689,141.56473326856243,38505400
2024-02-06,142.83346557617188,144.08238559279584,141.93146022405054,143.37861935248668,29128200
2024-02-07,144.2607879638672,144.3400866289689,142.66493824979582,143.4876448849679,25208900
2024-02-08,144.6275634765625,145.0438701746272,143.82468519281807,144.54826480197747,22563800
2024-02-09,147.69036865234375,148.12650370455327,144.89514770391304,145.39075296784708,26829500
2024-02-12,146.2333221435547,148.02741119835667,146.07472479210762,147.11549911454978,21564100
2024-02-13,143.86431884765625,145.3808699923918,142.42706637302987,143.6462512860247,27837700
2024-02-14,144.6572723388672,145.2321762817776,142.82352674295169,144.79604121304055,22704200
2024-02-15,141.5151824951172,142.25859065996383,139.22548776733797,141.88192568321128,37590700
2024-02-16,139.28494262695312,141.93147358673406,138.9082776917751,141.73323445625792,31468900
2024-02-20,139.87965393066406,140.83122289008293,138.26399071915645,138.43249472896153,25144700
2024-02-21,141.29708862304688,141.43585751636738,139.44351432516038,140.20675080076072,23223300
2024-02-22,142.82354736328125,143.7255527379726,141.5448922041246,143.65616072853092,27191900
2024-02-23,142.6947021484375,143.40835995334845,142.16934655124388,142.40724256933106,19493800
2024-02-26,136.36087036132812,141.18806188186093,136.18244456120365,140.89069563143732,53641800
2024-02-27,137.6593780517578,138.0261212539718,135.88510202685993,136.80693605159354,33099200
2024-02-28,135.1813201904297,136.796983347661,134.21984460085443,136.68794956560583,37328600
2024-02-29,137.24302673339844,137.63950492469195,135.2011201866837,136.07339035713764,42133000
2024-03-01,135.9346466064453,137.64943703156058,135.7165790235201,137.21330186571015,31151100
2024-03-04,132.17794799804688,134.46764221027212,130.75060222297805,134.46764221027212,55999400
2024-03-05,131.50392150878906,132.06891886657937,129.5215001124862,130.72087171210643,40194800
2024-03-06,130.24508666992188,132.4059339725702,129.6999328564518,131.94997037211849,35318600
2024-03-07,133.19888305664062,133.75395856347797,130.45322550531313,131.6228467340528,37738200
2024-03-08,134.21981811523438,136.8762550088564,132.82220767322912,133.03036853413985,39370400
2024-03-11,136.45997619628906,137.8774153719074,134.93351836260592,134.93351836260592,32437800
2024-03-12,137.28268432617188,138.15495459716567,135.82560336197784,135.82560336197784,27563400
2024-03-13,138.56137084960938,139.8499480984224,137.76841419619703,137.77832086072715,23347200
2024-03-14,141.84226989746094,142.3279535040784,139.22547402056372,139.9490536613269,42753400
2024-03-15,139.93914794921875,141.92156975413536,138.79926146126292,141.2475536003092,49475400
2024-03-18,146.38198852539062,150.81270155253688,145.87647651462308,147.3038223387608,69273700
2024-03-19,145.73770141601562,147.4822267241883,144.7960543185626,146.85777429622541,24070400
2024-03-20,147.4326934814453,147.55163393242162,145.45027196690233,146.6991920761811,21311500
2024-03-21,146.30270385742188,149.04834657827197,145.60884427485487,148.15626300736415,24755600
2024-03-22,149.44485473632812,150.24773305463123,147.6705789560528,147.8093478613808,29211800
2024-03-25,148.75103759765625,149.058310578552,146.52081291410806,148.62217533159836,19229300
2024-03-26,149.34571838378906,150.92173980939236,148.66178056238658,148.89967658168865,22149100
2024-03-27,149.5439453125,150.30718174477965,147.59125913003174,149.85121819279237,22879200
2024-03-28,149.60340881347656,150.09901411418988,148.8500942012748,149.5241252750751,24485400
2024-04-01,154.1233673095703,154.3711700008442,149.28625393600836,149.3655526121771,31730800
2024-04-02,153.2015380859375,153.34030699227824,150.8127164395867,152.1508570629753,24586000
2024-04-03,153.558349609375,153.716946940742,151.3875959008957,152.2499594372824,24705000
2024-04-04,149.2069549560547,153.40969403638587,149.1276562800474,152.1508521323684,34724700
2024-04-05,151.1596221923828,152.07153416376286,148.28511739400383,148.71133070821097,23459200
2024-04-08,153.48898315429688,153.9052898339039,151.26866573838439,151.4371697426533,20702000
2024-04-09,155.22360229492188,157.16636680492698,153.825991572372,154.71807515609422,31079500
2024-04-10,154.76763916015625,155.23350940234246,153.3204648733208,154.8370311694787,22838600
2024-04-11,158.0089111328125,158.27652714867145,155.08484241109738,155.53088422887154,27166400
2024-04-12,156.34365844726562,158.81177851890706,155.758847768036,156.57164779653132,25353700
2024-04-15,153.49891662597656,157.840425096068,153.23128545495894,157.46376012387117,27136500
2024-04-16,153.0429229736328,154.28193632388786,152.08144740386092,152.8347772006078,20779500
2024-04-17,154.10353088378906,155.69938073798713,153.22135395349792,154.25220644098835,21763100
2024-04-18,154.63877868652344,155.5606125191913,153.26099639334586,153.97466932035476,19883000
2024-04-19,152.7356414794922,154.98569383172432,150.96138111672357,154.82709650190313,32615600
2024-04-22,154.9064178466797,156.2544650981797,152.70592872842704,152.95373142080075,26446200
2024-04-23,156.86898803710938,157.572754235579,154.90639523489975,155.58042632459905,21151600
2024-04-24,157.73133850097656,158.16747355971557,155.78855918241348,156.10575381592278,22779100
2024-04-25,154.62887573242188,155.11457444082362,149.5439597867095,149.99992338282905,57109700
2024-04-26,170.4386749267578,173.17442610783888,168.1588873174152,172.83740297886922,64665300
2024-04-29,164.6896514892578,168.05977693862212,163.75792613748897,167.57407825152322,45610000
2024-04-30,161.34927368164062,166.62252177219705,161.17086301864083,164.15440172797688,33562900
2024-05-01,162.4197998046875,165.65114151829926,161.656563265471,162.8559349699541,33493200
2024-05-02,165.15550231933594,165.26453608833387,162.4495016656074,163.34158513946463,24294500
2024-05-03,165.7700958251953,166.48376879475936,161.61692024874446,166.08727540907034,34662400
2024-05-06,166.62254333496094,166.66218511253274,164.57072969688807,165.98816902107558,21871300
2024-05-07,169.7448272705078,170.25033926742327,166.90996414876957,167.01899792747776,28039700
2024-05-08,167.8912811279297,168.65450251317668,167.2569068549834,167.51461620426056,19569100
2024-05-09,168.46617126464844,169.18975081513116,166.70180236639047,167.90117392580035,15346700
2024-05-10,167.1676788330078,168.35714377508077,164.72930897604326,166.55313303769844,29799900
2024-05-13,167.6533660888672,167.79213497268913,162.55854403329832,162.81625335334653,31327600
2024-05-14,168.84283447265625,169.7448398794561,167.3163765820282,168.27785221350925,25127100
2024-05-15,170.99374389648438,171.13251278258656,169.01132259521063,169.13027815806552,26948400
2024-05-16,172.64907836914062,173.58081887894542,171.17218405543662,171.7669014209654,27867900
2024-05-17,174.51254272460938,174.72070361370632,172.16337834950676,172.64906188294287,24479300
2024-05-20,175.364990234375,177.1987360270171,174.53237690001112,174.64141067889267,22554400
2024-05-21,176.28683471679688,176.584185836624,174.2647563539197,175.34517242175946,16989400
2024-05-22,174.82977294921875,175.5929944069066,173.6700580803842,175.08748232295628,17880000
2024-05-23,172.02462768554688,176.68331515847908,171.42989518914035,175.5136937401354,21024900
2024-05-24,173.45196533203125,174.22510846580246,172.12373150315187,173.44204354526818,16579400
2024-05-28,174.8495635986328,175.7119272031069,172.83740706265183,172.9167057345963,20572200
2024-05-29,174.3539581298828,175.2856986187846,173.1843367499764,173.88808788543193,23388700
2024-05-30,170.5972900390625,173.67995620758435,170.28009532573515,173.6601277568323,22931500
2024-05-31,170.98387145996094,171.53894711547682,167.95076868183696,170.34949712156035,37638900
2024-06-03,171.64794921875,172.99599632951654,169.6556212249439,171.02348165926512,27459100
2024-06-04,172.26251220703125,172.3219975576634,170.37921780326457,171.7570001617278,26879600
2024-06-05,173.8682861328125,175.09737781727256,172.40128329216327,173.6601252146541,22068500
2024-06-06,175.17666625976562,175.59297294708358,174.2052839893571,174.35395954744376,23251000
2024-06-07,172.92662048339844,176.3066373799981,172.7680231459644,175.4938524938292,19661400
2024-06-10,173.67088317871094,175.70520037025813,171.43809934111798,173.63119590631558,23726700
2024-06-11,175.26856994628906,175.48688780612986,172.44038608531787,174.87163664223397,21540600
2024-06-12,176.4296112060547,179.0295742492246,174.76247320161096,176.88609812176736,27864700
2024-06-13,173.81973266601562,175.38764480431132,173.5418763520932,174.76246052696914,20913300
2024-06-14,175.43724060058594,175.7051788680774,172.8174418240933,172.8869134698266,18063600
2024-06-17,175.88381958007812,176.99524483970762,173.47240531751984,174.1174408030097,19618500
2024-06-18,173.75027465820312,176.03267896636487,172.76785945042823,175.78459187073935,21869900
2024-06-20,174.95098876953125,175.93340378585566,173.65101506451455,174.02809707979702,20160100
2024-06-21,178.2555389404297,179.466205138687,175.2586426839211,175.645657934706,57759000
2024-06-24,177.84864807128906,179.5058677711299,177.30285352534577,178.7814578148954,18298000
2024-06-25,182.6218719482422,182.87987707702328,178.04714529101605,178.24561193946573,23130200
2024-06-26,182.47300720214844,183.0981763241254,181.0837105201297,181.23257184786374,19839000
2024-06-27,183.99131774902344,184.62642010992184,182.61195409916436,182.77071833286294,18848900
2024-06-28,180.75624084472656,183.71344974735644,180.56770738280355,182.90965002904287,29156600
2024-07-01,181.58981323242188,182.4730025766031,179.91274225321607,181.62950050025836,16006100
2024-07-02,183.82261657714844,184.15009335463083,180.17076672022137,180.65702287018632,17372500
2024-07-03,184.3981475830078,184.66607069153503,182.59206661247012,183.43556862917737,10242100
2024-07-05,189.14158630371094,189.3995914027585,184.37831157968466,184.43785005315465,20967500
2024-07-08,187.58358764648438,188.71486404073931,186.34315233953677,188.4469257746695,21035900
2024-07-09,187.53396606445312,189.89575971995774,187.27596097330996,188.85379104005673,15121400
2024-07-10,189.71714782714844,190.28279364749721,187.5836049591009,187.7026819141074,15952500
2024-07-11,184.1501007080078,189.39961710579536,183.66384453862594,188.39735066829172,25625800
2024-07-12,183.65390014648438,185.67828393880026,183.0783363373865,183.66381817797418,22898400
2024-07-15,185.1027374267578,186.79965977611926,183.50505596969933,183.50505596969933,16474000
2024-07-16,182.5126953125,187.23626771226316,181.9669007256916,185.92637584595624,18290700
2024-07-17,179.6348876953125,182.14552760174087,178.52344733868037,181.569963789314,20734100
2024-07-18,176.3303985595703,181.10359218286982,175.1197322388206,180.53794629801195,25315700
2024-07-19,176.30059814453125,178.91046381081307,175.77465477022162,177.51126425121495,18881900
2024-07-22,180.27993774414062,181.30205541728276,178.8509535799711,179.20819962101348,24100300
2024-07-23,180.39898681640625,182.20506795075516,180.15089974687697,180.65700705961783,36352700
2024-07-24,171.30909729003906,174.84185492699467,170.5052975643539,172.2716763828317,49585200
2024-07-25,166.00003051757812,172.09304877138803,165.9107228003057,171.19994131459546,44852000
2024-07-26,165.72215270996094,166.80380863547714,162.8046465209646,165.87099888612107,41336900
2024-07-29,168.23280334472656,169.12591074335177,166.70459365013758,167.53816257445885,20293800
2024-07-30,168.98696899414062,169.9197787286118,167.1511339019872,168.9373636975669,18959700
2024-07-31,170.22743225097656,172.91670298864665,168.7091404604878,171.91443658888358,25729100
2024-08-01,169.4534149169922,172.71824977865398,167.58781013807817,168.9473226614739,24531400
2024-08-02,165.384765625,167.22060083165107,163.40998712477472,165.16644779514462,29130100
2024-08-05,158.03147888183594,163.17183620146415,153.7445266292353,154.3101724717456,53630700
2024-08-06,157.07879638671875,159.34136430659962,155.21319199044268,158.11084703677423,49004600
2024-08-07,157.7238311767578,161.73291139086032,157.25742629410797,160.0161531809976,25138600
2024-08-08,160.79019165039062,162.4374934400702,158.9841256428161,159.28181801513983,25578800
2024-08-09,162.4176483154297,162.53672526881738,157.84292193770273,158.78564981676743,28602300
2024-08-12,161.04818725585938,163.63821673656008,160.60163358167628,163.09243732479868,15895300
2024-08-13,162.9038848876953,163.46951549041373,161.72298810159427,162.1596237343071,18551700
2024-08-14,159.14288330078125,161.9710818575429,156.5032484754406,161.15734902797854,40591100
2024-08-15,160.0657958984375,160.40319071181239,158.388724722145,159.27191417011724,31524300
2024-08-16,161.71307373046875,163.79699592189854,159.89707465805918,160.23446942114322,24208600
2024-08-19,165.3946990966797,165.4145503036196,163.0031359185699,164.01533548402497,22416200
2024-08-20,165.90078735351562,167.34962258490438,165.54355648931903,165.62293103111787,18341500
2024-08-21,164.58096313476562,165.57331138365288,163.40998432722168,163.88630724691845,22902000
2024-08-22,162.54666137695312,166.3076549289941,162.06040523845343,165.9801781592332,22493300
2024-08-23,164.3527374267578,164.90845010892556,162.57644045039766,163.45962992213603,13955700
2024-08-26,164.88861083984375,166.26797448558267,163.20162161831215,165.1069286953162,14190400
2024-08-27,163.41989135742188,165.16643384878998,163.20158868803244,164.57101888272692,11821900
2024-08-28,161.60394287109375,164.33290096897073,160.29403571593602,163.77717314609376,16407400
2024-08-29,160.5421142578125,164.70005625165825,159.02382249929119,163.05275436266322,19699800
2024-08-30,162.1298828125,162.40773914692483,160.45281163127092,161.37568835446018,22123800
2024-09-03,156.15594482421875,160.61159459119546,155.28267338679814,160.48258445374879,38945300
2024-09-04,155.25291442871094,157.78340604462628,154.76667337142607,155.46131426900152,19353800
2024-09-05,156.03688049316406,158.22996215508203,154.78651171708566,155.10407049895832,18688700
2024-09-06,149.76519775390625,156.62232787245784,149.39803374273566,156.09638450541732,37912100
2024-09-09,147.76792907714844,152.42820519903154,146.28736276622044,151.54384395398554,39260500
2024-09-10,147.71824645996094,150.3117127852872,147.40026637370062,149.49690018583888,31118800
2024-09-11,150.20240783691406,150.54025030429756,146.5854677760219,148.97025775559644,29607700
2024-09-12,153.71005249023438,153.839233801539,151.68296725155358,152.8256911821986,29621500
2024-09-13,156.46253967285156,157.37670989938488,154.22679282124855,154.44538523091353,29591200
2024-09-16,157.0587158203125,157.2475146303272,155.60797314926953,156.31346693580858,18379800
2024-09-17,158.31072998046875,159.53293380012653,157.3766823666018,158.0126274199818,20715600
2024-09-18,158.79762268066406,159.48325404924594,157.59529635899653,158.84730896980255,23677300
2024-09-19,161.11288452148438,162.752426134326,160.31794928169234,162.67294625626252,26587700
2024-09-20,162.55368041992188,162.69279293629415,161.03337393309369,162.46425419413836,40896400
2024-09-23,160.82470703125,164.4416474906759,160.64583942390462,163.3088698512438,24150900
2024-09-24,161.26190185546875,162.18601827960998,159.67204679818846,161.9972194853163,23332100
2024-09-25,160.4669952392578,161.77862539142924,160.27819642927898,160.44711769027916,18869200
2024-09-26,161.69911193847656,163.0405658423745,161.25196569121914,162.60335078741144,20319300
2024-09-27,162.91139221191406,164.65030615932238,161.59976214731748,161.7786145898017,21101300
2024-09-30,164.79934692382812,165.09743429522993,162.22574304110324,162.28537567750828,20413900
2024-10-01,165.93215942382812,168.08841111718823,163.537422620915,166.62772204069785,28338100
2024-10-02,164.809326171875,166.45881419785064,163.6864795384376,165.3657763102453,17760200
2024-10-03,164.809326171875,165.58438388776636,162.88161307671416,163.36851452885276,15073100
2024-10-04,166.00169372558594,167.16428010496523,164.4317010051406,166.99535885279488,19047400
2024-10-07,161.94754028320312,167.4126985535878,161.71900154638254,166.65751850550026,22463100
2024-10-08,163.33868408203125,163.68645779124333,161.8382399845631,162.901468985077,23072700
2024-10-09,160.83465576171875,163.79577392063888,158.72809031254272,162.41457984860077,31181800
2024-10-10,161.05322265625,162.03695645018013,159.38385759644052,159.85088135255765,14144100
2024-10-11,162.20590209960938,162.86170956550862,160.21857182956228,161.10293319324816,15344300
2024-10-14,163.91500854492188,165.17695235890986,162.36487818674945,162.60336327926677,19016100
2024-10-15,164.41183471679688,166.61775729768382,163.58709086133464,164.7397308583214,20247200
2024-10-16,164.1137237548828,164.74966878217245,162.70272119940034,163.48770991975573,16406000
2024-10-17,161.89784240722656,165.31605267037628,161.72892116495908,164.6801076327293,21453400
2024-10-18,162.384765625,163.66660222742627,162.04692309495266,162.1562268737477,19757700
2024-10-21,163.03065490722656,163.45792366085925,161.58982825285435,161.9177395848208,20946500
2024-10-22,164.0938720703125,164.719886004102,161.94755157914383,161.94755157914383,16568100
2024-10-23,161.74879455566406,164.7695447784646,160.90417320390316,163.71624709624942,18280500
2024-10-24,161.68919372558594,162.29533007096418,159.9900196550578,161.79849749810091,22412500
2024-10-25,164.22303771972656,164.54100267206263,162.38475119304076,162.63316747166715,19828900
2024-10-28,165.66384887695312,167.68098784367282,162.91139226813863,167.68098784367282,32138600
2024-10-29,168.60508728027344,169.30066498158368,166.03149830422933,166.66744336321563,42169000
2024-10-30,173.35482788085938,180.86693395167478,172.95735272555387,179.53541113405987,68890800
2024-10-31,170.02603149414062,175.69986574053596,169.91672772946706,172.03323918990733,44769000
2024-11-01,170.2048797607422,171.22836871150324,167.81015851321018,168.99262234877236,31796500
2024-11-04,168.16787719726562,169.6484284063568,166.94565827865142,168.85349334018605,21492700
2024-11-05,168.66473388671875,169.4497227111904,167.77042612333224,168.35668494331603,18242100
2024-11-06,175.39181518554688,175.81909904785277,172.40088879790804,172.69899134986846,33695500
2024-11-07,179.60496520996094,179.93287650946746,176.06751991171046,176.2861274447148,25352900
2024-11-08,177.22018432617188,179.7540183112244,176.95189049215537,179.50560202546419,22006200
2024-11-11,179.20748901367188,179.40621898146745,177.33939395971944,177.44869771632568,17450400
2024-11-12,180.46945190429688,181.33395085774214,178.25358296080182,178.68086684117154,25134900
2024-11-13,177.74681091308594,179.81363605883408,177.40895326922643,179.31680352847516,23184000
2024-11-14,174.46774291992188,177.68722372380293,173.2157301883655,177.15063600875868,31007500
2024-11-15,171.39730834960938,173.03684979342893,170.135349355116,172.62944344024277,32504600
2024-11-18,174.18951416015625,174.32862668292316,171.80470856141605,172.32141871546224,20135300
2024-11-19,176.9916229248047,177.73687175049812,172.46051249052883,172.61950254558704,23434900
2024-11-20,174.86517333984375,176.5544009125721,172.67911323618793,176.21655843045156,18997100
2024-11-21,166.56809997558594,173.02692368437366,162.662987910428,172.79836977486937,59734400
2024-11-22,163.7162628173828,165.40550568311707,162.8617101914929,164.79936934193785,38604600
2024-11-25,166.5879364013672,167.56173904858872,164.56086640923021,165.0378213787698,33135300
2024-11-26,168.04864501953125,168.74422275300518,166.5184073625678,166.5680936524055,20486700
2024-11-27,168.15792846679688,168.40634472383195,166.9556022735371,167.92938975571963,19266500
2024-11-29,167.8797149658203,168.35666996658753,166.10106111500806,167.43256870496816,14257200
2024-12-02,170.40362548828125,170.98988423095403,167.50212535142776,167.70085532970873,23789100
2024-12-03,170.2545928955078,171.58610063371935,169.76770664793386,170.40365177380562,22248700
2024-12-04,173.26536560058594,173.8019532050098,169.9763367929556,170.0657630063179,31615100
2024-12-05,171.5463409423828,174.9446737388749,171.2383071896845,174.24911120663256,21356200
2024-12-06,173.60325622558594,173.97090750291954,170.77130430056872,170.94022556750923,21462400
2024-12-09,174.45875549316406,175.3441303590525,172.7476915668061,173.05609352730906,25389600
2024-12-10,184.2078399658203,185.39165905883286,180.10925267461994,181.89990276575224,54813000
2024-12-11,194.3846893310547,194.59360484337623,183.88951960925283,184.34712093414166,67894100
2024-12-12,190.9625701904297,194.16582489848338,190.71386920648584,193.98676747620544,34817500
2024-12-13,188.8336944580078,191.72856243728444,188.65462185235455,190.01749841639386,25143500
2024-12-16,195.63815307617188,197.96599073113543,191.61913652261555,191.86783751599637,44934900
2024-12-17,194.4045867919922,200.37341051362353,193.9668706236853,196.2250798486302,43504000
2024-12-18,187.42105102539062,195.97637074387896,186.76449197962535,194.20562099415744,34166100
2024-12-19,187.5304718017578,192.0269895380088,187.40115762090377,190.63427019379503,32265200
2024-12-20,190.41543579101562,191.88774144921763,184.2575966505468,184.81468445746083,63462900
2024-12-23,193.6186981201172,194.08625719212253,189.16196548395996,191.6191324608379,25675000
2024-12-24,195.0909881591797,195.0909881591797,192.7730933133359,193.82758299009262,10403300
2024-12-26,194.58363342285156,195.72765174498602,193.3699715470994,194.13595955988433,12046600
2024-12-27,191.75840759277344,194.30511850410315,189.6593706110804,193.93703071352402,18891400
2024-12-30,190.24632263183594,191.54951344453465,188.13732782747584,188.81380244155494,14264700
2024-12-31,188.31637573242188,190.96255767118524,187.53047217416017,190.0871254076539,17466900
2025-01-02,188.4457244873047,191.00237818986272,186.52575995103783,189.6593866464132,20370800
2025-01-03,190.79344177246094,192.20607673113864,188.9928490622425,190.37562593745199,18596200
2025-01-06,195.84706115722656,197.1900526464094,192.84276396758787,192.97207816719848,29563600
2025-01-07,194.4742431640625,199.95560784483914,193.5888681942183,196.08582081760926,26487200
2025-01-08,192.94223022460938,195.2700679108895,191.3803958585084,191.56941104474132,24864800
2025-01-10,191.04214477539062,195.49887742154428,189.32113818407666,193.29041142782185,26665200
2025-01-13,190.01747131347656,190.1865861405531,186.38644345909503,189.08236847778906,21823700
2025-01-14,188.67449951171875,190.98243652196967,187.33150825894856,190.2462913969121,17174900
2025-01-15,194.53390502929688,195.33969375687735,190.8630762218721,192.08668076451275,21776000
2025-01-16,191.90762329101562,194.46426141133438,191.8081368295779,193.1312278332848,17815400
2025-01-17,194.9815673828125,196.2051719482703,192.74325857357104,195.50881224351804,27735100
2025-01-21,197.0209197998047,201.23887871445535,196.84184720049228,198.03562405056638,29971300
2025-01-22,197.33924865722656,199.43828553458843,196.5036170079127,198.02566579041408,26200600
2025-01-23,196.9512939453125,199.25924653814067,194.18574000771966,197.11046623023265,26951400
2025-01-24,199.16969299316406,199.85609492474924,196.9711697228321,197.07065618338206,23877500
2025-01-27,190.81333923339844,195.85700244066396,189.73894916830926,191.41022766272687,41728900
2025-01-28,194.28521728515625,194.46427471258818,189.68921264751984,191.7484641400102,24157900
2025-01-29,194.39463806152344,195.7674571519655,192.4249153665142,194.54385257803781,18218300
2025-01-30,199.82627868652344,200.35352360288593,196.64290885768258,196.97119600589963,24354700
2025-01-31,202.9598846435547,204.41228975627837,200.75141889398662,200.95037662702387,32001100
2025-02-03,200.18438720703125,202.6912973186069,199.06026910715457,199.6471997728737,27838300
2025-02-04,205.30764770507812,205.97416454187623,201.75619025433605,202.33317837712485,43856400
2025-02-05,190.33584594726562,191.74846576717462,187.05298980095407,190.0772023789456,70373900
2025-02-06,190.60443115234375,191.10183309670842,187.73939109536238,188.51533691421105,29297400
2025-02-07,184.376953125,190.18660431911357,182.28787402069702,190.05729013281342,49315000
2025-02-10,185.50108337402344,187.22208986080463,184.89425239135454,186.37651565839897,23105600
2025-02-11,184.35707092285156,185.96864842614565,183.3224663388948,184.0685692836796,21239500
2025-02-12,182.6559600830078,184.14816605879201,180.88521020610418,182.26798713648407,22072600
2025-02-13,185.1728057861328,185.3120777313061,182.18839394998832,183.36227049888035,21402500
2025-02-14,184.26751708984375,185.43143579936174,183.3622571021092,184.09840225302517,20448400
2025-02-18,182.8151397705078,184.9937630121433,180.79568881581937,184.6356329562648,29916700
2025-02-19,184.3073272705078,184.4963424448096,182.63604878465782,183.11356559747395,19549400
2025-02-20,183.60101318359375,184.34711614040583,181.77057757262898,183.83977159439488,20441500
2025-02-21,178.7264862060547,184.37696551099646,178.14949807767616,184.18795032658747,35199200
2025-02-24,178.31861877441406,182.16850543528213,177.9604887236702,181.04438722615922,29854200
2025-02-25,174.50851440429688,177.81127094293745,173.7823117406095,177.11489600513676,41913400
2025-02-26,171.83248901367188,175.16508845335508,170.68847049649932,174.1603418876601,35431300
2025-02-27,167.6244659423828,173.65297546387492,167.06737815788244,173.08594510447406,39991000
2025-02-28,169.39520263671875,169.7234897370402,165.90344649975822,167.80351036476668,48130600
2025-03-03,166.14219665527344,172.46915017235435,165.06780660374991,171.0366301036563,40770500
2025-03-04,170.03187561035156,172.3895559244155,164.9384846542463,165.3762007856933,45388000
2025-03-05,172.12098693847656,172.87703249017144,168.18155654289944,169.6339770163835,30954900
2025-03-06,171.4544677734375,173.9016770030345,169.61407438427003,169.64391728856972,28302000
2025-03-07,172.9566192626953,174.06085227932917,169.38527664457013,170.3701228624436,27385800
2025-03-10,165.19815063476562,167.77767157580016,163.0269878624875,167.57846950382446,43604000
2025-03-11,163.3755645751953,166.0745946593306,160.71638098509786,164.24205105519363,39587400
2025-03-12,166.4331512451172,166.96100335852913,162.86764957538162,165.90529913170525,28372400
2025-03-13,162.1007537841797,165.45711431897539,161.4533926135524,165.36746730396223,31756200
2025-03-14,164.8197021484375,165.8156517325666,161.79200690237369,162.60869285591215,31995900
2025-03-17,163.62457275390625,165.62644141646544,163.0070887907617,164.36158101735924,31184300
2025-03-18,160.01922607421875,163.5847275921019,156.08522805432327,163.01702900544848,42074800
2025-03-19,163.2261962890625,165.19817244671944,160.34790225399752,161.10481855769754,34275600
2025-03-20,162.14059448242188,164.22212545502225,160.3080509045436,160.91558075554488,28138500
2025-03-21,163.32579040527344,163.57477782056455,160.2383403768693,160.55705156299513,36625800
2025-03-24,167.00083923339844,167.63826163368083,164.47113366947016,166.3933245024789,30879100
2025-03-25,169.86920166015625,169.93892544325678,167.63828375275472,168.29559909504925,24174400
2025-03-26,164.39144897460938,168.92302298152063,164.17233883294872,168.31549307909538,28901600
2025-03-27,161.58287048339844,164.74998295425303,161.3438371056606,163.96318944763343,24508300
2025-03-28,153.70489501953125,161.16456257842086,153.00773337780885,159.8399478606563,48669300
2025-03-31,154.01364135742188,154.9099898943082,150.0497663121255,152.48983972652445,54603500
2025-04-01,156.43382263183594,157.45964958057314,152.99778409802235,152.99778409802235,30672900
2025-04-02,156.4039306640625,157.7683920561543,154.07341206604673,154.52158638151343,25041700
2025-04-03,150.10952758789062,152.16118136873095,149.78086239042807,150.49794733089453,46883400
2025-04-04,145.01028442382812,150.4581305746649,144.7911742710094,147.41051168463707,62259500
2025-04-07,146.15560913085938,152.23090799124293,139.96080117715204,140.9766740613606,76794100
2025-04-08,144.11390686035156,151.62337549950988,142.45067281990836,150.60750263275938,52200200
2025-04-09,158.0671844482422,158.90377855359424,143.3271257672898,143.83505464618503,70406200
2025-04-10,152.20101928710938,157.081166059798,149.32271046519142,155.9059376747643,48022000
2025-04-11,156.50352478027344,157.03137687020202,152.2010302665367,152.28069286385934,33636200
2025-04-14,158.42572021484375,161.06498074344722,156.92182649738766,159.35194610703772,30333000
2025-04-15,155.67689514160156,159.00336349160088,154.58135959003184,158.48548058954378,27551500
2025-04-16,152.70896911621094,155.2585979132132,150.8963333701315,152.47990494067977,28187400
2025-04-17,150.54774475097656,154.0534763910807,147.8985151753075,153.66505665607545,33046600
2025-04-21,147.07188415527344,148.346698501599,145.50825109483685,148.2769899279801,26049100
2025-04-22,150.85650634765625,151.57359136677536,147.93836574543795,148.28695422864388,26971800
2025-04-23,154.72079467773438,156.8919577671247,153.18702360261742,154.9797361333446,31128800
2025-04-24,158.63485717773438,158.94359913409957,155.15898746904153,155.51752994672043,45894000
2025-04-25,161.3040008544922,165.4272315126956,160.3877138664607,164.40140465983956,56034000
2025-04-28,159.95945739746094,162.48916256089402,157.95760427833062,161.77207767108948,29745800
2025-04-29,159.5113067626953,160.0889594093041,156.88200017636458,159.6706623611363,26809000
2025-04-30,158.15679931640625,158.62489684356424,154.7705615625615,157.34011335090173,34981100
2025-05-01,160.6466827392578,161.29404393761732,158.26636366652554,159.80011945187778,30203200
2025-05-02,163.36563110351562,164.3018262703875,161.21437606436152,162.7481471411051,25715000
2025-05-05,163.54489135742188,164.72010459701127,162.06092097475153,162.3397856484502,21341800
2025-05-06,162.56886291503906,164.13251121588542,160.5371322432176,161.51315867988768,21277200
2025-05-07,150.76686096191406,164.33169015930102,147.24119073545722,163.41541831659652,127490100
2025-05-08,153.6551055908203,155.29841637896206,152.28069025725696,154.37219053033292,57498700
2025-05-09,152.13131713867188,154.4220044950508,151.58354176260508,153.5455638933439,32435300
2025-05-12,157.8181915283203,158.45559870977985,155.61713606908535,156.85211913184455,44138800
2025-05-13,158.8838653564453,159.91966162602043,155.52751949956448,158.14685705682408,42382100
2025-05-14,164.70018005371094,166.3235827604559,158.96351584378579,159.31210428165852,48755900
2025-05-15,163.29591369628906,165.53680044166376,161.71234217984835,165.1682887318073,33146700
2025-05-16,165.51686096191406,168.66406524073284,164.94916241420358,167.05061660833445,42846900
2025-05-19,165.8654327392578,165.9650337738735,163.5548376666196,163.8436563518303,30426100
2025-05-20,163.31581115722656,167.8175076045031,162.24018376555952,165.75588463789506,46607700
2025-05-21,167.87728881835938,172.43874053476267,162.8975400271314,163.02701835873927,73416000
2025-05-22,170.17788696289062,176.05399815735478,170.0185465918855,171.15392841908286,74864400
2025-05-23,167.7876434326172,169.27161392343552,167.20999079586213,168.37525009523515,35211400
2025-05-27,172.19969177246094,172.46860243837372,169.3114438097941,169.47079940418584,37995700
2025-05-28,171.66188049316406,174.56009759174123,171.21370619473115,172.45864324425892,34784000
2025-05-29,171.16390991210938,173.71353862116436,169.93889608019336,173.29524158580244,29317300
2025-05-30,171.0443878173828,171.5124853397844,166.76180154699824,170.6559680857075,52639900
2025-06-02,168.34536743164062,169.18196148692468,166.7120106202351,167.16018492149544,38612300
2025-06-03,165.50689697265625,167.79758408844376,164.61054841286258,166.8116037120677,45084900
2025-06-04,167.3693389892578,167.5386486033552,165.68618167672102,166.0646474005772,26900800
2025-06-05,167.52870178222656,170.23767092126516,166.9112026488037,169.65006425936653,36379100
2025-06-06,172.97653198242188,173.79321800916722,170.1380845314093,170.1380845314093,35731800
2025-06-09,175.58909606933594,175.96802000177186,173.87398751199405,174.04350210929846,28935900
2025-06-10,178.0919647216797,180.59481935710423,174.41245877453574,175.69878257607027,61766100
2025-06-11,176.8455047607422,179.8569029175766,176.24720547354727,179.2586188457646,31646800
2025-06-12,175.2001953125,176.2172980493167,174.25290075490625,175.6788256293735,20941900
2025-06-13,174.17312622070312,176.6261351195968,171.8996131999643,171.9494740114175,27663100
2025-06-16,176.26715087890625,176.43666545813562,174.15317124562452,174.23294549738824,27389200
2025-06-17,175.44947814941406,176.85547082344988,174.08338020939252,175.20018931566514,24973000
2025-06-18,172.8269805908203,176.0577543370001,172.70731159680278,175.50931582595604,28707500
2025-06-20,166.16598510742188,173.84407909995153,164.98934896898635,173.45518907949074,75659900
2025-06-23,164.7200927734375,166.86397066469698,161.53916480969883,165.79702236468145,57671000
2025-06-24,166.2956085205078,167.74148079179992,165.65742968002243,166.4451757427373,40524300
2025-06-25,170.19448852539062,171.86971762904975,167.0734022469165,167.15317651046072,35479000
2025-06-26,173.04632568359375,173.19590810922037,169.45657569929264,171.93948268163984,31796700
2025-06-27,178.0221405029297,178.17170771682706,171.241481190895,173.046329910377,108140200
2025-06-30,175.7286834716797,180.7144602330707,174.08338322657394,180.26574336762212,63378900
2025-07-01,175.33978271484375,175.58907153758963,173.03635642713306,175.24007631497474,35904500
2025-07-02,178.13182067871094,178.35119606008848,174.5719841997796,175.04063318866915,29128900
2025-07-03,179.019287109375,179.15888824066795,176.5463462627362,177.99221838299502,21689700
2025-07-07,176.28707885742188,178.78994839919216,175.1802358653973,178.550625649566,34175600
2025-07-08,173.86399841308594,177.44378228214464,172.31840465770773,177.34407588154812,40442500
2025-07-09,176.11756896972656,178.92955429499338,172.27853009035698,174.75147104078385,43025600
2025-07-10,177.11473083496094,177.92242424511252,173.88395719435462,175.1304013990042,29252400
2025-07-11,179.6774444580078,180.91390748840172,175.97799101310056,176.28710677069904,34282900
2025-07-14,181.04351806640625,183.14751640721383,179.16886118965368,180.49507959550706,32536600
2025-07-15,181.48226928710938,183.69595532751242,181.08341324296114,182.28996266650833,33448300
2025-07-16,182.44952392578125,183.80565587223137,181.5121954195811,182.71876014286474,33104200
2025-07-17,183.05776977539062,183.53640005379035,179.96658229342344,181.6218637248093,31992600
2025-07-18,184.5335693359375,185.88970124039062,183.1874187229756,184.87259850820493,34014500
2025-07-21,189.55923461914062,189.74868135121883,185.62045888710102,185.720180506412,45803100
2025-07-22,190.7957000732422,191.10481579575136,186.9267476808465,190.9552485801447,44660200
2025-07-23,189.68887329101562,191.98233382433085,188.6418570458734,190.95526494810704,58681900
2025-07-24,191.6233367919922,197.38689334762466,190.45666688872916,196.46951227536783,74881700
2025-07-25,192.63047790527344,193.77721577448722,190.71594131306063,191.43389443706346,39785900
2025-07-28,192.03216552734375,193.49798500525145,190.29710986369858,193.0991137642733,38139500
2025-07-29,195.1931610107422,195.36267559548023,191.53360267868564,191.88259792418754,41389200
2025-07-30,195.970947265625,197.0379108346005,194.13618500265545,195.04360005779435,32445400
2025-07-31,191.35411071777344,195.43248777249184,190.54641729704366,195.15328548422434,51329200
2025-08-01,188.5919952392578,190.2871562824159,187.28572417197353,188.49227361862017,34832200
2025-08-04,194.48516845703125,194.71452513752175,189.579166069655,189.7486806495505,31547400
2025-08-05,194.11622619628906,197.2971541323202,193.33844625639603,194.1561209300893,31602300
2025-08-06,195.5321807861328,196.07065317332066,193.11906676548202,193.94670749735778,21562900
2025-08-07,195.96096801757812,196.9780554903085,193.77719542929833,196.49942519635405,26321800
2025-08-08,200.84703063964844,202.03364795164893,196.60912036272285,196.65898117376335,39161800
2025-08-11,200.42822265625,200.90685295750995,198.50372015999918,200.36839577051538,25832400
2025-08-12,202.76156616210938,203.9182700251912,200.01938893683175,200.7971688962253,30397900
2025-08-13,201.38551330566406,203.94819479745718,196.94815955869606,203.54933871959636,28342900
2025-08-14,202.3627166748047,203.85844975532365,200.65757426824428,200.9268104830451,25230400
2025-08-15,203.31996154785156,205.85274455493158,200.70741950553764,203.270115954676,34931400
2025-08-18,202.92112731933594,204.68609666738416,201.9140058259036,203.61913306802094,18526600
2025-08-19,200.99661254882812,202.86128819689205,199.39119181596234,202.45245084896237,24240200
2025-08-20,198.7530059814453,200.70742189093835,196.04074228977996,200.15898342104597,28955500
2025-08-21,199.1817626953125,201.90399228811302,198.86266570951375,199.1817626953125,19774600
2025-08-22,205.50375366210938,207.9467813600623,200.72738596931413,202.15331089436756,42827000
2025-08-25,207.89691162109375,209.92113563994843,204.69603644956018,205.84275894542606,29928900
2025-08-26,206.55075073242188,207.258737698756,205.11484464858782,206.91969332896332,28464100
2025-08-27,206.88978576660156,208.31572581537765,205.0649896678173,205.11485047791405,23022900
2025-08-28,211.03794860839844,211.61630051242363,206.31142697470574,206.66043741838072,32339300
2025-08-29,212.30433654785156,214.03937701544265,209.6020390158818,209.91115472146953,39728400
2025-09-02,210.74879455566406,211.0778424398192,205.61343524607918,207.84706876322787,47523000
2025-09-03,230.0038604736328,230.65200537566233,224.15054812619755,225.5665221360729,103336100
2025-09-04,231.63919067382812,231.70898363627637,225.46679662750995,228.996719869086,51684200
2025-09-05,234.33151245117188,235.08934505645462,231.24032471140728,231.53947436612376,46588900
2025-09-08,233.5829620361328,237.66498669397225,233.21368944217105,235.01017746372742,32474700
2025-09-09,239.16204833984375,240.00040430810463,232.7745373112583,233.71270408816554,38061000
2025-09-10,238.70294189453125,241.1880848518513,237.38552753776509,238.4334648921733,35141100
2025-09-11,239.90060424804688,241.77693788592924,235.78865459463688,239.41157085914617,30599300
2025-09-12,240.3297576904297,241.6072568290254,237.53522261387997,239.90058949520323,26771600
2025-09-15,251.11865234375,251.91709313601174,244.18222746714693,244.18222746714693,58383800
2025-09-16,250.66954040527344,252.54585880051692,248.98283818718852,251.58774200911427,34109700
2025-09-17,249.04270935058594,251.10867430438276,245.7990560449756,250.7294115061419,34108000
2025-09-18,251.537841796875,253.49402106561863,249.31220074129322,251.18851917528045,31239500
2025-09-19,254.22259521484375,255.5000944688687,251.31827407979023,252.7554645478164,55571400
2025-09-22,252.036865234375,255.28051872493555,249.81122418035432,253.93314887572123,32290500
2025-09-23,251.16856384277344,253.8632882566711,249.9908602190898,252.54585863312587,26628000
2025-09-24,246.6573944091797,251.85722723296598,245.95876438662486,251.16857220037895,28201000
2025-09-25,245.30999755859375,246.00864273328935,240.26987173165682,243.9227126560544,31020400
2025-09-26,246.0585479736328,248.93292875938775,245.4896689933639,246.58752699597628,18503200
2025-09-29,243.5734100341797,250.65953566268354,242.295910900337,247.3659922504587,32505800
2025-09-30,242.6252899169922,242.8149061000678,238.78280195485732,242.33584768941728,34724300
2025-10-01,244.4217529296875,245.81902814560354,238.1440427490887,240.2798631456683,31658200
2025-10-02,245.21022033691406,246.32802833371,241.82684091969116,244.67126631775048,25483300
2025-10-03,244.87088012695312,245.8190218960462,241.18808361984188,244.01255894852343,30249600
2025-10-06,249.94094848632812,250.82922509816828,244.10238160883648,244.30198799944458,28894700
2025-10-07,245.2800750732422,249.95094390133718,245.04055349112926,247.78518329877946,23181300
2025-10-08,244.14230346679688,245.52958847857047,243.3438778825467,244.4816510919942,21307100
2025-10-09,241.05833435058594,244.28202248032238,238.68297718710045,243.99259549865826,27892100
2025-10-10,236.1080322265625,243.61333616794536,235.37944680935243,240.958526974338,33180300
2025-10-13,243.67323303222656,244.02255566567635,239.2419159793632,239.74093961058136,24995000
2025-10-14,244.97068786621094,246.63742490132327,240.04033214741565,240.75892736637323,22111600
2025-10-15,250.539794921875,251.6176877577252,245.50964358356617,246.76717761089535,27007700
2025-10-16,250.9689483642578,256.4581925767255,249.61160360230107,251.27834055068328,27997200
2025-10-17,252.80535888671875,253.72356048353365,247.32607427452788,250.27031046967195,29671600
2025-10-20,256.04901123046875,256.82748687148535,253.73354951664797,254.19265795496185,22350200
2025-10-21,249.9709014892578,254.38226816359625,243.6732110393333,254.24254216862593,47312100
2025-10-22,251.19850158691406,255.85936494298178,248.8031791754094,253.87326076642051,35029400
2025-10-23,252.58578491210938,254.54194887812838,251.35819113136333,252.48597410141812,19901400
2025-10-24,259.4124755859375,261.16901817646277,254.82145177331685,256.0789706985135,28655100
2025-10-27,268.744140625,269.61246721569535,263.76389517627246,264.3028491565017,35235200
2025-10-28,266.94769287109375,270.20133657580493,265.9795858431389,269.1633589320839,29738600
2025-10-29,274.0338439941406,274.802329420885,267.14732397902117,267.2271543584551,43580300
2025-10-30,280.93035888671875,291.02060225143094,279.51311834988803,291.02060225143094,74876000
2025-10-31,280.6408996582031,285.44150434001006,276.48901957648127,282.6569440736325,39267900
2025-11-03,283.16595458984375,284.97241759660864,279.25359613963377,281.62895336390585,29786000
2025-11-04,276.998046875,280.72074368596594,275.72054759218855,276.2095810062224,30078400
2025-11-05,283.7547912597656,285.86068664735006,276.79840119805726,278.32541216487215,31010300
2025-11-06,284.1939697265625,287.78694611145437,280.59103358006456,284.7728237611903,37173600
2025-11-07,278.28546142578125,283.22580678831247,274.6525857946798,282.656912627443,34479600
2025-11-10,289.5334777832031,290.2320924976737,282.30759586857965,283.8645774088431,29557300
2025-11-11,290.7411193847656,291.34994399814246,286.75892091303916,287.18807388729897,19842100
2025-11-12,286.15008544921875,291.43975353768866,283.1359940674285,291.11038092678234,24829900
2025-11-13,278.0260009765625,282.2876513282579,276.6985812149319,281.7886277548892,29494000
2025-11-14,275.8702392578125,278.0160347166159,270.17139808707816,270.88000309409097,31647200
2025-11-17,284.46337890625,293.3759628274161,283.01622885841863,285.22190446328057,52670200
2025-11-18,283.724853515625,288.236015842567,277.65674001133203,287.3577599014325,49158700
2025-11-19,292.2381896972656,303.21670857801746,286.07026549054086,286.5992292728396,68198900
2025-11-20,288.884765625,305.8216273232207,288.1062900504894,303.94529376978943,62025200
2025-11-21,299.0747985839844,303.32648898994427,293.2761473513388,295.84113571634185,74137700
2025-11-24,317.9578552246094,318.85612204740676,308.9954110970811,310.52242205466104,85165100
2025-11-25,322.8083801269531,328.187838552192,317.0296784660599,325.5729598317621,88632100
2025-11-26,319.3252258300781,323.86632857763385,316.1713929045335,320.053780820363,51373400
2025-11-28,319.55474853515625,326.2117368304371,316.1713843298485,322.73852157316225,26018600
2025-12-01,314.27508544921875,319.22539084430224,313.2770382872594,317.07959553768603,41183000
2025-12-02,315.1932678222656,317.75825630619534,313.29698432996054,316.1214443613123,35854700
2025-12-03,319.0058288574219,320.9520026070636,313.4866291038915,315.2731421058358,41838300
2025-12-04,316.999755859375,321.73048997615604,314.0854750084747,321.6007694211511,31240900
2025-12-05,320.642578125,322.528901747787,318.5467035992101,318.8660555204289,28851700
2025-12-08,313.31219482421875,320.0234606774875,310.81544458829893,319.63395301128804,33909400
2025-12-09,316.66778564453125,317.57660631064704,311.4945269093235,311.96391713296777,30194000
2025-12-10,319.7937316894531,320.8923078304596,314.27092168020465,315.4194206321133,33428900
2025-12-11,312.0238342285156,320.7025396818571,308.19882663213485,319.6638831462354,42353700
2025-12-12,308.887939453125,314.46067218572114,305.1627773855729,313.29221022339095,35940200
2025-12-15,307.8193054199219,311.01515750934647,304.4836511834585,310.9152814169449,29151900
2025-12-16,306.1714782714844,310.3660001485481,302.1966411442108,304.55358908476643,30585000
2025-12-17,296.3342590332031,307.6894729197007,295.7350329501308,307.60959033164653,43930400
2025-12-18,302.0668029785156,303.56485302569047,298.8410213827925,301.32777470817274,33518000
2025-12-19,306.7607116699219,306.85059101726483,300.5787559089981,301.33777770154796,59943200
2025-12-22,309.3772888183594,309.7268399185022,304.90310178792384,309.47716491524386,26429900
2025-12-23,313.94134521484375,314.5305745464577,308.91788552805923,309.2274800840275,25478700
2025-12-24,313.68170166015625,314.67040497756983,311.51453957359615,314.3608103937755,10097400
2025-12-26,313.1024475097656,314.6803801033015,311.87403553475036,314.0711877312235,10899000
2025-12-29,313.1523742675781,313.61176774066803,310.2161937852231,310.96521879647884,19621800
2025-12-30,313.4420166015625,316.5379928503015,312.0538089034933,312.09376543928346,17380900
2025-12-31,312.5931091308594,314.17104176667254,311.03513952358344,312.4433102220648,16377700
