Date,Close,High,Low,Open,Volume
2020-01-02,121.93695068359375,121.97872104466268,121.19348414405522,121.85340996145588,5777000
2020-01-03,120.52520751953125,121.43574283926573,119.45595246127824,119.87363061673726,5752400
2020-01-06,120.3748550415039,120.45838302852418,119.33065960480288,120.2913143079573,7731300
2020-01-07,121.10995483398438,121.50257332128415,118.10267975151744,120.29965818968705,7382900
2020-01-08,121.09327697753906,121.94533138169218,120.04071968948372,121.01808520944375,6605800
2020-01-09,121.45248413085938,121.98711179466946,121.11834662092643,121.7615619648738,6112700
2020-01-10,121.1767578125,122.11235259638791,121.04309777293804,121.75315557990342,5042600
2020-01-13,121.71141052246094,121.78658953039472,120.89276491640004,121.52763111649463,4593200
2020-01-14,122.39643859863281,122.47161762486495,120.90114331764067,121.16846351739318,7037500
2020-01-15,122.80572509765625,123.13151354485731,122.16250992403207,122.29615724469811,4960300
2020-01-16,123.7998046875,124.33443222508535,122.12909203923002,123.14822777439677,6476000
2020-01-17,124.6100845336914,124.81057461319018,123.57423824273407,123.97521840173162,9083600
2020-01-21,124.6936264038086,125.44544190244748,124.05039854602461,124.11722857314075,9543900
2020-01-22,123.84156799316406,124.61844321198976,121.96201637100812,122.5467632152627,10305300
2020-01-23,124.07543182373047,124.27592186243737,122.59684806125587,123.66610277464946,8671900
2020-01-24,123.90003204345703,124.4262977577846,123.57423090367423,124.11722005678877,9051900
2020-01-27,124.2592544555664,124.8523630600947,122.79738087373622,123.2317697356502,7587100
2020-01-28,124.8857650756836,125.77960242231666,123.75802898809569,124.01700014449784,7336600
2020-01-29,125.75454711914062,126.29753642822966,124.57670427995724,124.8440117003405,6288600
2020-01-30,125.60420227050781,125.72950064532085,124.50988730871236,125.32853309939065,6470600
2020-01-31,124.35948944091797,125.30344614745032,124.16736105918574,125.09460707053789,8651700
2020-02-03,125.44547271728516,125.71279289141508,124.66859736095903,124.81895539901151,5765200
2020-02-04,126.64000701904297,127.60066156560806,126.30585688585023,126.5481173257305,6541400
2020-02-05,128.6365203857422,128.6615800548565,126.39775888816817,126.74025802809777,5979900
2020-02-06,128.25225830078125,129.06255497308518,127.59233239838717,128.8537158873682,6201200
2020-02-07,126.88227844238281,128.19379406071573,126.59826033594408,128.0935426287464,5700300
2020-02-10,126.85720825195312,126.89897861626618,126.0469116210772,126.70683748973127,4835600
2020-02-11,126.9657974243164,127.291585842713,126.58987692526115,127.2163940949873,3715300
2020-02-12,126.21397399902344,127.09944959331881,126.07196496470483,126.86555086073228,5166800
2020-02-13,125.3786392211914,126.17222525317948,125.20322151496067,125.43712028761973,5480200
2020-02-14,125.41202545166016,125.83805250815324,124.59336723036571,125.77122248519919,5716300
2020-02-18,124.58505249023438,125.92162782352504,124.51822244891713,125.69607802739525,7230700
2020-02-19,124.41793823242188,125.10292359884714,124.11720952980234,124.64348794601713,6115200
2020-02-20,123.94185638427734,124.78557471977327,123.13155945130242,124.14234655981238,7464700
2020-02-21,125.24498748779297,125.50395869656325,123.2484860652947,123.70793466598008,7776800
2020-02-24,122.6640625,125.26176995255773,122.1092086282484,123.16006240301817,10588900
2020-02-25,121.60481262207031,123.37025236972748,120.91545910893072,122.73133779318265,10529000
2020-02-26,120.7893295288086,122.9246715720872,120.71367113607478,122.193281453384,10093800
2020-02-27,116.955810546875,121.7056770185899,116.812895981476,119.84776201279473,12566700
2020-02-28,113.0550537109375,115.41737104442447,109.97816347696457,113.79485890466923,19820300
2020-03-02,117.71248626708984,117.80496194870877,112.65997112343511,113.30730089476755,11508200
2020-03-03,113.98821258544922,118.52790878855818,111.89491998394838,117.69562794437017,13662500
2020-03-04,120.62120819091797,120.75572056625462,115.29128038931307,115.74524362131658,10560500
2020-03-05,119.38538360595703,119.94863965488938,117.56110310567654,118.36816439877315,11339200
2020-03-06,119.40220642089844,120.22607217571722,115.51825503466232,116.41777918141449,12239100
2020-03-09,114.70281219482422,117.42661741848785,113.40815294720029,114.61033653427965,13848600
2020-03-10,119.07435607910156,119.33496579270441,112.84489110867214,117.67041681422343,12698100
2020-03-11,110.8020248413086,116.64476927738984,110.5498173692019,116.0899154043161,17763400
2020-03-12,105.4300765991211,112.44977318356081,104.66505185627707,107.02736944813432,21539200
2020-03-13,112.89531707763672,113.42495148497511,104.79113969428695,108.7171342710729,20084200
2020-03-16,106.87602996826172,112.44975607897113,102.92482234186838,103.88320047106,18877900
2020-03-17,114.82888793945312,114.98021754997492,107.44769222258394,108.06980226085432,18911800
2020-03-18,113.4585952758789,114.05547308518302,108.20432597239805,110.14630185451563,17521100
2020-03-19,106.80878448486328,113.48380998036023,106.05216845413018,113.48380998036023,18482300
2020-03-20,100.78950500488281,107.13666552073921,99.30990082587469,106.62384827256999,19785100
2020-03-23,93.43350982666016,99.67137626214011,91.76896104780712,98.35991281044956,20815200
2020-03-24,100.19261932373047,100.58774143538524,95.72018516648087,99.8395339356616,17604800
2020-03-25,100.37757110595703,104.21108428293574,98.10772271387475,99.9656381513194,13986100
2020-03-26,106.4052734375,106.85083451175615,101.20144232471887,101.36117418677442,15066800
2020-03-27,103.53853607177734,107.28798201491541,101.36957208422518,102.26910276549482,12133200
2020-03-30,111.8192367553711,112.64311529855424,107.18707822799804,107.99413952006617,21754000
2020-03-31,110.23880004882812,114.08913092106529,109.33086058819586,113.48383794731046,15746100
2020-04-01,108.28839111328125,109.48215960961979,105.5057320262336,107.35523233284533,12606100
2020-04-02,111.93695831298828,112.65154413451663,106.95171330080073,108.54900618352552,11594500
2020-04-03,112.79444885253906,113.31566826439575,110.61708272412478,111.28963176291771,10071200
2020-04-06,117.49385833740234,118.51109047116194,113.94617484357747,115.18197995211769,14994400
2020-04-07,115.5771255493164,119.4022367677149,115.39217421460296,117.5779557187758,11567100
2020-04-08,120.43623352050781,121.16763640215024,115.42577037526618,115.80407513318956,10758200
2020-04-09,118.72969818115234,122.25216324024778,117.93105161632901,121.06679671542304,11125400
2020-04-13,117.50228118896484,118.94825715592874,115.87975612569919,117.69563471134775,8153200
2020-04-14,122.76493835449219,123.93348721985838,121.1003895942004,122.25212120765929,13838000
2020-04-15,124.13525390625,124.34542465463747,120.67163124991741,122.36141227674756,11962300
2020-04-16,125.82504272460938,126.67412806922736,123.10963980224712,124.68171315290844,12181700
2020-04-17,127.80064392089844,128.03603415432502,125.76619243039396,127.77542445501743,10920000
2020-04-20,127.50639343261719,128.6245034002039,126.17811270784057,126.88428337332535,12226200
2020-04-21,125.83342742919922,127.48117178154148,124.9002815979734,126.20333000795797,9951100
2020-04-22,128.61614990234375,130.30591881215432,127.5568806751047,128.46482022939108,11515600
2020-04-23,130.73460388183594,131.98722612356588,129.21296976050334,129.67534795898112,10665000
2020-04-24,130.18817138671875,131.39875697305612,129.16253708872762,130.7850619678007,8653400
2020-04-27,129.70899963378906,131.1886102111358,129.46520716064373,130.14615847053307,8924000
2020-04-28,127.27100372314453,128.70857735234472,126.69093037851646,127.15330861175659,8558700
2020-04-29,126.30418395996094,127.47273249693751,125.39624502918905,127.26256180447552,9285200
2020-04-30,126.13607025146484,126.46393610465047,123.71491196171114,124.80780241493137,14829600
2020-05-01,124.66488647460938,125.82503321302259,123.40386187296215,125.78299649407323,7309000
2020-05-04,124.6480712890625,125.32902246272018,123.65605868427633,125.06841278665904,7198400
2020-05-05,125.68212127685547,126.75819460002481,124.95913331024425,125.26177973412351,6562300
2020-05-06,124.48837280273438,126.371507834238,124.45473829034957,126.10248304639123,6191600
2020-05-07,124.07646942138672,125.70739739463149,123.6897622113707,125.57288496166433,5570500
2020-05-08,125.00955200195312,125.41307622585339,124.32860086543276,125.1945032770332,4712100
2020-05-11,125.35428619384766,126.1865672710094,124.52200511668593,124.79943214240652,5887500
2020-05-12,123.69811248779297,126.38829587848356,123.60563683243456,126.18654014156067,7039200
2020-05-13,123.68970489501953,125.21974142063222,122.74813112837526,122.80698510095552,6970500
2020-05-14,124.11839294433594,124.21927076313877,121.27688132192318,122.22685687498306,6871400
2020-05-15,126.47236633300781,126.50598801243194,122.45390218201166,124.31180463058627,10340400
2020-05-18,126.53961944580078,129.14572926936353,126.48918051398685,128.1957661219881,7388400
2020-05-19,125.2785873413086,127.02720956376831,124.75735514554728,126.18652654303604,6107300
2020-05-20,124.15206146240234,126.4303180766359,123.80739117548241,125.89228146030173,5713400
2020-05-21,123.33659362792969,124.8414103713374,122.58838636171191,124.8414103713374,6487300
2020-05-22,122.21078491210938,123.83608442857853,121.94836857742828,122.38009743991996,6140900
2020-05-26,122.3716049194336,123.96304943141132,122.15151675113619,123.75142172148792,7072300
2020-05-27,122.65093994140625,122.95568432283423,121.0594956254236,122.16843553890371,7950000
2020-05-28,124.41167449951172,125.37669614894071,123.42971901995864,123.60749194444219,6189600
2020-05-29,125.91848754882812,126.4263992199189,123.02342202376354,125.24974966806461,8504000
2020-06-01,124.5979232788086,125.57140550524105,123.59903384568622,124.68256660643394,6141800
2020-06-02,125.49523162841797,125.5798878788392,123.69215941163405,124.48788166536461,6078300
2020-06-03,125.83381652832031,126.24861144158223,123.97149548079474,125.72377891532626,6339500
2020-06-04,124.2085189819336,125.59679609807118,123.23503678415705,124.26778093458331,8170500
2020-06-05,124.69102478027344,126.67185665609591,124.09846989221472,125.02116342624385,9725400
2020-06-08,124.24239349365234,124.95345946426917,123.3704884046682,123.488999399771,7555600
2020-06-09,123.55673217773438,126.40946967418346,123.29430295817342,125.49523638524782,8247200
2020-06-10,125.11428833007812,127.00200363907214,124.09847803861953,124.09847803861953,10137100
2020-06-11,119.24796295166016,126.27400462640655,119.1463857969449,125.77456639341827,11913300
2020-06-12,120.33149719238281,121.65206480416674,118.74852623314746,120.91559167290228,8687400
2020-06-15,119.56964111328125,120.54312329016692,117.99513063221775,119.35801342989491,8649600
2020-06-16,122.28693389892578,123.09957688767489,120.85632883706522,121.97371617577708,7579100
2020-06-17,121.91446685791016,123.09957659566106,121.44888341924823,122.65938744304185,5100100
2020-06-18,121.39812469482422,121.99914016790734,120.09449074605168,120.64473055129277,4797400
2020-06-19,121.75364685058594,123.48899653026906,121.26266904893177,123.4128007434716,12206900
2020-06-22,121.38118743896484,121.60974897982827,120.22993219309791,121.44890985539587,5285600
2020-06-23,120.9325180053711,121.96526208320196,120.78013936407521,121.6774515478663,5921600
2020-06-24,118.35913848876953,120.3653648197584,117.42797150318502,119.77280988199047,8211200
2020-06-25,118.23216247558594,118.99402994942301,116.42909032924096,118.99402994942301,7421200
2020-06-26,116.65764617919922,118.17290767829658,115.98890835980814,118.11364572485819,12849700
2020-06-29,117.69886016845703,118.25756041650307,116.8015607549632,117.44491725273629,5309800
2020-06-30,119.04480743408203,119.37494610028484,116.6830352770915,118.00358994190277,7738300
2020-07-01,118.83318328857422,119.688154496557,118.56229364838423,119.09559955455265,6174800
2020-07-02,119.3326187133789,120.0690789155697,118.79085236252143,119.5696406845835,5152200
2020-07-06,121.03411102294922,121.70286179083539,120.10295688948173,120.34843933904476,6156400
2020-07-07,120.92405700683594,121.87214484450826,119.55270090822788,119.68814571838907,5622600
2020-07-08,121.27959442138672,121.38117157439197,119.95056639150164,120.94098238348836,6257400
2020-07-09,120.61932373046875,122.26154376690695,119.00248506694997,120.84787233730646,5738600
2020-07-10,120.51770782470703,120.94096311710733,119.72198580831825,120.83938598028372,4282400
2020-07-13,122.92182922363281,124.13233337180625,121.28805679222604,121.56740688412654,6951900
2020-07-14,125.21588897705078,125.61375012766696,122.9641669154211,123.0149684187447,7447100
2020-07-15,125.50365447998047,127.15436045145351,125.47826019580948,126.74802607126479,8512800
2020-07-16,126.34170532226562,126.41788817520941,124.1661669099875,125.85918808683527,9304700
2020-07-17,126.42637634277344,127.46758087169778,125.86767618901774,126.97660312294835,7441100
2020-07-20,126.63798522949219,127.2474738674106,125.64755650533017,127.17127810012622,6191500
2020-07-21,126.75651550292969,128.39027493630553,126.55334828709553,126.63800452287511,5575900
2020-07-22,126.98506164550781,127.32367366538126,125.15660840510247,126.91733924153313,5910200
2020-07-23,126.64645385742188,127.69613167195486,126.367103803956,127.15436539403747,6566300
2020-07-24,125.38519287109375,127.48454924493892,124.46249907173821,127.39989298656089,5405900
2020-07-27,124.58943939208984,126.06237266916929,124.31856268312285,124.75027849275538,5675200
2020-07-28,124.29316711425781,125.2751226221901,124.22544470853198,124.77567149455314,4842200
2020-07-29,124.04769134521484,124.83495313381694,123.64984313850542,123.92071988740655,4489100
2020-07-30,124.30165100097656,124.86035126597865,123.70909598509431,124.80956268129312,5922500
2020-07-31,123.3874282836914,124.81803381948194,121.86371894583165,124.14929586935297,8259600
2020-08-03,124.73335266113281,125.10580650668754,123.71752952155222,123.9206967328139,4078700
2020-08-04,124.62333679199219,124.62333679199219,123.43822668859836,124.42864290001992,4162200
2020-08-05,125.62218475341797,126.3925126029429,125.1142860752066,126.21475258642387,5467500
2020-08-06,124.90267181396484,126.34173759857586,124.01383288570428,125.62219824790544,4837900
2020-08-07,125.79154968261719,125.83386490256659,124.56409830247314,124.86884280316492,3635100
2020-08-10,125.30899047851562,126.13856743118635,125.04657420182497,126.01159598011974,4096600
2020-08-11,124.41167449951172,126.3247839682456,123.90376292961108,126.24860110777884,6388400
2020-08-12,126.68883514404297,127.17981305771207,124.8519078851805,124.89422310038609,5257300
2020-08-13,125.28360748291016,126.29095747461858,124.88574634472734,125.74071766468902,5155500
2020-08-14,125.48675537109375,126.41790942484215,124.9280551888075,124.95344947739063,4240200
2020-08-17,126.1216049194336,127.17126968000692,125.47824866826905,125.55444443050844,4306900
2020-08-18,127.05278778076172,127.06126115446229,125.76610081763873,126.35018235020902,4322600
2020-08-19,127.30674743652344,128.3140972661118,126.40098767732687,126.62107581583992,7816300
2020-08-20,128.1786346435547,128.31407944077537,126.59566394080925,126.7649634789717,4874700
2020-08-21,129.31295776367188,130.06635169939995,127.47603126682317,128.4833809720979,6722800
2020-08-24,129.65382385253906,130.29293244136727,128.11997364150935,130.1565991578007,5387900
2020-08-25,129.57717895507812,130.43785380874132,129.13405987213778,130.19072445370261,3863500
2020-08-26,129.78167724609375,130.07992017412542,128.36711352195516,129.40673139124257,8008300
2020-08-27,130.36111450195312,130.5997140178881,129.43227974329918,129.88391547008314,5575400
2020-08-28,130.92356872558594,130.97469534962343,129.44083161498875,130.15664335961955,5395700
2020-08-31,130.72752380371094,131.57113874954425,129.74754958018104,130.37814135003427,6362700
2020-09-01,129.11700439453125,131.2984933511219,127.88139683738264,131.1195371933032,6307700
2020-09-02,131.08544921875,131.51152166124635,127.18262408515957,128.49492148686073,6881900
2020-09-03,127.4382553100586,132.4829508813989,126.37307432786602,131.9375787386242,8672800
2020-09-04,126.62020111083984,128.63126349235375,125.37607690182027,127.96659154447784,7200100
2020-09-08,125.48686218261719,128.5801525496121,125.1800894767772,128.03478029508548,8756800
2020-09-09,127.56609344482422,128.75910414867192,126.2197028948431,126.24526620253201,6960700
2020-09-10,125.1885986328125,127.63425010546565,124.8562626731046,127.18261439105999,6191800
2020-09-11,125.92998504638672,126.56909378616851,124.9500235131349,125.30792284708862,3934700
2020-09-14,126.41570281982422,127.37010095982318,126.12596366786785,126.21970012823914,4375800
2020-09-15,126.87584686279297,128.3244905148621,126.56055742750047,127.35304590086763,3658800
2020-09-16,126.45830535888672,127.87286909631064,126.41570851355351,127.3019335402251,4323000
2020-09-17,125.41017150878906,126.65430886469143,124.45577331973529,126.1515334590219,5461400
2020-09-18,127.1229476928711,127.5234567659938,124.58355997604606,124.84772276838295,12174000
2020-09-21,123.64623260498047,126.0577912766851,121.82264300348716,125.75954835748217,7574500
2020-09-22,122.88784790039062,123.8592927730035,122.47029212956414,123.29687389867446,5295900
2020-09-23,123.08382415771484,125.73399559073029,123.03269753886255,125.67433920026888,8784400
2020-09-24,123.2798080444336,123.77405367450778,122.14645370347554,123.18607158006263,5614800
2020-09-25,124.1234130859375,124.62617539079825,122.61511316865764,122.70884961555521,5531200
2020-09-28,125.35902404785156,126.3645486865969,124.77104204604035,125.03520485782268,5843200
2020-09-29,125.31643676757812,126.04928195931193,124.46429180057139,125.77660233127393,6768600
2020-09-30,126.86734771728516,127.59166314257894,125.12896469117932,125.64877364471974,8487700
2020-10-01,125.53799438476562,127.52348058272602,124.8051492420444,127.23375443396866,6457800
2020-10-02,124.61766815185547,126.46682092503696,124.26828564100634,124.59210484644686,5485600
2020-10-05,126.31340026855469,126.44122977014105,124.77102050269409,125.26526596956415,4992800
2020-10-06,124.63470458984375,126.63725024481649,124.30236860909284,126.35604087607358,5118200
2020-10-07,126.01522064208984,126.31346362332236,124.25127405648567,124.83073948172118,5603100
2020-10-08,126.87584686279297,127.69391164427711,126.15151853540911,126.54351088965535,4413500
2020-10-09,128.64830017089844,129.08288933345017,127.3530364474867,127.52346280519144,5054100
2020-10-12,129.3896484375,130.49743915069462,128.69089654322713,129.1851420307354,7273200
2020-10-13,126.4242172241211,127.92398755931993,125.92145485639355,126.96958943716605,11057600
2020-10-14,126.20262145996094,126.99510970293997,125.59759306798652,126.81616661703268,7706400
2020-10-15,125.42719268798828,126.03220820239702,124.69434765451332,125.67430895386703,5978600
2020-10-16,126.20262145996094,126.76502701836436,125.27377395656123,125.77654915658862,6097000
2020-10-19,122.98158264160156,126.88439561658393,122.81967299800368,126.56910610181028,7250800
2020-10-20,123.17752075195312,124.20009180607795,122.81109176429635,123.27125719040518,5325400
2020-10-21,122.64921569824219,123.8507431913959,122.63218216128537,122.81112531823169,5221300
2020-10-22,123.62921142578125,124.14902045166498,122.57254683142848,122.84523950198489,5279700
2020-10-23,123.7655258178711,125.6658052405641,123.00711740234259,124.3108980155242,4154400
2020-10-26,122.68328857421875,123.36500701852579,121.64367087225753,123.07526790287426,6929500
2020-10-27,121.98450469970703,122.9559491065073,121.78851506573479,122.48727993866443,4890100
2020-10-28,117.90277862548828,120.98753925749403,117.749385769411,120.51885692323064,8426100
2020-10-29,116.90577697753906,118.19251127240042,115.93433217814348,117.59601236096472,7205400
2020-10-30,116.83759307861328,117.2040091610002,113.88916586918648,116.47116399352647,7364100
2020-11-02,118.18396759033203,118.45664717230754,117.16139640320216,118.43108386783165,7088000
2020-11-03,118.02206420898438,120.11834630529171,117.40851886385533,119.31732804900109,6363000
2020-11-04,118.78903198242188,121.46476730704975,118.1925329615246,118.86573493008996,10263500
2020-11-05,119.09575653076172,120.85970256676411,118.66968411658122,119.7689582266779,8016200
2020-11-06,121.21759796142578,122.01861615492415,119.00201627739618,119.64112487824728,5942500
2020-11-09,124.48133850097656,126.96108347880768,123.49284721732768,126.48387137440109,12351600
2020-11-10,126.35604095458984,126.75655008583325,124.63470466729039,125.47833277404334,7386500
2020-11-11,125.9469985961914,127.13999606354226,125.14598043838562,127.1144327608631,6382400
2020-11-12,126.37311553955078,126.67135851020655,125.0522880903559,125.78513336520132,4710300
2020-11-13,127.73654174804688,128.17114405872914,126.46685390597227,127.04630631661266,5893500
2020-11-16,128.5460662841797,128.92952889734474,127.65131151832817,128.60570966713001,6266400
2020-11-17,127.26783752441406,128.3585818834206,127.07183484854843,127.82172647137735,7297700
2020-11-18,125.58059692382812,127.61722283102836,125.58059692382812,126.85881434682493,6661000
2020-11-19,125.38462829589844,125.6573209665901,124.06380080297788,125.52097463124427,7987700
2020-11-20,124.71994018554688,126.0663308185096,124.523950480286,125.30792230403001,6354900
2020-11-23,123.4499740600586,125.28623511591985,122.737777577185,125.28623511591985,7318300
2020-11-24,123.4499740600586,124.21365241756513,123.22688157229899,123.56152685046365,11034800
2020-11-25,123.28692626953125,123.70738335602138,122.58331890270493,123.61299556489294,7594600
2020-11-27,123.56153869628906,124.12786555764615,122.89224807579497,123.99057181676228,3059000
2020-11-30,124.1450424194336,124.29950118225054,122.7549790193531,123.75891515197283,15663200
2020-12-01,126.52183532714844,127.96339308669603,125.15751346213014,125.52647557568089,9738200
2020-12-02,127.11395263671875,128.46112313403407,126.73640133573728,126.86511914819216,7745500
2020-12-03,127.85185241699219,128.34953233984848,126.72778788995898,127.02810317739038,7310500
2020-12-04,128.9415740966797,128.9758909737719,128.08350814585367,128.5296930132891,6747100
2020-12-07,127.82613372802734,128.6327181194838,127.43141748152975,128.15220310152307,6634700
2020-12-08,130.03993225097656,130.54618815505214,128.32379989027228,128.70992705282057,8339800
2020-12-09,131.3699493408203,131.71317060680943,130.2201306043475,131.13826778509903,8440100
2020-12-10,130.64059448242188,131.26697921684112,130.15149040560564,131.1296985592381,7392900
2020-12-11,131.24122619628906,131.63594241983293,129.76535124520566,130.0227737307298,5977400
2020-12-14,127.91194915771484,131.69601157615128,127.84330228279966,131.49865999392802,8547300
2020-12-15,129.19903564453125,129.35348127781026,128.3066394531925,128.7099316197117,7612600
2020-12-16,128.42677307128906,129.49935587547873,128.3238093118634,128.88154713282134,8486100
2020-12-17,131.816162109375,132.04784371385483,128.6756488947868,128.78718862852872,9920300
2020-12-18,132.579833984375,133.08610310817068,130.1429285647899,131.84189636091708,17137200
2020-12-21,131.30126953125,131.6359147642097,128.7528123367689,130.4346144484976,7893400
2020-12-22,131.0438690185547,132.0563808337194,130.30593157461817,130.76928155427555,4699500
2020-12-23,130.37461853027344,131.79901197985117,130.34028854015676,131.11255620112235,4607300
2020-12-24,130.82937622070312,131.31846722728724,130.27163833558814,130.29737927840554,2114900
2020-12-28,131.4471893310547,132.03066817805933,130.68351078538467,131.55874214894536,3855500
2020-12-29,132.26234436035156,132.94021100409492,131.9706049487685,132.23660341774442,5212000
2020-12-30,133.9012451171875,134.1844085597061,132.65705163440137,132.77718038943482,5412800
2020-12-31,135.04246520996094,135.28272270290094,133.0946512343639,134.31310368943147,5099900
2021-01-04,134.28733825683594,135.04244057866282,132.2537258864282,134.92231185410392,11765900
2021-01-05,135.8662109375,136.22659720208927,133.06034364325822,134.07285556381103,9602300
2021-01-06,137.14471435546875,137.48793557832317,134.47612810466683,134.9223261688179,8230100
2021-01-07,137.60806274414062,138.17438953912833,135.8747785675544,136.43251632158604,7747200
2021-01-08,137.32492065429688,138.23448190239927,137.1876400012523,137.7282128502987,8228900
2021-01-11,136.75,138.42323948975113,136.23516815881166,137.77110082730846,7066200
2021-01-12,135.6859893798828,136.99882939574672,134.9995339177134,136.56120732842612,6903200
2021-01-13,135.4801025390625,135.9692066687205,134.50190737280064,135.77184197093527,6643100
2021-01-14,137.8483123779297,138.96380091561645,136.95592940360999,137.67670177822006,10030800
2021-01-15,137.5480499267578,138.50050417794128,136.52694879071692,137.5480499267578,7630800
2021-01-19,139.67601013183594,139.8991026225803,138.2344652506249,139.00671956655216,9057600
2021-01-20,139.3328094482422,140.8430014169387,138.83512942498874,140.03641700315043,6839900
2021-01-21,138.7750701904297,139.41861996717094,137.3421009253856,138.4232729298653,6818000
2021-01-22,140.3367156982422,141.71820266683247,138.89515781695022,139.31561492671244,8137000
2021-01-25,142.42181396484375,142.51620176377602,140.43110733243168,141.5894887632729,9924400
2021-01-26,146.28314208984375,149.00321074419475,145.34785294643075,145.6138514098736,14205700
2021-01-27,144.0521697998047,146.6606855033273,143.68319449479904,145.11616359654644,14207300
2021-01-28,145.15049743652344,146.60920751772449,143.9835267529521,144.32674803333376,8944400
2021-01-29,139.97634887695312,142.43899477760874,137.7625364230988,140.94595481764605,22505900
2021-02-01,139.615966796875,141.84693121498773,139.5215789846399,141.84693121498773,9971400
2021-02-02,138.36318969726562,140.43113260499612,138.30311877211165,140.1908750904854,11443300
2021-02-03,137.7196502685547,138.59488161855936,136.92165484138388,138.09720156044116,8601900
2021-02-04,138.99818420410156,139.0839829903397,137.08468665892192,138.14869373410033,7758100
2021-02-05,141.10899353027344,141.9584838393173,140.60273758031136,141.46080383843773,9495300
2021-02-08,141.51226806640625,142.3703342174951,140.61988503021604,141.60665586674804,6035300
2021-02-09,142.67066955566406,142.94524392899805,141.55518088631413,141.7525324446215,5544200
2021-02-10,143.134033203125,144.1036522834164,142.18157911438405,144.06074635106637,5921300
2021-02-11,142.49044799804688,143.62310148325642,142.09574494208525,143.29703219029324,4871300
2021-02-12,142.93667602539062,143.16835757656122,140.72286355200387,141.06608481125144,4413100
2021-02-16,141.64102172851562,143.33998947203727,141.27204638168428,142.93669723141062,5656100
2021-02-17,142.14723205566406,142.51619419085262,141.03174351657046,141.5551643568271,6676700
2021-02-18,142.21591186523438,142.57629813649433,140.98029431059877,141.54662120531552,5189100
2021-02-19,139.8475799560547,142.40462582429203,139.78752215004744,142.09572156941323,8190900
2021-02-22,139.7613067626953,140.33979457665131,138.39710631012974,139.7613067626953,6447100
2021-02-23,138.52658081054688,140.90097679304586,138.4920367638821,139.42452840342676,7042800
2021-02-24,140.38294982910156,141.9371028754059,138.94104519507638,140.2188985110616,10286100
2021-02-25,140.52972412109375,141.3413380816633,139.86490262121936,140.84919731974728,9719700
2021-02-26,136.8170623779297,140.2275568621066,136.39398330886962,139.8735527333848,14417500
2021-03-01,137.55958557128906,139.4677295249733,137.36099020032756,139.3986545926427,10551400
2021-03-02,137.3005828857422,138.82019214980838,136.93794930595476,137.9567751004006,7610900
2021-03-03,134.88299560546875,137.19694668398265,134.7448457329523,136.63573094209298,8499600
2021-03-04,132.16322326660156,134.7793752624497,130.7817510397207,134.68439888216793,11033200
2021-03-05,134.7793731689453,135.28878593950049,132.21502411586508,132.94892052055593,8331600
2021-03-08,135.9018096923828,137.56821109771744,134.67575932133607,135.55644821521602,6546700
2021-03-09,136.16085815429688,138.79428263709423,135.46149249281746,135.46149249281746,7461300
2021-03-10,137.41278076171875,138.06034337261224,135.86727046058544,137.12786480665724,6635600
2021-03-11,137.40415954589844,138.69065541929416,137.21420678137838,137.74952102246445,6305600
2021-03-12,137.8013458251953,138.41436446111376,137.4473417257513,137.52504608669366,5474800
2021-03-15,138.50933837890625,138.71656317908636,136.85157950155445,137.93085063327018,5524100
2021-03-16,139.32957458496094,139.59723170380684,138.35392249123515,138.54387525455078,6369100
2021-03-17,138.81150817871094,139.64038084262052,137.74086671524316,138.8633110733686,6001400
2021-03-18,138.552490234375,139.4331790293155,138.11215242425195,138.32800661690538,4801800
2021-03-19,138.1812286376953,139.44182305162255,137.68908787776667,138.74245750216326,14891500
2021-03-22,138.57843017578125,138.7079374574682,136.41988764967874,136.68754481496376,7544100
2021-03-23,138.44891357421875,139.18281007887154,137.17968960033417,138.328035727882,7178300
2021-03-24,139.7958221435547,140.28796288594103,137.9912841303126,138.23303978879983,6370100
2021-03-25,139.8476104736328,140.26204682004257,138.69926462812583,140.2534173955298,6269800
2021-03-26,142.40335083007812,142.5501433048894,139.33823120615145,139.95124986105793,7619200
2021-03-29,143.36172485351562,144.21651225928161,141.28090030312205,141.4535810344205,8535100
2021-03-30,142.47244262695312,143.03367161407277,141.79897838216846,142.4810852292572,7236300
2021-03-31,141.90257263183594,142.8005204100011,141.3413437426234,142.42925746725575,8281500
2021-04-01,140.59017944335938,141.46222579449926,140.0980254723787,140.3915972395744,7229700
2021-04-05,141.10818481445312,142.2479011811534,140.4433634419046,141.28950811813482,7387100
2021-04-06,141.0736846923828,142.04934999095826,140.7369526333155,141.66944445258565,5074200
2021-04-07,141.26364135742188,141.84212910691727,141.01325625005984,141.21183845070536,4608000
2021-04-08,140.7110595703125,141.69535435355732,140.60745375355944,141.60037796330138,5039400
2021-04-09,139.22598266601562,140.6765168127279,137.95675870029385,139.97715119379896,8418300
2021-04-12,139.562744140625,139.9426497851629,138.44029923849934,139.0878620849526,5022800
2021-04-13,137.69773864746094,138.08627366019738,135.15066114763556,135.43559033689505,18424100
2021-04-14,138.07763671875,138.2416880467925,136.02270016697076,136.2730984596768,7718300
2021-04-15,138.48342895507812,140.21026266643253,138.34527909624282,138.7683580984151,7524600
2021-04-16,140.08074951171875,140.31386256715857,138.63020240439533,139.30366646950063,9049400
2021-04-19,140.4692840576172,140.83191753977295,138.87195767638084,140.3052327544454,8353500
2021-04-20,143.74163818359375,144.87271218600392,139.01011738030928,139.01011738030928,14050700
2021-04-21,143.8366241455078,144.11292388876552,142.71417949424293,143.64667136569236,6333200
2021-04-22,142.61920166015625,143.56896554961608,142.13569028904826,143.18905999383216,7233000
2021-04-23,142.91275024414062,143.37898951216033,141.60035303925258,142.0579628822941,6015300
2021-04-26,141.7039794921875,142.8177946873673,141.39314887663693,142.64511393977176,6027800
2021-04-27,140.8923797607422,141.52268365663468,140.279361068466,141.39316320179336,6217700
2021-04-28,139.85626220703125,140.90963185214815,139.5713330563328,140.61607327556044,7448000
2021-04-29,141.77305603027344,141.82485893766858,139.7094901126215,139.78719447371418,6394300
2021-04-30,140.5038299560547,141.88530228076002,140.3225197829387,141.72988038624982,9079100
2021-05-03,142.6450958251953,142.74007220051624,140.84054469409776,141.25499424533172,6594100
2021-05-04,144.85546875,144.92454368856568,142.1788708730437,142.3170207501751,10179500
2021-05-05,144.2510528564453,145.3993856206975,144.009284028782,144.6223157611128,7792300
2021-05-06,144.82955932617188,144.959066594671,143.5344339423939,144.00930271002179,5529900
2021-05-07,145.4857635498047,146.07288078211513,144.90727574454667,145.31308278587207,5316200
2021-05-10,147.0139923095703,148.10189280930643,146.11603139814417,146.69451911286308,8357500
2021-05-11,145.81385803222656,147.5320493226758,145.29580259483356,147.3420965406115,8217900
2021-05-12,145.2267303466797,146.60820275550384,145.01087610621948,145.52028895177818,6758300
2021-05-13,146.74636840820312,147.3852885968501,144.16474667185494,144.16474667185494,8018600
2021-05-14,146.97085571289062,148.17100492139727,146.92768222415603,148.05875648562716,5797700
2021-05-17,147.1175994873047,148.41272478821108,147.0485245569595,147.1262289130869,5722600
2021-05-18,147.1693878173828,147.96372967564585,146.37504595911977,146.76358087597637,5846000
2021-05-19,146.84996032714844,146.91903526594194,145.0885823246576,146.70318102272378,5533800
2021-05-20,147.7047576904297,148.15372506038207,146.51323797276746,146.72909223033244,4853200
2021-05-21,147.60972595214844,149.14660663586835,147.53200843579012,147.92918591767761,6501800
2021-05-24,148.1744384765625,148.86948392278146,147.49677281214358,148.47851174517194,5195100
2021-05-25,147.76611328125,148.59147402419165,147.47072324809454,148.2787042076475,7444700
2021-05-26,146.888671875,147.76615898260792,146.20230941621722,147.6966530844467,5726400
2021-05-27,146.66273498535156,147.84430842282924,146.28915579711742,147.0536939576799,8114700
2021-05-28,147.0449981689453,148.57408761671513,146.9754922953799,147.2795788351174,6400800
2021-06-01,143.81309509277344,147.87040733651403,143.6827798226863,147.82696449418694,10448400
2021-06-02,144.3951873779297,144.85565232649694,143.44819442762304,143.61326926897615,6806000
2021-06-03,144.2561492919922,145.22052185424073,143.96945575936195,144.12583404988754,5808800
2021-06-04,144.19534301757812,145.58543416194016,144.10845734972114,145.09889298158927,6510300
2021-06-07,143.21360778808594,144.49944689040902,143.03116642340183,144.22142332550894,5362800
2021-06-08,141.953857421875,143.92604583024573,140.8070432584992,143.59589613224776,7746800
2021-06-09,143.86520385742188,144.03027868422808,142.18841905226958,142.47512586879205,5552600
2021-06-10,145.15972900390625,145.59413086951875,144.17797654541624,144.22141938335605,6463100
2021-06-11,143.31787109375,145.15973078433228,142.67495155227644,145.15104751939498,7389900
2021-06-14,143.67405700683594,143.75225941147087,142.39691456613045,142.91820206486844,4931300
2021-06-15,142.90953063964844,144.09978751020347,142.82264496369706,143.5524369168742,5062900
2021-06-16,142.85739135742188,144.0042186475161,142.03203046300774,143.178857753102,6988500
2021-06-17,143.5437469482422,143.96076900816863,142.0494035385392,142.64888020668533,5874700
2021-06-18,140.7288055419922,142.6488673600296,140.56373073439593,141.8495696267819,12993000
2021-06-21,142.34478759765625,142.70968354178598,140.96339296840264,141.41517458075495,6592300
2021-06-22,142.15365600585938,142.51855196609077,141.85826593189475,142.2318584134672,5627800
2021-06-23,141.2935333251953,142.21446301758334,141.16320483141592,142.21446301758334,4493400
2021-06-24,141.93646240234375,142.65757109554573,141.44125116538154,141.84958998269943,4549200
2021-06-25,142.6663055419922,143.1615169105953,141.5194779399277,141.56292078974465,10963800
2021-06-28,142.50119018554688,143.41343674496895,142.06678832457376,142.86608615793716,5604000
2021-06-29,142.50985717773438,143.03982791788232,141.97120317383983,142.4837941296034,3749500
2021-06-30,143.126708984375,143.32653009925593,142.1970827746019,142.4837895517219,6151700
2021-07-01,144.18666076660156,144.23009034394354,143.0311503118215,143.126719244379,6320200
2021-07-02,146.81044006347656,147.0884636004628,143.90863899486516,144.23878863081333,9059900
2021-07-06,145.93295288085938,146.70618761354777,145.08152899986237,145.88082678198697,6098500
2021-07-07,147.18402099609375,147.26221013840726,145.50722315521182,145.50722315521182,6293500
2021-07-08,146.8973388671875,147.22748853265458,145.59413324905088,146.56718920172042,5755500
2021-07-09,147.47946166992188,148.01811584441845,147.03637645447102,147.1493119465102,6120900
2021-07-12,147.24488830566406,148.72185235495698,146.42821047948317,147.46208929105703,7840500
2021-07-13,147.06239318847656,147.48809847994795,146.54110571117096,146.80174944982375,4691200
2021-07-14,148.0615234375,148.41773613248364,146.86257010164883,147.6966274780871,6162900
2021-07-15,146.28048706054688,147.6097557730738,145.7157699106893,147.0884814632576,6656900
2021-07-16,146.0459442138672,146.9060516100131,145.91561567176623,146.25444867019553,5834900
2021-07-19,144.9859619140625,146.12409261025442,143.63063029853953,144.6384324889976,8219700
2021-07-20,146.34999084472656,148.40036825034102,144.95121625966468,145.00334236420593,9902800
2021-07-21,147.2535400390625,147.42729812314528,145.50723616326667,147.08846521927165,7585200
2021-07-22,147.6792449951172,148.626251076301,146.52373451630115,147.14059095871121,5281900
2021-07-23,149.2517547607422,149.59058761210446,148.02675184082622,148.5654057950714,5014900
2021-07-26,149.32130432128906,149.5558850583671,148.44381725895892,149.277874736962,4484900
2021-07-27,150.0076446533203,150.0597707523514,148.27872057973522,149.26047296779367,7089300
2021-07-28,149.5906219482422,150.63319704425413,149.5037495281699,150.0684666577655,5750700
2021-07-29,149.5906219482422,150.59843747071076,148.64362905102794,150.07716317959785,4214100
2021-07-30,149.60797119140625,150.28563691132757,149.29520137783564,149.90336122175344,5346400
2021-08-02,149.6688232421875,150.16403447789003,148.82608255811283,149.8425813379271,3721500
2021-08-03,151.51068115234375,151.60625009241983,149.8165165390792,150.06846378642922,6033000
2021-08-04,150.6157989501953,151.68442371113431,150.52891328379087,151.34559082318333,4793100
2021-08-05,150.9025115966797,151.04152336556442,149.79912722360663,151.04152336556442,4291000
2021-08-06,150.39859008789062,151.11969865886206,149.82517653648338,151.11969865886206,4581100
2021-08-09,150.91990661621094,151.38905481243881,150.24222748871443,150.92858988130826,3950200
2021-08-10,150.9719696044922,151.26735957702843,150.11184947128498,150.52887138880013,3678300
2021-08-11,150.99807739257812,151.58017424868208,150.78955974358453,151.3890363846609,4221300
2021-08-12,152.21441650390625,152.292605660859,150.81564191632452,151.01547632661715,4300400
2021-08-13,153.12664794921875,153.16139426323855,152.1448955527857,152.29259058693094,5882100
2021-08-16,154.50804138183594,154.55148421668358,152.8660029769733,153.38729048136128,4782800
2021-08-17,155.92416381835938,155.95891012501895,154.04754509340142,154.04754509340142,6041900
2021-08-18,153.94332885742188,155.9502632720203,153.8912027568181,155.9502632720203,7134100
2021-08-19,155.1422882080078,155.8025742693841,152.97027888610745,153.44811033141127,5615000
2021-08-20,155.8981170654297,156.31513907336924,154.70786039884217,155.42027244336845,5428700
2021-08-23,155.22520446777344,156.37883341630135,155.16402040618482,155.90689733182896,6461700
2021-08-24,153.28497314453125,154.87559846402817,153.188836302851,154.68332478066768,5734800
2021-08-25,152.27114868164062,153.73067084038075,151.97400333246026,153.5471453805737,5700300
2021-08-26,151.45840454101562,152.6994354315655,151.23991290530603,152.0264774595921,5031600
2021-08-27,151.135009765625,152.31486979153166,150.9777022078612,152.31486979153166,7046100
2021-08-30,151.7730255126953,152.31488047500278,151.00393072567533,151.01266558982948,3252700
2021-08-31,151.309814453125,152.4984093483179,150.74172826411444,151.6244429058428,7106800
2021-09-01,151.84291076660156,151.84291076660156,150.37464043834848,151.10876893464126,5327400
2021-09-02,152.88296508789062,153.11020493002698,151.99152879167897,152.36732801417912,4544300
2021-09-03,152.9790802001953,153.13640109436543,151.90410521009971,153.0315293886984,4096900
2021-09-07,150.6018829345703,152.97032419805905,150.03379682414726,152.37603350050998,6859900
2021-09-08,150.23483276367188,151.1787181635205,149.5181871837334,149.99012321582262,4661700
2021-09-09,146.88754272460938,149.8677580840155,146.5641660807031,149.6143136897131,7114600
2021-09-10,145.92616271972656,147.77896711676797,145.83876075034345,147.30703115483658,6699300
2021-09-13,144.9036407470703,146.9312359858963,144.31808482314347,146.75644536222214,6273500
2021-09-14,144.02969360351562,145.5503869026015,143.77623582988693,145.42803211605815,5259600
2021-09-15,144.57151794433594,145.04346726066063,143.60141472263373,144.204453662566,7935300
2021-09-16,144.396728515625,145.4804516437656,143.49654419770528,144.77252766348695,5665400
2021-09-17,143.98597717285156,144.125815009817,142.9459549308852,143.59269492509767,13419800
2021-09-20,143.1644287109375,144.35302350569577,141.73112439981742,142.87601820901068,7270800
2021-09-21,143.79368591308594,145.06093448354363,143.5402415332618,143.86360482302638,6663600
2021-09-22,143.26931762695312,145.03473363774614,143.00713835338937,144.51036175494858,5657100
2021-09-23,144.08209228515625,144.87740486030154,143.46157031201687,143.68006189844132,4697900
2021-09-24,143.64511108398438,144.77252181771536,143.2343458290148,143.98595743005825,4399300
2021-09-27,142.6051025390625,143.6451247372779,142.32544021256643,143.33049628517637,5775500
2021-09-28,142.29049682617188,143.25186539891405,141.38157745021977,142.54395460247287,7610400
2021-09-29,143.3479766845703,143.9073146628395,142.26425351731842,142.45652719756745,5124100
2021-09-30,141.14559936523438,144.55406361316034,141.06694557543716,143.88985382875387,6972300
2021-10-01,140.24534606933594,141.4951112351985,138.6285033931706,141.17174803423137,8568300
2021-10-04,139.15292358398438,140.70858262315085,137.798273071721,139.82588140877783,8620700
2021-10-05,139.4675750732422,140.80474274566436,139.09176254530234,139.712284625341,5129000
2021-10-06,139.7559814453125,139.79093423642448,137.94686445094072,139.72101531853053,7312600
2021-10-07,141.00572204589844,142.11566299981226,139.85209344477357,139.85209344477357,5309200
2021-10-08,140.64743041992188,141.2417346081732,140.05313956734176,140.9882901764955,4343200
2021-10-11,140.05311584472656,141.4514674214376,139.78218839396018,140.5862358830849,4101600
2021-10-12,137.81576538085938,139.9919332077878,137.5098718029713,139.83462565504706,6686400
2021-10-13,139.13546752929688,139.90456233548576,137.86821874049622,137.9294027981116,6901100
2021-10-14,139.93075561523438,140.83093990678614,139.48503756870932,139.58117440254827,4579200
2021-10-15,140.9707794189453,141.41649747082266,140.19294987606014,140.73480476293088,6918400
2021-10-18,139.93951416015625,140.61247211091415,139.13546656637374,140.05313407455805,7465500
2021-10-19,143.2168426513672,144.33551836523054,140.47258920709828,140.62116186675726,10081300
2021-10-20,143.1382293701172,143.98597792459972,142.6837630654419,143.3130199994015,6003200
2021-10-21,142.80609130859375,143.67132276596064,141.82725329791683,143.59266899774576,4524100
2021-10-22,143.0857696533203,143.38291500711742,142.42156003853827,142.50894867077204,4304300
2021-10-25,143.40040588378906,143.60141441811732,141.32910982116942,143.08577745212935,6715400
2021-10-26,144.85992431640625,145.1046338306001,143.37418417003832,143.81990221324818,6939100
2021-10-27,143.10324096679688,144.8686432196131,142.72742853847117,144.7987243181649,7018800
2021-10-28,142.32540893554688,144.3792216185989,141.86220789058763,143.12945628407363,6278800
2021-10-29,142.3516387939453,142.67500206566973,140.36773150902988,141.88843771014143,8526800
2021-11-01,142.4740447998047,143.3130453027714,139.31027650778182,142.59639959547368,5846400
2021-11-02,144.72010803222656,145.93492092118984,142.43905495747734,143.06831189779922,8450600
2021-11-03,144.2569122314453,144.8774343308093,142.83234253076276,144.23942916698795,6717800
2021-11-04,143.85487365722656,144.19572001715312,142.16811158377652,144.15201903035867,8224400
2021-11-05,142.8323211669922,143.85487358190528,141.75734623788958,142.00205576100774,6215900
2021-11-08,142.34292602539062,143.47908519391027,141.59131426797032,143.05083678870034,5578800
2021-11-09,142.02822875976562,142.97211376565397,141.59999389760188,142.11563070566189,6112800
2021-11-10,143.5664825439453,144.0646365208331,141.8884684425449,142.0457760134556,6225100
2021-11-11,142.5089569091797,143.16443169933157,142.010803003212,142.88476939008117,4118800
2021-11-12,144.2132110595703,146.4942642164483,143.8636297848806,146.3282084434859,18995200
2021-11-15,142.91099548339844,144.60649250454352,142.64880288521744,144.20446207591004,7496200
2021-11-16,142.16812133789062,143.6363919137749,142.12442034809786,142.61383942816937,7594700
2021-11-17,142.7012481689453,143.2081503360849,141.39903329117269,142.3429187056047,5414500
2021-11-18,141.93214416503906,143.7412610924139,141.69618282851414,142.84981159186677,6358700
2021-11-19,142.3604278564453,142.62262052000054,141.39032433626195,142.4915175203865,7620700
2021-11-22,140.4866180419922,143.07291114105985,140.4426308173994,141.65660841647596,7634500
2021-11-23,141.35752868652344,141.6302307097725,139.6773158957094,140.32829197473626,7734000
2021-11-24,140.961669921875,141.29594332501472,140.20513523632073,140.8736954656176,5230900
2021-11-26,140.04678344726562,141.77098345401177,139.57175628485552,141.27835871580356,8523100
2021-11-29,140.53062438964844,141.12001569494925,139.36063385595523,140.3107016597742,9188500
2021-11-30,137.1702117919922,139.8708696169538,137.09984832393891,139.43981619276548,14981700
2021-12-01,139.0615692138672,140.82095139508056,137.45173290729446,138.0059425897433,9835800
2021-12-02,138.1906280517578,140.1259451761889,137.89153639370377,138.34017388078485,11334700
2021-12-03,140.2051239013672,140.46022832706169,138.63046985357866,138.91197735242974,8750500
2021-12-06,143.33682250976562,143.8470447895469,140.60098355793102,140.9176727859671,9692000
2021-12-07,143.706298828125,144.50682072891576,142.87059519920834,144.26930043925995,8311300
2021-12-08,144.56842041015625,144.77075901129672,143.07294834622755,143.8030935106853,6216400
2021-12-09,145.9407501220703,146.0111270217979,143.82070474349413,144.42768033547998,8574200
2021-12-10,145.58004760742188,146.63567397188578,144.8410970715814,145.6504244881218,6572200
2021-12-13,148.18392944335938,148.84369761846162,144.09337212693265,144.92907579745858,11142300
2021-12-14,149.80259704589844,150.400793995964,147.0491729288537,148.07840994310652,10482400
2021-12-15,150.55030822753906,150.69106200067225,149.037238723904,149.4155128113221,8552200
2021-12-16,152.1953125,152.63515793475025,150.28638492394595,150.65585347837407,8998600
2021-12-17,147.99041748046875,150.23363228038644,147.4890005758395,149.23078504810817,16726200
2021-12-20,147.56817626953125,148.23673664716844,146.5125496753071,147.6209555857894,7954500
2021-12-21,147.0931396484375,147.87606411020494,146.01111004185614,147.8408689529235,7954200
2021-12-22,147.72650146484375,147.9376321346695,146.1342629210882,146.96117459913168,4178200
2021-12-23,148.00799560546875,148.6237765578567,147.22507123250023,147.682514264139,3501500
2021-12-27,149.25717163085938,149.41552299217855,148.40387027974796,148.79093647072875,3704800
2021-12-28,149.85536193847656,150.11046641335844,149.18678821130393,149.36272372050027,3187000
2021-12-29,150.91099548339844,151.29806167556697,149.46830276360092,149.5474717329937,3662000
2021-12-30,151.57957458496094,152.08100496589987,151.08694970594664,151.41243112464798,4231800
2021-12-31,150.48875427246094,151.90504397597607,150.45355911359164,151.77309568776664,4409500
2022-01-03,150.90219116210938,150.95498389847012,148.75575635579438,149.7322139216632,6012200
2022-01-04,150.49752807617188,151.5619465998657,150.0752801821539,150.47993049887407,6748400
2022-01-05,151.5003662109375,152.5999798238824,150.97254630751686,151.30683314121777,7016100
2022-01-06,150.9813690185547,151.74669588504352,150.2512238855629,151.43879866911254,7301600
2022-01-07,153.0222625732422,153.33015982425704,150.54154067694324,150.83184034769474,6986000
2022-01-10,152.26571655273438,152.7935365378332,151.447610341153,152.7935365378332,7698400
2022-01-11,150.64706420898438,152.5296021678723,149.64421713598836,152.17773118272262,8341100
2022-01-12,149.3627471923828,149.6178651303746,148.08719777148704,149.20440923612946,8116200
2022-01-13,148.45663452148438,149.9169246672044,148.19273798444186,148.66776517413655,6159400
2022-01-14,147.64736938476562,148.3599171167954,147.04038030251132,148.3423329571812,5847700
2022-01-18,146.996337890625,147.54174189067137,146.037464718167,146.996337890625,7815600
2022-01-19,146.5389404296875,148.4214787874269,146.31022558318438,147.08434459912903,5926500
2022-01-20,145.36891174316406,147.66490537932626,145.0874042304771,147.16347515598397,6011300
2022-01-21,145.03468322753906,147.77932888744073,144.6828121182549,146.19588204961715,10550300
2022-01-24,143.3632354736328,144.41886193107823,139.2198851849617,144.26931608005017,14054600
2022-01-25,147.4626007080078,148.1487585866322,142.1404676869697,142.82662556559413,14081200
2022-01-26,148.12237548828125,148.86131270981426,146.23103177664342,147.38342484372882,9963200
2022-01-27,150.06646728515625,151.22766571524286,148.66776197683927,149.01084089063434,9066700
2022-01-28,151.12208557128906,151.1660727984961,148.93166394036123,150.30397952191052,9783100
2022-01-31,151.5619354248047,151.85223502523078,150.26880218365946,150.8669855374944,8054800
2022-02-01,150.3215789794922,151.28923087507633,149.04601648960372,151.0781136586668,8154700
2022-02-02,151.98419189453125,152.17772495534916,149.23954731521212,149.23954731521212,7382800
2022-02-03,151.97543334960938,152.7319682511773,150.46236354647348,151.53558778876803,6240400
2022-02-04,150.9813690185547,152.16894380210434,149.65302703195908,150.4271593990866,6392200
2022-02-07,150.47994995117188,151.07814684945893,149.55627165740262,150.78784719010173,6065700
2022-02-08,150.87579345703125,151.35083409779938,149.96971283162492,150.44475347239305,6296100
2022-02-09,150.85821533203125,151.51798358600993,150.64708465847104,151.36843772587045,5387500
2022-02-10,149.03724670410156,150.62069317908882,148.93168808010887,150.61190110142923,10355300
2022-02-11,147.53297424316406,149.67940887291684,147.3834149703073,148.77332827370873,13125300
2022-02-14,145.6768341064453,147.76169746873163,144.10217970888024,147.53298264237316,8967600
2022-02-15,147.1810760498047,147.87603934803448,146.03747524400862,146.14304727515508,6631400
2022-02-16,147.0931396484375,147.6473358569343,145.77360313379447,146.45976104756727,8482400
2022-02-17,146.1958465576172,147.30425236349456,145.07863525118088,147.093135118386,6227600
2022-02-18,144.6287841796875,146.3994597874167,144.25694392316632,146.06302709900964,6423200
2022-02-22,142.66336059570312,144.9652447318694,142.0436267157154,144.81473889738564,6868900
2022-02-23,142.7341766357422,143.9913548266244,142.4066059372486,142.99091868147258,8016900
2022-02-24,140.0073699951172,141.7691977202283,137.86485336216714,141.45932397402498,12883400
2022-02-25,146.96607971191406,147.84256902651396,141.3884486836614,141.654052734375,11340400
2022-02-28,145.7000732421875,146.24011642407925,143.76118096587598,144.19498791646902,9373500
2022-03-01,145.1953887939453,145.85939209635666,143.7877050350369,144.34545862281882,8737800
2022-03-02,147.00149536132812,148.4091928547325,145.23081960481923,145.55840380601845,6793300
2022-03-03,149.16172790527344,149.92311905135986,147.24940827881971,147.58582749975247,7333700
2022-03-04,150.04705810546875,150.38349081829105,147.71862869857267,148.41803967034224,6302500
2022-03-07,152.46401977539062,153.26966686040424,148.17012628692572,149.00234593287,11663400
2022-03-08,149.37420654296875,153.26968776822972,149.18827964618328,152.3135212472983,11100300
2022-03-09,149.9408416748047,150.7110813987888,148.63939375616465,150.51630596136064,7248200
2022-03-10,150.20640563964844,150.64021249049927,148.80757037603829,149.23252871271038,6171400
2022-03-11,149.93194580078125,151.80000889938825,149.63978273692163,149.73717042487485,5188000
2022-03-14,152.00367736816406,154.15504213864634,150.81732773730096,151.10947737765994,7729500
2022-03-15,155.94337463378906,156.2798072669697,152.7650156818558,153.45557797477775,10554400
2022-03-16,154.50914001464844,156.6605041527715,152.7738721693087,155.34135961857766,9603300
2022-03-17,156.52774047851562,156.56314804980875,154.22585657812616,155.1200564861897,7472100
2022-03-18,154.79246520996094,156.70479819282315,153.74777303975014,156.70479819282315,13809500
2022-03-21,155.66897583007812,156.8464769432917,154.33212036775464,154.63313203330796,7574900
2022-03-22,154.93408203125,156.14699023621424,153.96906727680138,155.66891386998552,8442100
2022-03-23,154.34982299804688,155.41222589153094,154.1284884990216,155.13777327420934,5254200
2022-03-24,155.14662170410156,155.4122122723088,154.11077796053965,154.9341357403512,5012300
2022-03-25,156.63397216796875,157.32453461626116,155.12890051166949,155.54501038553587,4809500
2022-03-28,157.43960571289062,157.74946580415477,156.12930969196452,156.39490019613913,5604200
2022-03-29,157.3599853515625,158.82963620537828,156.52776544699066,158.13907362694337,5933400
2022-03-30,158.99781799316406,159.23686299035504,157.3068194919838,157.97968489012388,6277600
2022-03-31,156.90843200683594,159.54674867162177,156.68709753215697,158.99782998817267,11490400
2022-04-01,157.7583465576172,157.97081898618356,155.46532487145234,156.7490619943782,6525600
2022-04-04,156.23561096191406,157.7583935295625,155.39454249365386,157.7583935295625,6860600
2022-04-05,157.24488830566406,159.05097194577394,156.07623561974466,156.23560349018197,7446100
2022-04-06,161.33514404296875,161.6627282975106,158.1390732416662,158.8207873015015,10330900
2022-04-07,160.9190216064453,161.97257593285224,159.56445561797503,160.83934443281416,7385200
2022-04-08,161.2377166748047,162.18503461027538,159.7414936233388,160.53830575310707,7144500
2022-04-11,159.21914672851562,163.07922007733677,159.0066743023676,162.0168174190484,5932000
2022-04-12,159.27227783203125,160.07793853807357,157.7672061508736,158.65254402322327,5957500
2022-04-13,159.94512939453125,160.1044837133308,158.6879513458872,159.27226402400157,5643100
2022-04-14,159.27227783203125,160.60028464055574,159.12177201483388,159.36081702293976,6188200
2022-04-18,157.2891387939453,159.70610754349258,156.4746295251026,159.12178127154522,6318700
2022-04-19,162.087646484375,164.61971313960444,159.31653483992653,159.9982487303452,14380800
2022-04-20,162.8047637939453,163.1854660640503,161.04293674876308,161.34396186088648,8044900
2022-04-21,162.3355712890625,163.67242676514564,161.6272982087407,162.84020690895645,6969200
2022-04-22,160.72422790527344,162.14962238910996,160.58258411575912,161.54759913341928,8003600
2022-04-25,164.6816864013672,165.2837231560494,161.220025721382,161.43249815664828,11176500
2022-04-26,163.5041961669922,165.1774977594345,163.06152721894313,163.8760499714355,10190000
2022-04-27,161.2200469970703,163.62816731522432,160.90132479292683,163.11466968026068,11090100
2022-04-28,162.42410278320312,163.3448482875033,161.0606748041694,161.35283794253377,9403900
2022-04-29,159.76809692382812,161.61845004950433,159.5379004044332,161.57418044891412,8463100
2022-05-02,158.15676879882812,160.60915867113104,156.73137417742566,159.7769388474422,7145400
2022-05-03,157.84689331054688,159.91859432998524,157.30683663385497,158.29842429990953,5898700
2022-05-04,159.5378875732422,159.80349164623624,156.83760426464065,157.72294216849792,5923000
2022-05-05,156.49234008789062,159.1040979964275,155.17319511316938,158.84734241116664,7089200
2022-05-06,156.14703369140625,156.5897026204031,154.659672574385,155.05807190864545,6434000
2022-05-09,156.9969482421875,158.08590991579385,154.57111789113713,155.33250891305934,7855200
2022-05-10,156.7844696044922,158.63482238605923,156.2621235385502,157.79375416799994,8186700
2022-05-11,155.93460083007812,157.8734933926758,155.71326630940143,155.78409497712042,6138900
2022-05-12,157.47508239746094,157.5459110660567,154.67742428845816,156.23561447000318,6898600
2022-05-13,156.57203674316406,158.3781203887888,155.64242910546895,158.20990400083042,7732200
2022-05-16,157.66099548339844,158.59060310187655,155.96999663092322,156.5720335064769,5516700
2022-05-17,158.31610107421875,159.09518909879625,156.34178818836793,158.22756189658907,5751100
2022-05-18,155.3767852783203,158.80303827177553,155.08462218062667,158.33381031434772,8608800
2022-05-19,153.99566650390625,154.75705758891252,152.88899420065198,154.68622894040223,6874500
2022-05-20,156.68710327148438,156.84647112386654,154.09306961763795,154.80134266439097,7522100
2022-05-23,159.8858642578125,160.32245872412454,158.12163485624563,158.24637807461923,7040800
2022-05-24,161.63229370117188,161.93525321663742,159.58294246098177,159.7165910736922,6419800
2022-05-25,160.04629516601562,161.76598466588152,159.5473221285402,160.85713314991096,6558900
2022-05-26,159.90371704101562,161.27589268716653,159.13743325015398,161.27589268716653,6897600
2022-05-27,161.35606384277344,161.4184422540857,158.80772627357277,160.17099639176834,5853600
2022-05-31,159.96609497070312,160.53635177369878,155.93864865179938,158.60282458860425,16391400
2022-06-01,158.3444366455078,160.23340980312398,156.7316661257751,159.62750428713701,5175400
2022-06-02,157.8454132080078,158.433494237383,155.5643864715133,158.37112942299024,8666500
2022-06-03,157.19497680664062,159.19978749412422,156.95439571726465,157.7741524961759,4234200
2022-06-06,157.17715454101562,159.04831664583432,156.82074918580864,157.89889781869792,5386500
2022-06-07,158.90574645996094,159.76113833282275,157.17715196396392,157.6939492377357,5447800
2022-06-08,157.9612579345703,159.89478480078523,157.53356880185726,158.69190656578118,4333100
2022-06-09,154.78028869628906,159.18195015924044,154.71791028724738,157.8988828445775,5509600
2022-06-10,153.7467041015625,155.0119607485885,152.02701500517318,153.40810950729062,6647300
2022-06-13,152.1963348388672,153.4794160218985,151.54588887102292,151.54588887102292,7997000
2022-06-14,149.86181640625,152.46361332134023,149.03315431977737,152.41905925716574,7116800
2022-06-15,151.46566772460938,152.757654011256,150.26277597042613,151.15380287100882,7796100
2022-06-16,151.5458526611328,151.66169050569906,149.166812534367,150.04892043993712,7056700
2022-06-17,150.99346923828125,153.4348749669253,150.7974421744637,152.03596938894975,12486600
2022-06-21,154.15658569335938,154.91396412753593,151.08254507674914,152.1428694461988,8219700
2022-06-22,156.58908081054688,158.53151303203435,152.98041895023223,153.25663512888485,10593100
2022-06-23,160.0819091796875,160.22447675835895,157.2840850292253,157.71177416924704,10223500
2022-06-24,162.42532348632812,162.6391748841088,160.3670530681693,161.079877464777,9374400
2022-06-27,162.27383422851562,163.3698072366756,161.72140183467423,161.846145071864,5908600
2022-06-28,157.65829467773438,163.03118555224188,157.0969434055948,162.31836134552307,9245700
2022-06-29,157.70286560058594,158.87010873583733,157.20387908534036,157.90779799328087,7097900
2022-06-30,158.16619873046875,158.8611987065464,155.95645556540123,157.5870366157351,10777200
2022-07-01,159.9571990966797,160.1354018089532,157.43559060982304,158.11276635486053,5498400
2022-07-05,158.7275390625,159.60966063051782,155.58221504177936,159.3423498284525,5676400
2022-07-06,158.8701171875,159.88588742601507,158.0771036995013,158.66518478390296,5335600
2022-07-07,159.04830932617188,159.60074168011673,158.16618775804096,158.47805262648916,5725800
2022-07-08,158.85227966308594,160.37594169246066,158.39786082428603,158.8968337286919,3828300
2022-07-11,158.91464233398438,159.51162868519634,158.1750884253512,158.3354667304571,3645200
2022-07-12,156.68711853027344,159.00378079655442,156.10794276670742,158.5849969784047,4708800
2022-07-13,156.32179260253906,157.1148061574236,155.48422497459478,156.51781964720664,5291700
2022-07-14,156.53562927246094,156.82966983734497,153.52396701842537,153.72889943783153,5359600
2022-07-15,158.80775451660156,159.05724101423635,157.31083553079287,158.3444302187052,5691100
2022-07-18,155.24362182617188,158.7720945334666,154.95850027184076,158.37113512481756,7605700
2022-07-19,152.98043823242188,157.48903298436633,151.36768142785613,157.1148032503782,13256400
2022-07-20,152.10723876953125,153.74672533326682,151.26075216695568,153.4348604169501,7455800
2022-07-21,152.641845703125,152.71312950048565,151.2696699929168,151.51915648568192,5729200
2022-07-22,153.3635711669922,153.69326042006224,152.41908467137296,152.90024689109953,4257000
2022-07-25,153.66650390625,154.12982810136725,153.0071391110566,153.36354442976085,4437300
2022-07-26,154.7535400390625,155.91187768764047,153.6932294858781,153.7555942967755,4525500
2022-07-27,154.32586669921875,155.12779912053577,152.4814479625752,153.81798840211115,4648500
2022-07-28,155.2168731689453,156.9009133566131,152.75764397939588,154.50404897609326,5513000
2022-07-29,155.50201416015625,155.79605466066775,154.06746034638317,154.85155475175603,6451400
2022-08-01,154.95849609375,156.07227975218476,154.6288068855788,155.19015820014732,5461400
2022-08-02,154.076416015625,156.36636235984514,153.88038895129503,155.938659530764,5794200
2022-08-03,155.56439208984375,156.16137851540947,153.05170315829847,153.74670309229987,5010000
2022-08-04,153.06948852539062,156.00987969487775,152.90020485342987,155.76039327768393,5651600
2022-08-05,152.46363830566406,152.83786803327033,151.28747607947832,152.63293561967507,5235500
2022-08-08,151.6527557373047,152.79326893178956,150.97558027682607,152.63289063693531,4629800
2022-08-09,151.6349639892578,152.4725315206186,151.23400456994477,151.9557342439068,5532500
2022-08-10,152.0715789794922,152.57947090398858,151.05580872649267,152.38344387305943,5603400
2022-08-11,148.92623901367188,151.43002248601337,148.78367144329147,150.1558605152171,9328700
2022-08-12,147.2867889404297,149.63910004585816,147.15312671185143,149.28268103231133,14606900
2022-08-15,147.99063110351562,148.57871202735097,147.13525302883633,147.91044195826245,10072000
2022-08-16,149.30938720703125,149.9152789853238,147.5540630905193,147.78572519469142,7453600
2022-08-17,149.31832885742188,150.19153164250758,148.27582874139202,148.27582874139202,7406600
2022-08-18,148.59657287597656,149.95984306416042,147.84809988176383,149.40739709271855,8312100
2022-08-19,150.85977172851562,151.58150138743798,148.80150163573933,148.89060976972652,8128500
2022-08-22,150.33056640625,151.52359661660148,149.95382218519376,151.5056525049283,5462600
2022-08-23,149.02088928222656,150.49199119208393,148.72487312088822,149.80128681562778,5566300
2022-08-24,148.5275421142578,149.43352109716847,148.07007001766124,149.40661177897712,5684300
2022-08-25,149.91790771484375,150.01657977174236,147.73815725329922,148.85942440562746,5678700
2022-08-26,147.35243225097656,150.24978243198544,147.28963472720037,150.2139079093574,5667100
2022-08-29,146.21324157714844,146.9667298438719,145.33417193263773,146.63483913557923,5259200
2022-08-30,145.7019500732422,146.69763597365056,145.3431500155983,146.48236141400216,6973300
2022-08-31,144.7241973876953,146.7066038284145,144.6614135416389,146.4195528540315,8741700
2022-09-01,148.31227111816406,148.45579662342757,144.8497970059184,144.85877590458833,7509600
2022-09-02,145.9800262451172,149.08368623265113,145.32519633638967,148.7787048350033,5803700
2022-09-06,146.37474060058594,149.10167087487898,146.05182869459225,147.05648001283302,7394600
2022-09-07,147.17306518554688,147.48701181263212,145.45976549078443,146.13252586112463,4590600
2022-09-08,148.35711669921875,148.38402601911358,146.28501694324854,147.00263074424836,5838400
2022-09-09,148.6441650390625,149.08369304772242,147.46010023546413,147.99831399843512,5500600
2022-09-12,148.58140563964844,149.41563581764686,148.20466138380493,149.00300333514315,6365300
2022-09-13,144.71524047851562,147.5049539918562,144.24878946205902,146.7245563524217,6726400
2022-09-14,147.70230102539062,148.3302079710159,145.65711058115693,145.65711058115693,9555700
2022-09-15,148.07904052734375,148.96708912147065,147.1999708311646,147.51391745041352,7174500
2022-09-16,150.33953857421875,150.36644789685027,147.783043425456,148.29434793014704,20201500
2022-09-19,149.15545654296875,149.29000314071368,147.18202888109016,149.17340065178297,7380900
2022-09-20,147.9803924560547,148.814608859795,147.39733886337686,148.2046459435995,7143400
2022-09-21,146.4644012451172,149.62189341807533,146.42852671822436,148.02521006814985,8071200
2022-09-22,149.06573486328125,149.94481817228166,146.06074708458576,146.34778436034708,7401100
2022-09-23,149.55014038085938,150.231865934805,147.7022941607523,148.67107069783978,9598600
2022-09-26,148.63522338867188,149.65781884470118,147.4511719756975,148.7249302674289,8735500
2022-09-27,147.95343017578125,150.40227355080253,147.46903515114914,149.2271878866399,8686700
2022-09-28,149.2272491455078,150.14220725525513,148.09701643630044,149.12857705830618,8660900
2022-09-29,147.5856475830078,149.953762956683,147.01155942233933,149.33482137822105,7008100
2022-09-30,146.53616333007812,148.67106038523949,146.50028880334594,148.00726529827634,8985200
2022-10-03,146.3926239013672,147.451107118257,145.04710343593672,147.37036548795126,8657000
2022-10-04,148.56344604492188,148.90431572593218,146.1415111169694,146.97574120803495,6236100
2022-10-05,148.10597229003906,148.9401886849275,147.29866521838272,148.02524432034272,4539400
2022-10-06,145.23550415039062,148.00727344077345,145.03816002414874,147.818894524872,5890700
2022-10-07,143.70159912109375,145.5135707173096,142.7776760593127,145.10991726978233,6363500
2022-10-10,143.88995361328125,144.67035105856513,142.78661703996264,144.08729769855736,5315600
2022-10-11,145.97103881835938,147.2089221318686,143.85408589173502,143.85408589173502,6212200
2022-10-12,145.9351806640625,147.8996431211607,145.76474584817257,146.15943411921353,4341700
2022-10-13,148.141845703125,148.89534780995618,144.19498986905066,144.32057127229814,6465100
2022-10-14,147.52288818359375,148.6172323724404,146.75145580672753,147.50494407603586,5684600
2022-10-17,149.4335174560547,149.98967528892666,148.01623408735455,148.36606890266168,6710800
2022-10-18,148.91326904296875,149.95380842699606,146.25811562751105,148.0072899531243,10883600
2022-10-19,147.7292022705078,149.12854158351186,147.0115885058702,148.90428813752163,10044600
2022-10-20,148.10597229003906,148.6710954526064,147.40630251131117,148.00730020907247,5659900
2022-10-21,151.33522033691406,151.92723910557953,147.49598827169726,147.74716475480318,8487600
2022-10-24,153.37142944335938,154.35815018676993,151.8195992626733,152.32192484573847,6855500
2022-10-25,153.12925720214844,153.4880573066831,151.16479446455668,152.64486200494537,5661900
2022-10-26,154.47476196289062,154.79768749812362,152.95880635825088,153.67642017958477,6123800
2022-10-27,154.564453125,155.56910424938928,154.03521824249813,154.60034134363963,5390900
2022-10-28,156.86080932617188,157.3272603658521,154.8156188202562,155.18339778783763,6073900
2022-10-31,156.05349731445312,157.1209459635946,155.56013696980645,156.5468576590998,7810000
2022-11-01,155.2641143798828,156.64552328810177,152.86908919143724,156.13421885539438,6985000
2022-11-02,152.87806701660156,156.02659445448603,152.7524856225234,155.08472715522703,6877300
2022-11-03,153.13821411132812,153.81097453636477,151.54153046422883,152.32192817732067,4819900
2022-11-04,153.81993103027344,154.73488898892543,151.8106287679413,153.89169378069172,5300900
2022-11-07,155.16543579101562,155.94584706668556,153.78404062822227,153.9903499597931,6621000
2022-11-08,155.93687438964844,156.6993415881447,154.4478282092656,155.30000226194173,5148400
2022-11-09,154.6900177001953,156.97740548907626,154.59134564067986,156.3225892872066,6150000
2022-11-10,156.5020294189453,156.77113634909648,154.32227834080257,156.39439212182364,7877500
2022-11-11,151.81954956054688,155.28202255296642,149.63981311462348,154.9411530100453,11074700
2022-11-14,154.2056427001953,155.41660309467946,152.7165965356487,152.7165965356487,6581500
2022-11-15,154.63624572753906,155.18342482499392,152.95883389695425,154.4568456617427,9351000
2022-11-16,155.59600830078125,156.968438218626,155.29999212612054,155.75746420295434,5500900
2022-11-17,156.85182189941406,156.96843806465358,155.16543170142913,155.1833758085452,4464100
2022-11-18,158.05381774902344,158.44850598334602,156.6365344018393,156.97740400190762,6555700
2022-11-21,158.86636352539062,159.38999130909542,157.8371678886442,158.79413757842886,5706600
2022-11-22,159.63375854492188,159.967791509255,159.19137976796588,159.2545688642788,4707900
2022-11-23,159.80528259277344,160.1573754949139,158.90247886670133,159.290691632272,5389200
2022-11-25,160.012939453125,160.80739737494937,159.6698696245263,160.13933142539423,3058600
2022-11-28,160.0941925048828,160.49142836361935,159.39902975209387,159.5705646707021,6183100
2022-11-29,158.97467041015625,160.03094888796178,157.6836679736235,159.80524800529338,6700500
2022-11-30,160.69903564453125,160.70805872099348,157.79200704373795,159.22746141552088,13288000
2022-12-01,161.36712646484375,162.46854800013622,160.49140583800153,161.60185045038355,6282600
2022-12-02,161.49351501464844,161.5657409569112,159.76013372741178,160.24764161807306,5823900
2022-12-05,161.4032440185547,161.92687181645223,160.69905823620414,161.02406811849602,5120600
2022-12-06,158.98373413085938,162.5046629852637,158.83024538209858,162.43243703752066,7943500
2022-12-07,159.94970703125,160.5907036280044,159.10106947034527,159.4080331540288,5702600
2022-12-08,159.97679138183594,160.22055220526477,159.20037975316842,159.6337353894173,4798500
2022-12-09,158.65869140625,160.59971341310833,158.58646547346012,159.90455086373294,4561000
2022-12-12,160.55459594726562,160.5816789543962,158.53232461116758,158.84829761958775,4882400
2022-12-13,161.7914581298828,162.68522498191808,160.97892652948826,161.6921491712465,9177500
2022-12-14,162.28797912597656,163.44356669564522,161.22267743156252,161.22267743156252,9533600
2022-12-15,160.2386474609375,162.3602280730868,159.2545808737323,161.78243420639475,7602400
2022-12-16,158.59552001953125,159.79625056101045,157.86425124649818,159.79625056101045,18841800
2022-12-19,158.42396545410156,159.04690211698087,157.1510228991842,158.30661035832384,5736000
2022-12-20,158.59552001953125,159.29068270684886,158.1441181817883,158.89344688552453,6174700
2022-12-21,160.41012573242188,160.861527500614,158.57743565561697,159.13718321564352,5472000
2022-12-22,159.82334899902344,160.25669094789933,158.2976084360423,159.58862497998487,5709100
2022-12-23,160.22959899902344,160.265718861902,158.72191845259164,159.4983301961838,3683400
2022-12-27,160.1844482421875,161.01503973956937,159.78722619974536,160.7983618999449,3067300
2022-12-28,159.4893035888672,161.10531613679007,159.48026673550183,160.48237938498866,2645400
2022-12-29,160.3018341064453,160.96991385094913,159.8594690785981,160.29281102805592,2828800
2022-12-30,159.48028564453125,160.49143526727195,158.35178089534637,160.23865130550996,4216600
2023-01-03,160.87060546875,161.0421403886152,158.90248609304976,159.0379149235344,6344900
2023-01-04,162.6219940185547,162.67616002283094,161.1323600225194,161.50251275265737,9788800
2023-01-05,161.42129516601562,162.49563371223428,161.06920229399938,161.61991307081357,6255300
2023-01-06,162.7303466796875,163.3442465069803,161.95393504325335,162.6220146573863,5706000
2023-01-09,158.51426696777344,162.28797962310009,158.1531372413392,161.87269765731386,7925300
2023-01-10,158.13510131835938,159.01984509790904,157.37674950731682,158.6226092609749,5047500
2023-01-11,157.88232421875,158.6406760626345,155.38155397388948,158.50526101040225,6494800
2023-01-12,157.08779907226562,157.7287955780583,156.00443769587022,157.32252300818365,4269400
2023-01-13,156.57322692871094,157.0968546871608,155.62529413782275,156.35656287396628,6088000
2023-01-17,155.60720825195312,157.6114330781672,155.36344745533577,157.08780540706113,6053300
2023-01-18,153.25994873046875,155.28223394575525,153.214819566735,154.96624714547295,7047800
2023-01-19,153.0522918701172,154.6321981563279,152.31200008793704,152.60089007405696,6939500
2023-01-20,152.339111328125,153.5759480703442,151.20156977478038,153.56692499199892,8620600
2023-01-23,151.95086669921875,153.14257402423686,151.62585686291283,152.66408923407664,8425400
2023-01-24,151.95086669921875,154.3703874307604,149.87441573258036,152.59186329537653,10541800
2023-01-25,153.03424072265625,153.03424072265625,150.84043448024732,150.921683502035,7099800
2023-01-26,152.47451782226562,153.39538146239934,152.25783997291316,153.07037157621633,6946100
2023-01-27,151.878662109375,152.4564559245044,151.46338012308667,152.15852905137174,6058100
2023-01-30,146.25421142578125,152.15854204796184,145.42363360656978,151.6078311946519,23259100
2023-01-31,147.53619384765625,147.54521692631542,145.3965532715629,145.9833702253385,11612500
2023-02-01,148.89039611816406,149.84736591040013,146.6153267602211,147.147991454129,9865300
2023-02-02,149.4501190185547,150.0640327003043,146.9945056186301,147.15700367293095,10099000
2023-02-03,148.61048889160156,150.17233513360804,147.9604692511514,149.8924682447981,6868500
2023-02-06,147.4820098876953,148.82719233171164,147.2472858898705,148.55634847225784,7021000
2023-02-07,147.51809692382812,147.95145255326906,145.73054972337405,145.8930615283367,7310800
2023-02-08,147.7076873779297,148.56534798374517,147.06669080475632,147.4278204853078,6054700
2023-02-09,145.71250915527344,148.78204994771943,145.41459606202258,147.72577129002977,7949500
2023-02-10,146.38961791992188,146.9674117506107,145.66738596332954,146.04656187324798,7028000
2023-02-13,146.93125915527344,146.9944620081002,145.48676814792674,145.64927992970468,6414700
2023-02-14,146.290283203125,147.12989767959073,146.03749930768544,146.92225671741303,6316000
2023-02-15,143.8798065185547,146.23612448514908,143.80758057687214,146.20904147897937,12621800
2023-02-16,142.8596649169922,144.13260768647336,142.57076111566587,143.60899365402946,11177000
2023-02-17,145.84213256835938,146.4968274613001,142.41407929209623,142.7778063852688,12401900
2023-02-21,143.66891479492188,145.80576812817208,143.56889157773207,145.1692491779988,9423900
2023-02-22,143.46890258789062,144.44185719401534,143.09608742807984,144.1235976430016,9820200
2023-02-23,143.4233856201172,144.20538145168402,142.45953319685847,143.405209673286,9385100
2023-02-24,141.82302856445312,142.6232142197406,141.13196796428488,142.4413437527981,8689700
2023-02-27,141.51390075683594,142.66869799133042,141.01378461701432,142.25951710412056,7267100
2023-02-28,139.35885620117188,141.1865520900569,139.15880974691808,140.92284818455352,9062300
2023-03-01,138.73146057128906,139.3406879429595,138.1313211753968,139.13153962711172,6767000
2023-03-02,138.62229919433594,138.90417899215245,137.51295594986752,137.98579418720698,8762500
2023-03-03,140.0499267578125,140.14084813225705,138.97694909110717,139.45887538745342,5747200
2023-03-06,141.45022583007812,141.604804640604,140.5500307643822,140.63186415676003,8148200
2023-03-07,140.1135711669922,142.07765601367024,139.44070026796496,141.93216516396717,7457700
2023-03-08,139.0861053466797,140.2136249910123,138.6496327023179,140.01357849770667,6230500
2023-03-09,137.52207946777344,139.6680208833563,137.0401531810967,139.54071986187134,7439400
2023-03-10,137.8585205078125,139.56800332984673,137.39478402673294,138.0858447607523,8504300
2023-03-13,139.177001953125,141.76850405270898,137.82215825086791,138.2949827192187,10799600
2023-03-14,139.95901489257812,140.05903813351844,138.12223077475272,139.37706527477258,8421200
2023-03-15,140.3500213623047,140.84103572088796,138.69509388104277,138.9769737790048,7757700
2023-03-16,140.05899047851562,140.36814807267743,138.758702663487,139.5315966488915,7605500
2023-03-17,138.5586700439453,140.89555592922457,138.48592462488236,140.46818526396086,20540700
2023-03-20,139.93173217773438,140.09541287297165,138.55869853189353,138.64053194212573,7129000
2023-03-21,139.93173217773438,140.1499684797931,138.36774003324552,140.0317554151647,8376800
2023-03-22,137.34933471679688,140.08631409225222,137.33114488920012,139.89536946419216,7943500
2023-03-23,137.42205810546875,137.93126219830037,136.49457129365635,137.4675118550087,9051500
2023-03-24,138.80418395996094,138.9042071867244,137.14927060551378,137.7403081160796,5696200
2023-03-27,139.3952178955078,140.52273717449077,139.2224492641102,140.213579557658,6772300
2023-03-28,138.0494842529297,139.5316290038091,137.967636973922,138.5677763545286,6115300
2023-03-29,139.404296875,139.46795431394222,138.27677766876658,138.43135646720927,6012000
2023-03-30,139.51344299316406,139.8498923443986,138.94968324887105,139.6498458787258,4555700
2023-03-31,140.9410400390625,141.11380869520286,139.34068225676253,139.8407845248258,9890000
2023-04-03,142.6232452392578,142.76872221977595,139.97718754210825,140.89557255092805,6841900
2023-04-04,144.11447143554688,144.55093006491197,142.38679899157853,142.73233625532612,8314500
2023-04-05,150.58868408203125,150.6341517092068,147.99718195551444,149.46115075202778,16704200
2023-04-06,150.17041015625,152.06174978470324,149.85216449687405,150.934230263252,9615400
2023-04-10,149.4156951904297,149.88851965796923,148.7973659928271,149.69757505082447,5354000
2023-04-11,149.37020874023438,150.28859363332995,149.16106045907043,149.5065977281501,5903800
2023-04-12,149.05197143554688,149.88852306030384,148.30635506610406,149.0701612615641,5764100
2023-04-13,151.0433349609375,151.2433814238138,148.95194895117677,149.28838442293596,5640600
2023-04-14,150.79779052734375,151.05239254254334,149.17924319867373,150.916003561104,7225100
2023-04-17,150.64320373535156,151.16150958687552,149.97942093626287,150.70686117316055,8046400
2023-04-18,146.4058837890625,149.7521034797206,145.16923949302327,149.35201063765365,14571500
2023-04-19,147.78805541992188,147.9244444339671,146.55141081841236,147.29704109458646,6752000
2023-04-20,148.74281311035156,148.9610493972788,146.3604592791764,147.6971131779436,9498800
2023-04-21,147.93353271484375,150.00672878679288,147.27883775793651,149.52480248167663,7014200
2023-04-24,148.833740234375,148.95195329536924,147.1879147302512,147.93354499994953,5278900
2023-04-25,150.19766235351562,150.35225504359119,149.27018946168369,149.40657845319714,6263100
2023-04-26,147.869873046875,149.47933261470132,147.52434962324568,149.2065407409521,5518200
2023-04-27,148.21539306640625,148.58820812124188,147.42430921205164,148.12445782750066,5739700
2023-04-28,148.8518829345703,148.90643852244233,147.81528514069814,148.0426093400102,6024900
2023-05-01,148.76100158691406,149.39750674121342,147.52435705508745,148.76100158691406,4893400
2023-05-02,150.06129455566406,150.47047546276465,148.7246267509692,149.43387735654946,7541700
2023-05-03,148.09719848632812,151.106969347263,147.76985101015197,150.53412167003313,5937200
2023-05-04,147.42433166503906,148.12448038712196,146.6241458400625,147.92443393087785,5128000
2023-05-05,147.92442321777344,148.33361795076513,147.02422810464105,148.06991406173623,5194500
2023-05-08,147.58799743652344,147.82442354212228,146.7059782151081,147.29702960433372,4994900
2023-05-09,146.44229125976562,147.42433372923122,146.20586514920043,147.07879641364931,5520500
2023-05-10,146.9878387451172,147.2788204138183,145.54206000002887,146.5786579139297,6756600
2023-05-11,146.3877410888672,147.47889480383594,144.93286021906067,147.1515473018681,5867600
2023-05-12,146.19677734375,146.90602792672703,145.49661473627768,146.72417129323043,3904200
2023-05-15,145.0783233642578,146.42407889312472,144.52365169952415,146.21494449078008,5104500
2023-05-16,144.8873748779297,145.71483844490967,144.1508465572354,144.6327728380544,5599200
2023-05-17,144.56910705566406,145.54204744255188,143.45976382030292,145.29653341511468,6840700
2023-05-18,144.10536193847656,144.51454274896278,143.26881049543812,144.2690425875324,5173000
2023-05-19,144.4964141845703,145.4238872925354,143.7962514905087,144.20543243517253,6527100
2023-05-22,143.71762084960938,145.79730226422802,143.63517003065476,144.75288328577466,5675900
2023-05-23,143.6626434326172,145.00023942272716,143.25953192931138,143.9283369140928,5793000
2023-05-24,143.52525329589844,143.96500503064613,142.84729163776007,143.91003781123462,5015100
2023-05-25,141.46388244628906,143.18624903437015,140.83173153673823,142.96638018197262,6886100
2023-05-26,141.40896606445312,142.26098613267098,141.271534002849,141.7204563702881,6845400
2023-05-30,141.42724609375,142.35257422873957,140.46529178469598,141.0607886407252,5593100
2023-05-31,142.05938720703125,142.63657093590345,140.95084440204903,141.72956993045497,11324600
2023-06-01,141.58302307128906,142.04110198038137,140.3095642631908,141.58302307128906,7901300
2023-06-02,143.8092498779297,144.1207400858233,141.17071169470253,141.7478954171471,7659700
2023-06-05,145.04605102539062,145.33921413367034,143.60767715017647,143.60767715017647,6430500
2023-06-06,144.9178009033203,146.22791352658356,144.20319910134234,146.20042991723483,5073600
2023-06-07,145.2292938232422,145.48581681020073,144.2398420252073,144.84450934280434,6504300
2023-06-08,146.8234100341797,146.96999860334287,144.58799726199052,145.21097771175096,5818400
2023-06-09,146.59437561035156,147.25401021450847,146.09965664696182,146.97000358927954,6264400
2023-06-12,146.4935760498047,146.81423676087672,145.4216734714251,146.5851973899549,6510600
2023-06-13,147.26321411132812,147.35482150633203,145.80651254233823,146.33788575941333,6066800
2023-06-14,148.01443481445312,148.49084072960852,147.48306167436766,148.05108895071115,6699100
2023-06-15,150.0024871826172,150.16740282790363,147.89532180489738,148.46334905037708,7138300
2023-06-16,150.46054077148438,151.15682941121167,150.1307235156804,150.68958014414122,13426600
2023-06-20,150.3689727783203,151.4500321901558,150.07579559442473,150.48806377725253,7995800
2023-06-21,150.13992309570312,151.09272091940153,149.0496932341395,149.86507299942932,7177500
2023-06-22,151.73403930664062,151.82566067174818,150.05746897726704,150.1582468871023,5485900
2023-06-23,151.60574340820312,152.32951568185555,151.19347531761164,152.18292712270386,9450700
2023-06-26,149.91087341308594,151.14767779243903,147.80370812522378,151.14767779243903,6978800
2023-06-27,149.59934997558594,150.1398935175694,148.8206244989214,149.95665083651528,4927500
2023-06-28,149.2970428466797,149.51691171528608,148.33507460816162,149.51691171528608,6780400
2023-06-29,150.34144592285156,150.54300168394298,148.62822195357452,149.0038498701043,4547500
2023-06-30,151.64239501953125,152.0271794963238,150.57049241001172,151.03772770766253,7580000
2023-07-03,149.6543731689453,150.60717107234723,149.2970722077374,150.56136038922665,4033700
2023-07-05,149.15960693359375,150.17654236273717,149.08631265281846,149.32452256020184,7224600
2023-07-06,148.0510711669922,148.75650244146823,147.50137102480707,148.64656800481333,6332500
2023-07-07,145.89808654785156,147.53800237441533,145.85227587549352,147.0157998520062,7022200
2023-07-10,146.13629150390625,146.8600638253098,145.66905616767048,146.0629972194948,5739200
2023-07-11,145.330078125,146.86005957170502,144.38643695714873,145.78815690471245,6606700
2023-07-12,144.8262176513672,145.61411386931002,144.64298889870884,145.61411386931002,6940400
2023-07-13,145.4949951171875,145.7881722772557,144.21237999053002,144.75290965251736,6401700
2023-07-14,146.46609497070312,146.79591222969918,145.6507153553315,145.83394405933953,5362200
2023-07-17,145.7332000732422,146.46611498944787,144.89032275658496,146.3561805479082,5486800
2023-07-18,145.72401428222656,147.40058423732717,144.92696170566157,145.73318480436467,6332500
2023-07-19,145.43084716796875,146.9608285215925,144.1390617327003,144.6704347623736,7522600
2023-07-20,154.26260375976562,154.95887842461806,147.77620700593175,148.36254724461116,21892900
2023-07-21,155.9208526611328,156.4980363799157,154.07936707433194,154.07936707433194,12080000
2023-07-24,156.73622131347656,159.24649780856805,156.6537704964199,157.12100577252792,15155400
2023-07-25,157.93641662597656,158.20209619335034,155.5177609906609,156.1590685493703,13790100
2023-07-26,158.23873901367188,159.27400155693147,157.02940429275392,157.57910443489033,14288200
2023-07-27,159.12742614746094,159.67711235559827,157.61575762130624,157.74401913448392,12446400
2023-07-28,159.85116577148438,160.65738889073435,158.70596883139288,159.4114140607366,14138800
2023-07-31,153.48388671875,155.948352981499,152.73264473105988,155.46279055569227,22632700
2023-08-01,154.72987365722656,154.91310240164708,152.13714568427798,152.42115233504833,15810300
2023-08-02,155.6643524169922,156.8828437905564,154.69322752754647,154.69322752754647,14595600
2023-08-03,156.33316040039062,156.95615494966958,155.4444862503252,155.70100930607006,17424800
2023-08-04,154.86727905273438,158.2020922544497,153.8137033739048,156.05828676323043,23415100
2023-08-07,158.5868682861328,158.80673713851186,155.16043421553474,155.2795391635427,17736400
2023-08-08,158.66018676757812,158.99917462900095,157.02027060461677,158.48612854404,27378700
2023-08-09,158.55941772460938,159.6404770859849,157.6249329688825,158.49527997632933,42974400
2023-08-10,157.73484802246094,161.21624960362226,157.24928562602966,159.41141806237573,48213800
2023-08-11,159.27401733398438,159.36562471377783,157.2309756542509,158.01887181364944,45905600
2023-08-14,158.8983612060547,160.87726478814042,157.35005277320394,158.9716554845898,64036900
2023-08-15,158.4402618408203,159.9244323446053,157.70733313025835,158.3120003649309,88958100
2023-08-16,157.93641662597656,160.0802221705721,157.69822066972915,158.06467813771843,85832700
2023-08-17,159.4205780029297,160.684879956897,158.27538100968553,158.36700236092724,70904200
2023-08-18,158.0280303955078,159.40226680367266,156.94695715176786,158.6510108570705,49631700
2023-08-21,153.31895446777344,155.60934808707418,152.04549617462035,155.46275954037017,151319500
2023-08-22,152.1005096435547,153.76790943620125,151.54165287130039,152.87007877862234,56834800
2023-08-23,150.7353973388672,152.5402287918782,149.76427259348148,151.9905286819275,119011400
2023-08-24,151.24844360351562,152.69597418161692,150.12157375339763,150.27731885630382,70755100
2023-08-25,153.41708374023438,154.82898118893118,151.39612862477847,151.6176079802243,18185500
2023-08-28,151.60836791992188,153.38017456706302,150.57482577655256,152.2635688664221,18458000
2023-08-29,151.62680053710938,152.89104482812718,150.2056803478666,152.14357151501585,12208600
2023-08-30,151.09158325195312,153.02948867733983,151.04543996450022,152.36506476469035,9939100
2023-08-31,149.1998291015625,150.94395252635633,148.830710944087,150.75937936666347,15333000
2023-09-01,148.0924530029297,149.9380718581839,147.65873144546862,148.95989611785188,8610100
2023-09-05,148.2770233154297,149.4674554526681,147.90790514877207,148.16629068162348,9019800
2023-09-06,145.81307983398438,147.64947525156822,145.2040364500946,147.50182239688834,9753800
2023-09-07,147.67718505859375,148.62767760062098,146.7082323861615,146.85588526749387,9931800
2023-09-08,148.1663055419922,148.27703818690432,146.90206090938895,147.27117911306735,6957000
2023-09-11,150.10418701171875,150.13187016846487,148.06477195204266,148.62768627413794,6309300
2023-09-12,150.95315551757812,151.27613034226545,149.0613935294403,149.69813423538966,6045800
2023-09-13,151.33151245117188,152.21740155398814,150.41792611299877,151.11925615947445,7397500
2023-09-14,151.100830078125,152.51272746309198,150.8239844165529,151.9682591656499,7758400
2023-09-15,148.98757934570312,152.09745669334788,148.76611409477715,151.32228607224374,13392100
2023-09-18,149.9288330078125,150.55633659350676,148.34159983335266,149.60584410985328,5789000
2023-09-19,149.67965698242188,150.27949144128323,148.92296072230425,149.72580026094224,5550800
2023-09-20,150.33486938476562,150.91622968009628,149.18135773718922,149.6704455492854,3837400
2023-09-21,149.18136596679688,150.87933182626918,149.11676255211142,150.0211258719866,4526700
2023-09-22,148.11090087890625,148.94142366266837,147.88019854108865,148.84915117611325,4976700
2023-09-25,147.88941955566406,147.98170612191825,146.47752239388402,147.714097609306,6722500
2023-09-26,146.74513244628906,147.72330800879294,146.59747958528234,147.47414556596306,4904800
2023-09-27,144.9825897216797,146.50521964471406,143.2753866483768,146.33912070661768,10211600
2023-09-28,144.77037048339844,145.76700651309088,144.16131278509363,145.3425079134054,7861900
2023-09-29,143.72755432128906,145.43475722811255,143.35843621865573,145.22250094219302,7680700
2023-10-02,143.1738739013672,143.42303638398994,141.48514507735214,143.42303638398994,7259700
2023-10-03,143.3491973876953,143.49685025935227,142.01112668056714,142.740139852825,5740800
2023-10-04,143.51531982421875,143.89366097140424,142.638653722666,143.56146310976445,4955200
2023-10-05,145.01025390625,145.84077664998287,144.02285527007658,144.2074143152447,5993300
2023-10-06,145.47169494628906,146.080752620544,144.50274211560279,144.954923858178,5802200
2023-10-09,146.30218505859375,146.61595093248098,144.9641143455891,145.04716380590355,4414100
2023-10-10,146.13609313964844,146.9758530500481,145.71159463167,146.15455326980933,5273500
2023-10-11,144.12437438964844,146.7728471091222,143.99518162876836,146.2283929083387,6922900
2023-10-12,144.26280212402344,144.47504435355526,143.1000672932936,143.88444687241324,5792400
2023-10-13,144.74266052246094,145.2132882489435,144.00441018371953,144.63191381902962,5359800
2023-10-16,145.37014770507812,146.0345715266519,144.73340703599055,145.637770287048,6408100
2023-10-17,144.0413360595703,146.6805718768001,142.67558189877383,143.93982644810163,12244400
2023-10-18,140.940673828125,143.91212118272904,140.31317020340305,143.41381030903537,9097300
2023-10-19,140.5623321533203,141.29134537118298,138.55982339846506,139.96249760504742,7733800
2023-10-20,141.18983459472656,141.99267424632083,140.5715540022288,140.9499092259965,7207000
2023-10-23,139.70411682128906,141.65124525084173,139.5380178853904,141.06064778827835,5874000
2023-10-24,139.55645751953125,140.23011850002774,138.54137565792408,139.11351296321092,6155300
2023-10-25,139.87020874023438,140.4238858573346,138.63363360871114,139.56567998940082,5880800
2023-10-26,137.49859619140625,140.23934114800653,137.38786357286193,140.23934114800653,7612500
2023-10-27,134.3610382080078,137.1848323814388,133.76120372115238,137.02795649190955,11385800
2023-10-30,135.6806640625,135.87446023084422,134.73017151323228,134.8132209792567,8205300
2023-10-31,136.8895721435547,137.07413124663387,135.3207986459462,136.151321650281,7576900
2023-11-01,137.21253967285156,138.1999384644096,137.00029744155577,137.67394439885834,5733000
2023-11-02,138.64288330078125,138.790522096841,136.15128676428387,136.30817674670612,5349100
2023-11-03,139.65797424316406,140.51619432585903,138.559828780413,139.53801859361317,4926800
2023-11-06,139.9901580810547,140.6638048796868,139.6856293439042,140.0639845095413,4851400
2023-11-07,139.25193786621094,140.4977362336696,139.0489186643887,140.20243045612656,4840400
2023-11-08,138.74440002441406,140.110154004595,138.73516291853014,139.66720943174383,5460000
2023-11-09,136.04055786132812,138.88281245714222,135.89290498028367,138.88281245714222,6973600
2023-11-10,135.88369750976562,137.0372093731762,134.3979736664546,136.8065070004941,6930700
2023-11-13,136.23434448242188,136.48349286065462,135.32998121010496,135.88367243474988,5889300
2023-11-14,136.26202392578125,137.07408653061165,135.62528325906086,136.24356379720825,6713600
2023-11-15,137.3140411376953,137.88617845812965,135.90214388626907,135.9759703277693,6729100
2023-11-16,138.5137176513672,138.5783069971003,137.1664095267144,137.96002629472497,6875600
2023-11-17,138.2276153564453,139.15042476663334,137.56320553558774,138.92895951999887,7023300
2023-11-20,139.44618225097656,139.90197082982192,137.24160023008594,137.58578362720917,8851700
2023-11-21,140.5717010498047,140.72983321335767,139.1671053426834,139.62290806848688,5916300
2023-11-22,140.29266357421875,141.42749364853472,139.89267049923347,141.04612272728355,4633500
2023-11-24,141.8553924560547,142.02282151613446,140.32986618034144,140.32986618034144,3351400
2023-11-27,140.7205352783203,141.68795040468441,140.43217579436813,141.66003137018282,6449700
2023-11-28,141.04612731933594,141.213556383817,140.3112619086507,140.8321712564343,5909000
2023-11-29,141.49261474609375,141.5763292758066,140.52521372852186,140.76706043448613,5190000
2023-11-30,143.86463928222656,144.3111310096565,141.31588787545326,141.6321522576446,12481900
2023-12-01,147.3249969482422,147.39941460926389,144.61811307766237,145.520407701189,10342900
2023-12-04,147.7900390625,148.85046547960414,146.9714593041347,146.9714593041347,8920300
2023-12-05,147.4831085205078,148.48772551316588,147.176141034386,147.7156583560199,7268200
2023-12-06,145.6878204345703,147.58543509325543,145.26923355782728,147.45520774951947,6642900
2023-12-07,144.55296325683594,145.6506057942117,143.91113767270502,145.6506057942117,6532400
2023-12-08,143.64138793945312,144.97158044639372,143.10187059061226,144.57158732840986,6254700
2023-12-11,144.2366943359375,144.6273763201348,143.57626081278764,143.71578502367444,6090400
2023-12-12,144.24598693847656,144.47853672264742,142.9250916739192,144.18086618592676,5324400
2023-12-13,144.91574096679688,145.05527937635523,141.17635004504055,142.93442613324382,10764600
2023-12-14,145.9203643798828,146.1901301341092,144.2274089797274,145.5482903253058,9240700
2023-12-15,144.32972717285156,145.7529309700853,143.02743963320867,144.63669464590205,21727800
2023-12-18,144.59019470214844,145.52039408732057,143.95765173949897,144.37625281779938,7231400
2023-12-19,145.5389862060547,145.5761879321767,144.12507932026884,144.45995163022565,6651500
2023-12-20,142.57167053222656,145.72504603045016,142.42283521701606,145.61341244718386,7008300
2023-12-21,144.03207397460938,144.30183975337047,142.59957312111766,142.96235032512453,4598600
2023-12-22,144.60879516601562,145.60410107581,144.1995051867673,144.41344706002332,3798900
2023-12-26,145.24131774902344,145.43666584673986,144.04136690044066,144.18089111758462,4170000
2023-12-27,145.43666076660156,145.59479293841275,144.57156806938224,144.6459857138312,5288100
2023-12-28,145.65061950683594,146.2645544994203,145.10180528333598,145.1111021673269,4377500
2023-12-29,145.79946899414062,145.94829012105032,145.09250831802072,145.58551289809517,4313700
2024-01-02,148.80398559570312,150.35741674892128,145.84594439248295,145.97617172886905,9622100
2024-01-03,149.73419189453125,150.17138672858567,148.6458603481774,149.4272244029367,8232000
2024-01-04,149.4179229736328,150.67368355335526,149.2225748690278,150.3109063822734,6766600
2024-01-05,149.88304138183594,150.0783753171523,148.33890689389315,149.29701118845253,5602500
2024-01-08,150.2550811767578,150.37601161920185,148.4691003501977,149.85510231900273,6569800
2024-01-09,150.34811401367188,151.88293714660662,149.39000989175497,150.34811401367188,6357000
2024-01-10,150.57138061523438,151.2690302035949,149.9481486862117,150.52488199765077,4945100
2024-01-11,149.90162658691406,150.87833878884456,149.557457353304,150.75742251941514,4946000
2024-01-12,151.0550537109375,151.12947135323296,150.40391708299467,150.54344129122742,4496900
2024-01-16,149.31558227539062,150.92482294643483,148.99930375441303,150.2922942919069,6923200
2024-01-17,149.23187255859375,150.04115563208222,148.71096320178742,149.06444349121261,5072100
2024-01-18,149.9574432373047,150.106264345861,148.5435362531521,148.8318957802318,5368500
2024-01-19,150.39462280273438,150.6178757545537,149.09234940141056,149.90161828696782,7071300
2024-01-22,151.12948608398438,152.16200790668972,150.07835630046293,150.69229126395592,6824200
2024-01-23,148.6551971435547,149.3063340306739,145.95762395675249,148.51567287978614,9149800
2024-01-24,147.86448669433594,149.39001297570994,147.12032441699657,148.59933789471532,7247900
2024-01-25,148.422607421875,148.47841711240952,147.40869352725608,147.9016980519319,5478900
2024-01-26,148.36679077148438,149.52024303204715,148.23656343510754,149.2318693216201,5591900
2024-01-29,148.236572265625,148.89702006398184,147.86449819487373,147.91099680843067,6483200
2024-01-30,147.68775939941406,148.60864770077885,147.09243236451667,148.22727674255796,7200500
2024-01-31,147.8086700439453,149.40861405068776,147.5947281691238,149.20396905956613,8256800
2024-02-01,147.30636596679688,147.4272964212755,146.0878071196254,147.12032894017108,8012000
2024-02-02,145.6785125732422,147.25984854050992,145.0552807470602,146.94358418579935,8295900
2024-02-05,144.92507934570312,145.9389933550812,144.49718134698094,145.67853864063028,9121600
2024-02-06,147.02734375,147.6505757670755,144.73906072536087,144.95300265511054,9229900
2024-02-07,146.952880859375,148.24585731351985,146.68312930867495,146.78545179901943,8690300
2024-02-08,145.48316955566406,146.35755919698565,144.46925569230834,146.35755919698565,9755000
2024-02-09,145.81805419921875,146.2273442100446,144.80414025021977,145.36226557293077,6529200
2024-02-12,146.8319549560547,147.35286425678044,145.43665610323333,145.6505979530927,6701500
2024-02-13,145.54827880859375,147.39006936233184,144.87853420837732,146.6366102355169,8621000
2024-02-14,144.86927795410156,145.53902274214778,144.0320898721847,145.43670022748188,9098800
2024-02-15,146.89706420898438,147.41797351923915,145.00876086245373,145.09247538866308,7462500
2024-02-16,146.72836303710938,147.39381102141576,145.90356793393042,146.7752289955141,8541000
2024-02-20,147.95619201660156,148.6591385742058,146.62528158371563,146.73774845645733,9501700
2024-02-21,148.7247314453125,148.7341132185235,147.27198674596153,148.10614937717875,7472500
2024-02-22,150.3836669921875,150.65548094839772,147.87181199834666,149.0058908734155,8065000
2024-02-23,151.68649291992188,152.07077380843506,150.1118994764793,150.7867293240931,6726000
2024-02-26,150.70236206054688,151.8458229309602,150.49617756235105,151.64900590493738,5465400
2024-02-27,150.8804473876953,150.9366808249114,149.6245196182537,150.28060022158255,5078600
2024-02-28,151.41468811035156,151.47092154551248,150.23372876603648,150.89919111890325,6071100
2024-02-29,151.25534057617188,152.01452048002633,150.84294302309473,151.83643841833552,9849100
2024-03-01,151.9489288330078,152.37070822407398,150.98355000296075,151.67712911351737,5670100
2024-03-04,149.8119659423828,151.4709238118715,148.34047192821404,151.19912410403236,8532900
2024-03-05,149.9337921142578,151.1241187699954,149.21209642360787,150.54300664827892,8298200
2024-03-06,149.3433380126953,150.83358130368302,149.23087113835194,149.4558191885232,5773700
2024-03-07,148.90280151367188,150.29932696858384,148.31233620980856,149.96191209431234,5188700
2024-03-08,149.51206970214844,150.32748323723897,148.4904430380683,148.90284069307515,5284000
2024-03-11,151.11473083496094,151.19909527436252,148.9121739697633,149.4839042959131,4620800
2024-03-12,152.530029296875,152.8768116746517,151.02103684280246,151.4428018998386,8018700
2024-03-13,150.99288940429688,152.4737505385484,149.78381361178057,152.33316698196782,6260000
2024-03-14,149.22149658203125,151.40530456311106,148.73411631387307,150.84295591660594,6988300
2024-03-15,148.25611877441406,149.20276269089683,147.24388824624123,148.14365189383605,13165500
2024-03-18,146.92518615722656,148.73410925628485,146.6815031854524,148.62164239261728,6602300
2024-03-19,146.40969848632812,147.0189130456524,145.8942015430246,146.84083098328549,7840600
2024-03-20,145.98793029785156,146.62527592224217,145.47244761669967,145.931696863652,5982300
2024-03-21,145.9785614013672,147.1032729788338,145.3693468015055,145.828596043976,5915800
2024-03-22,145.49118041992188,146.55029108671098,145.3787135531774,145.922327244915,7248600
2024-03-25,145.4818115234375,146.19412550831592,145.1818808130781,145.65051182190209,7498100
2024-03-26,145.99729919433594,146.4284316861629,145.0506554638573,145.8473338487081,6864100
2024-03-27,148.04989624023438,148.293579186069,145.6879922442526,146.2034891503274,8461600
2024-03-28,148.26547241210938,149.15586841784534,148.19048973879188,148.27483988321808,6181500
2024-04-01,147.88121032714844,148.22799272141984,146.93458077175345,147.82497689040005,4364700
2024-04-02,147.83432006835938,147.92805198185957,146.16599497872699,146.7471070997604,6102300
2024-04-03,144.58204650878906,148.13427787935558,144.57267903631634,147.89058058021774,8098200
2024-04-04,142.9324493408203,145.7442352294922,142.848099196516,145.56615316830576,6947400
2024-04-05,142.82936096191406,143.41045884722197,142.09829771862874,142.49194605720672,6783000
2024-04-08,142.0795440673828,143.43857111588372,142.05142735131946,142.4544574506997,5935400
2024-04-09,142.73562622070312,142.96057425322957,141.47033107913583,142.04206148134256,6135300
2024-04-10,140.77674865722656,142.29512281271698,140.36435109157443,142.0233088255903,6809500
2024-04-11,139.45521545410156,141.40472225283392,139.08031635112707,141.3391213454812,8374400
2024-04-12,138.26487731933594,139.71763610179957,137.91808069677896,138.77099244472953,7100200
2024-04-15,138.33050537109375,140.11131188359587,138.1243065717358,139.06156864100504,8502300
2024-04-16,135.3874969482422,137.07457145724345,134.394001487798,135.91236139515735,12774900
2024-04-17,135.68743896484375,136.2872861400709,134.5345962784584,135.90300524460912,9378100
2024-04-18,136.59658813476562,136.6528215743939,134.1503334005403,135.88425976218062,9887700
2024-04-19,138.63040161132812,138.83660035939067,135.47181949863187,136.98081162682757,9750800
2024-04-22,139.76451110839844,140.8423710374486,138.05870162895172,139.1927806907934,10118700
2024-04-23,140.17691040039062,141.04857154671313,138.90223343586982,140.45809187667157,10110400
2024-04-24,139.2115478515625,139.64269473896482,137.64632175637078,138.84601618024809,9756300
2024-04-25,137.6088104248047,140.19564833461345,137.14954690721729,139.99881702665232,7642700
2024-04-26,136.97149658203125,137.9462429720122,136.79341447677365,137.49636112290455,6183000
2024-04-29,137.6088104248047,137.9837094952757,136.83088126716865,136.97146484322457,6149600
2024-04-30,135.51869201660156,137.6650297341116,135.46245859194738,137.6650297341116,8817700
2024-05-01,141.6952667236328,142.32324486856393,138.35861618759114,139.40835938540687,14470900
2024-05-02,140.51434326171875,142.77314853103326,139.78327991088858,142.50133449202787,8459800
2024-05-03,139.90513610839844,140.4862341105016,138.5461087446,140.4862341105016,6532700
2024-05-06,139.25839233398438,140.63616864439848,138.6304284981774,140.46745404440725,5042800
2024-05-07,139.38963317871094,140.3362628362205,139.1365683845602,140.0082296526412,7333500
2024-05-08,139.6051788330078,140.33624208446332,139.37086332160584,139.7645116645831,7735100
2024-05-09,140.44869995117188,140.68301542369537,139.54892224402982,139.63327238178275,6546200
2024-05-10,140.50494384765625,140.67364413573466,139.8301140923775,140.58929399169546,5710600
2024-05-13,141.7327880859375,142.46385144264272,140.31752734185142,140.62681127612325,5628500
2024-05-14,141.8827362060547,142.66066543744319,141.2453905640503,142.32325052143713,8254200
2024-05-15,143.091796875,143.35422910748133,141.8077524302532,142.29513270549742,5548000
2024-05-16,144.60079956054688,144.6945314936796,142.77314127633977,143.40110518417066,7591000
2024-05-17,144.93817138671875,145.14437013709,144.0665247340882,145.14437013709,6521800
2024-05-20,142.92568969726562,144.9287422240118,142.9162320875925,144.65474546816156,7742300
2024-05-21,142.8973388671875,144.1728618253985,142.4721501306966,143.40754516705445,5492400
2024-05-22,145.03268432617188,145.58069229015857,142.0281053430701,142.5194108966398,6609800
2024-05-23,141.4423065185547,144.40909853720973,141.13996572547063,144.32406654075703,8000400
2024-05-24,138.86289978027344,141.54623735644063,138.66447737421296,141.28168375975312,9520600
2024-05-28,136.41575622558594,138.69280553584656,136.19843303969458,138.69280553584656,10499800
2024-05-29,136.47244262695312,137.39838009884903,135.78271472359816,135.8866475104397,8263800
2024-05-30,137.26609802246094,137.5778963709587,136.07560703308636,136.6425013254654,8490300
2024-05-31,138.57943725585938,139.34475400263702,137.18108055289417,137.54012373467683,14621200
2024-06-03,139.5904083251953,140.68640973883723,138.67391406880276,139.1274323922783,7329200
2024-06-04,139.64712524414062,140.12898766159267,138.12593476894034,139.3447700211264,8876400
2024-06-05,137.9180450439453,139.82662240852997,137.80466906368278,139.80772160612355,5891300
2024-06-06,138.34323120117188,138.89123918105258,136.6803208745985,137.4739816383888,5016300
2024-06-07,138.96681213378906,140.11951595708103,138.26762663565026,138.58886818192175,5111600
2024-06-10,139.01405334472656,139.42032686328253,137.56845200669937,138.44714464009002,5749900
2024-06-11,138.66444396972656,139.04238788615405,137.4172650882315,138.7116887614158,5661200
2024-06-12,137.38894653320312,139.08965842928566,136.79369376530198,138.9479240279769,6180500
2024-06-13,137.42672729492188,137.94639124123458,135.9433386668164,137.06769854599622,6840400
2024-06-14,137.51173400878906,137.91802189835937,136.51020790564613,137.13380452661326,4075300
2024-06-17,137.89915466308594,138.35267303549813,136.75590833013808,137.02046191546927,6666600
2024-06-18,137.6156768798828,138.31486233202213,137.2471905617347,137.90858882971713,6156600
2024-06-20,139.6282196044922,139.91167401198217,137.01101316210898,137.25668037657567,8749700
2024-06-21,140.54469299316406,140.8564913530482,139.24081156402826,139.73213150236882,15172300
2024-06-24,140.894287109375,141.46119587402237,139.9966935795906,140.78091112328104,6914700
2024-06-25,139.07073974609375,140.96985937592416,138.83453019136965,140.95095857476184,5912500
2024-06-26,138.72117614746094,139.07076173024683,137.73853617090526,138.1353665555218,5267800
2024-06-27,137.75743103027344,139.23137651441095,136.85037989237182,138.7022693577553,5739200
2024-06-28,138.0975799560547,138.9573863349528,137.61570315924243,137.9841895477574,10495700
2024-07-01,138.3621368408203,140.4974664229094,137.5873624368836,138.01255124821412,5144400
2024-07-02,137.97474670410156,139.03296107029715,137.70074991895788,138.35267628714587,5492000
2024-07-03,137.65350341796875,138.56054017291675,136.75590985649902,138.1353657929668,3246200
2024-07-05,138.39990234375,138.46604794122288,136.52912665201552,137.729075262143,4888500
2024-07-08,137.455078125,139.09910203223689,137.2377693428599,138.32432767064935,5260200
2024-07-09,138.93849182128906,139.01408062454647,137.17163418146367,137.63461019500647,5890400
2024-07-10,141.1871795654297,141.2249811708162,138.58887425300588,139.13688219440405,6093200
2024-07-11,141.4423065185547,142.2737689294432,140.44078011476074,141.3289305232844,6350400
2024-07-12,141.61236572265625,142.55720400067327,141.0076698014089,141.72574170255015,5336400
2024-07-15,141.00767517089844,141.9619566778824,140.65807519109975,141.80133589455374,6711400
2024-07-16,142.68003845214844,142.7461840588951,140.93209610089062,141.43285928849704,6469600
2024-07-17,147.94277954101562,148.8025858355016,143.0674105584686,143.19024414827746,13801400
2024-07-18,146.8467559814453,148.40574771124963,146.09088251400266,147.01683435973635,10166200
2024-07-19,146.15704345703125,147.8766417193638,145.61847868916126,147.8766417193638,7398000
2024-07-22,145.73184204101562,146.55384662140344,145.1176885907571,146.2326051091928,6840600
2024-07-23,143.9461212158203,145.03267949733635,143.20914849291427,144.8531579130485,6261900
2024-07-24,147.6593475341797,147.78218114258956,143.92723864823625,144.33351224976093,7168200
2024-07-25,150.833984375,151.72213467631306,147.3947735684204,147.84829191184622,10019600
2024-07-26,151.77883911132812,152.66698950886632,150.67337991984644,150.93793351693145,8356900
2024-07-29,149.81356811523438,151.1741376609169,149.33170574159232,151.14579366347263,5625000
2024-07-30,152.43075561523438,152.638621182255,149.62458487754336,149.7946488412398,6545700
2024-07-31,149.14271545410156,151.50481095120747,149.03878267554543,151.0323918517863,8293200
2024-08-01,151.89222717285156,151.93947197974666,149.01048137443195,149.73799661567114,7213400
2024-08-02,155.0857696533203,155.7566112403105,152.11897774479485,152.9693265119362,11280400
2024-08-05,152.3551788330078,156.6352952617401,151.7221388897678,154.7550618180832,12032200
2024-08-06,150.20094299316406,152.57248189320478,150.17259899804276,152.16620835174064,7607100
2024-08-07,150.1348114013672,151.7599345530308,149.46398423145442,150.10646740360127,5993000
2024-08-08,151.38198852539062,151.83550685746494,149.31279041073788,149.82301114927333,5094800
2024-08-09,151.7599334716797,152.05283105790016,150.55054151865292,151.28751428949457,4579200
2024-08-12,151.06076049804688,152.7803588036995,149.9553013550368,152.09063084276278,7605400
2024-08-13,149.65293884277344,151.52371465352024,147.8105070278646,151.4292394730899,9711400
2024-08-14,149.73797607421875,150.7489600181391,148.7175489370512,149.12383692010434,5141200
2024-08-15,150.31434631347656,150.7017335400449,149.13329824498092,149.63406147265582,7237800
2024-08-16,150.59779357910156,151.11745758797085,149.4545327595891,150.3615839766237,5012800
2024-08-19,150.82455444335938,151.4481368139898,150.35213525576967,150.66393364962963,4408400
2024-08-20,151.32530212402344,152.05281721806585,150.8623261774699,151.17412453938294,7275100
2024-08-21,152.52525329589844,152.57249809848136,151.46703892007122,151.55207091446673,5019400
2024-08-22,153.39451599121094,153.52679278706455,151.9205560154414,153.06381679303217,6552100
2024-08-23,155.07630920410156,155.16134118793613,152.78034472095356,153.5362182171324,7093400
2024-08-26,155.52984619140625,156.5691741754597,154.51886220536431,155.11411499778487,6870600
2024-08-27,155.1300048828125,156.1676921512138,154.37792347974198,155.6536132148326,4388700
2024-08-28,156.05345153808594,157.08162391050038,154.90152776425865,155.17760422673675,5187000
2024-08-29,156.3485565185547,156.8150465236416,155.52031268801767,156.7293691328652,7390100
2024-08-30,157.9003448486328,158.01458137530793,155.94872186767216,156.24384257926062,7971000
2024-09-03,159.13792419433594,159.75672460806769,156.86262188898792,157.31006755178348,6956500
2024-09-04,159.32833862304688,160.7468382579612,158.0716788885164,159.75674006835874,6939100
2024-09-05,157.07211303710938,159.33788664039133,156.9197879721694,159.17604670633676,4600400
2024-09-06,156.49136352539062,157.9764963748187,156.24383169947552,157.25295968554767,6016900
2024-09-09,158.61436462402344,159.3759754234172,156.57706408839283,156.92930309092387,7538200
2024-09-10,159.34738159179688,160.37555376811744,158.74761085731456,159.46161810254986,6559600
2024-09-11,156.91024780273438,158.78569357215355,156.2152702534485,158.78569357215355,5920200
2024-09-12,156.7388916015625,157.1768224976273,154.90151967540524,156.3200049687657,4540900
2024-09-13,157.57664489746094,157.79560305448646,155.95823136117943,156.8340785157963,3693400
2024-09-16,158.97610473632812,159.22362202832144,157.8241666098078,158.3763339779608,5187800
2024-09-17,159.05226135253906,159.67106182281475,157.9669563913851,158.26209158915472,5066500
2024-09-18,158.1763916015625,160.2708243741836,157.78607869985936,158.63336667550558,4722800
2024-09-19,156.91024780273438,158.38585123604526,156.5294352017869,158.25257045734247,4956100
2024-09-20,156.28192138671875,156.95784016286686,155.70119486804106,156.4152021683899,11839000
2024-09-23,155.3870391845703,156.6056105544226,154.91103428926812,156.51040376475552,4671600
2024-09-24,154.9681396484375,155.6440729351497,153.79717177092394,154.9776545160053,6041600
2024-09-25,152.89279174804688,155.482259770379,152.66430414848185,155.17760963762564,5420000
2024-09-26,153.64486694335938,153.78766260823832,152.3406181157407,152.550061441908,6122000
2024-09-27,153.65438842773438,155.58696731706172,153.59727015932359,154.22560016487813,7553800
2024-09-30,154.28268432617188,154.39692083773932,152.96890633708756,153.8162088862617,6010000
2024-10-01,154.21607971191406,154.9396019631172,153.44493953673546,154.63495184059965,4408000
2024-10-02,153.43539428710938,154.33980055366712,152.94034519929846,153.75907408330656,4684400
2024-10-03,152.7975616455078,153.69245311583617,152.53100008326308,153.06412320775254,4791200
2024-10-04,152.59764099121094,152.79756943634627,151.16011145534324,151.96932557760644,5331100
2024-10-07,151.87411499023438,153.14028970704277,151.57899429054896,152.55956317567225,4266000
2024-10-08,152.02642822265625,152.5595513195618,151.32193582945112,151.83602919183497,4766300
2024-10-09,152.9403533935547,153.48300589847233,151.8550629102347,152.24539037589315,6047200
2024-10-10,152.8070831298828,153.64485637693696,152.32156337616715,153.6162972459252,4793900
2024-10-11,153.71148681640625,154.85389550846295,153.4639550066756,154.39692041042855,5253500
2024-10-14,153.8447723388672,154.35885118188656,153.178353931951,153.6543587788825,5964000
2024-10-15,156.22482299804688,158.7476433028982,151.36956692750113,152.32157678239108,10548000
2024-10-16,156.39617919921875,157.0721125939091,154.8348836042836,156.12961759958478,5982100
2024-10-17,156.57705688476562,157.08162092926554,155.7773721191262,156.37712843009723,4798000
2024-10-18,157.19586181640625,157.35770174775803,156.0629677704264,156.97690361828535,5908000
2024-10-21,155.0157470703125,157.31960888846243,154.5206979401226,157.17681323865557,6082700
2024-10-22,155.60601806640625,155.87257968110995,154.13039978939162,154.53025673796571,5680300
2024-10-23,157.9003448486328,158.03362563859264,154.62542883645787,155.00624146956926,7441600
2024-10-24,155.81544494628906,157.56713952254262,155.50127996361581,157.08161974560232,5386300
2024-10-25,153.15933227539062,156.0534355057139,152.90228557706573,155.82494793759003,6400400
2024-10-28,153.8447723388672,154.19701127711167,153.27356071194336,153.39732662063037,4842500
2024-10-29,152.4072265625,154.38740844498867,152.37866743415043,153.71148970536208,5216900
2024-10-30,152.90228271484375,153.54012748825258,151.39810560417928,151.79794794602444,5820500
2024-10-31,152.1882781982422,153.14980280976587,151.8074801113953,152.31204411339957,8613900
2024-11-01,152.44534301757812,153.33070521167198,152.2073405533786,152.87374454783378,5256400
2024-11-04,150.64602661132812,152.5881200908621,150.48418669857662,152.03595269802506,4644000
2024-11-05,150.75074768066406,150.9792207205984,148.84672820646063,150.10337350564672,6547100
2024-11-06,150.3032989501953,153.1307689752256,149.79873496169643,152.22634812176958,8926600
2024-11-07,149.20848083496094,151.1315445559476,148.9990375323527,150.8649829938127,7522800
2024-11-08,148.0089569091797,149.54169318685553,147.9518386484552,149.46553066371757,8926100
2024-11-11,147.59957885742188,150.017691652569,147.47582747331106,148.1517462316955,7146800
2024-11-12,145.3147735595703,147.5995912417409,145.05772684920825,147.1140714790717,7181400
2024-11-13,145.88600158691406,146.1430337995548,144.15333660472038,145.18150903483783,7161900
2024-11-14,144.58172607421875,146.21918411948394,143.52499459764084,145.82885660864952,7716400
2024-11-15,146.60951232910156,147.0188695791105,143.65827607550634,143.65827607550634,11328500
2024-11-18,147.34255981445312,147.87568297459592,145.0196535939596,145.26717091073542,7510600
2024-11-19,145.65748596191406,146.59998080650726,144.75307964065624,146.5618922831719,8233700
2024-11-20,145.76220703125,145.89548780936272,144.52459150505186,145.6860445113977,9061300
2024-11-21,148.0375213623047,148.5706445169231,145.47661271996174,146.24773832050025,10141100
2024-11-22,147.72337341308594,149.5797897998795,146.71424525034266,148.41833656783058,8266000
2024-11-25,148.30406188964844,149.50358881728152,147.69477629563434,147.72333542296983,12256200
2024-11-26,148.28489685058594,148.98543618637723,146.97977424738485,148.89907133191147,5683500
2024-11-27,149.12936401367188,150.30974215604897,148.36165696431638,148.39044524651356,4140400
2024-11-29,148.75514221191406,149.38851387888187,147.9490408047245,148.63998905176624,5687800
2024-12-02,148.55360412597656,148.74553091467075,147.71869989839007,148.50561876803417,6946500
2024-12-03,146.21205139160156,148.55359616010614,146.1640660362323,148.55359616010614,8674400
2024-12-04,144.3983154296875,145.4443288126812,143.7073673168849,145.1852196096116,10333100
2024-12-05,143.4866485595703,144.31194685954674,142.93964188307558,143.9472757418836,7898100
2024-12-06,143.28512573242188,143.9952709461681,142.392659590446,143.36189937523835,8389600
2024-12-09,143.5634307861328,144.8013709886229,142.4502349394584,143.26592743161854,8410300
2024-12-10,143.20835876464844,144.74380240639618,142.34468086808772,143.88010986675965,9398700
2024-12-11,140.7228546142578,142.50780139932587,140.46374542074378,142.50780139932587,13446700
2024-12-12,140.33901977539062,141.80728099584104,140.11829004928043,141.2602742525365,6176300
2024-12-13,140.70367431640625,141.00116304219972,139.1874277575494,139.78241985221203,8324900
2024-12-16,138.0454559326172,141.30825529093318,137.7287701398216,140.80923392261204,8732400
2024-12-17,140.50213623046875,140.74204834835027,137.9110882859631,138.03583262997142,10343000
2024-12-18,138.9091339111328,140.81883988373258,138.83236026648265,139.8016000744245,9336100
2024-12-19,137.7863311767578,139.3601541057871,137.58479855203828,138.32373198524482,9516700
2024-12-20,138.6404266357422,139.60007518190608,136.9898299648943,137.27772745735842,17702800
2024-12-23,139.40814208984375,139.46571865711493,137.6615747862222,138.79396763382746,8720800
2024-12-24,139.96473693847656,139.96473693847656,138.50606714596822,139.1490298716546,3164100
2024-12-26,139.7056121826172,140.4637279558772,139.23537920738497,139.63842976769595,4656300
2024-12-27,139.19703674316406,140.68449504863244,138.84195679268808,139.0242923753235,5588300
2024-12-30,137.5560302734375,139.03389735477373,137.18176789573627,138.9955032096846,6268700
2024-12-31,138.7843780517578,138.8323634111355,137.52724070867166,137.95907965691927,5811400
2025-01-02,138.20858764648438,139.8879726013951,137.97826672401828,139.36975418661507,6051300
2025-01-03,138.3717041015625,138.7363751766119,137.82469748898845,138.25655098020897,5878800
2025-01-06,137.8631134033203,138.9763092291661,137.1625594228921,137.71915733581497,7910500
2025-01-07,140.32940673828125,141.24106995407178,137.79593509112985,137.9590735913808,8422000
2025-01-08,136.52920532226562,139.71523094085825,135.7326952568487,139.61927487028785,11175600
2025-01-10,136.3276824951172,137.8727173803559,135.00336269546227,135.31045728677546,8821500
2025-01-13,138.6404266357422,139.2162216206704,136.56758226169026,137.2105450304511,10376400
2025-01-14,138.9091339111328,138.96671048385156,137.09539865511462,138.66922176275435,8681700
2025-01-15,139.12025451660156,140.15667673050484,138.43889758820282,139.4465315164206,7434600
2025-01-16,141.80726623535156,142.09516372064633,138.24696377479086,138.4964817621477,8964000
2025-01-17,141.09710693359375,142.39263816620075,140.69405635175605,141.49056630267563,10773100
2025-01-21,142.17193603515625,142.8532929927474,141.11633134761914,141.60574686831652,11111700
2025-01-22,139.40814208984375,139.60006886177246,136.3756493069184,138.18938439133169,16834700
2025-01-23,140.7228546142578,141.94161230204338,138.96669611257198,139.57127934974673,10506400
2025-01-24,140.89559936523438,141.67291230495127,140.4733516836415,140.88599350869654,9887300
2025-01-27,146.7206573486328,147.25805816123344,142.02797680871643,142.4598157014795,15152300
2025-01-28,144.31195068359375,146.7974368629274,144.2351770439948,146.49994816140304,10320600
2025-01-29,145.05087280273438,145.7514267888298,143.94728282497286,144.4271071010561,7156400
2025-01-30,146.7014617919922,147.92021948940214,145.25239782570569,145.78020743033787,8911000
2025-01-31,146.01051330566406,146.99895008845922,145.92414845506815,146.4615492717637,8457800
2025-02-03,145.7418212890625,146.31761627900403,144.69580787897442,145.86658028693398,6687500
2025-02-04,147.29644775390625,147.9585928927294,144.8589324594774,145.25239184336863,9645000
2025-02-05,148.4480438232422,148.48642332417165,147.12372407350506,147.61315422957773,8947000
2025-02-06,147.31565856933594,148.59199302736056,147.19091420248404,148.5440076663823,7418100
2025-02-07,146.9413604736328,148.25608875817147,146.63428059553448,147.33481983773098,6204900
2025-02-10,148.01617431640625,148.14091865097276,146.14484822411143,147.41159113932193,6936200
2025-02-11,149.82992553710938,150.07942887651248,147.72829297155434,147.8914314599803,7554500
2025-02-12,148.9950408935547,149.37890913106864,148.0449981222442,149.00464675141504,7746000
2025-02-13,150.90472412109375,151.74921947286504,148.5439824073121,148.99501836627414,10704700
2025-02-14,149.84910583496094,151.11584887025626,149.76274098521094,150.9431045276824,6411800
2025-02-18,149.92649841308594,150.37146199599803,148.23367072791967,149.1042619190336,9670700
2025-02-19,152.73175048828125,153.12835937587795,149.69433453307806,149.93616706059515,7974700
2025-02-20,154.46328735351562,154.72447065409662,151.82247990187116,151.82247990187116,7224000
2025-02-21,156.99769592285156,158.16815721035397,154.0763545578589,154.65675858755915,12546900
2025-02-24,158.39065551757812,159.48372862905183,156.7558650843274,157.3652730858589,10201900
2025-02-25,160.66384887695312,160.9927375605223,158.58409511641713,158.73887147113874,12303700
2025-02-26,157.752197265625,159.73522695770862,157.24918147186014,159.68685749979707,11396400
2025-02-27,158.38095092773438,158.5937647275845,156.4462907547592,157.00734397615628,8364600
2025-02-28,159.6288299560547,160.5187719477418,157.38461686027114,158.9420190357954,12037200
2025-03-03,161.8149871826172,161.86335664243504,159.4546992422602,159.57078889788036,9191500
2025-03-04,160.01576232910156,164.43646849479492,159.91903816381347,162.58886424242598,11999700
2025-03-05,159.72555541992188,161.02178908560785,158.1875039682792,159.13548341667513,8744800
2025-03-06,160.41236877441406,160.45105548787242,158.16815562635495,159.609482937494,8037900
2025-03-07,161.2442626953125,162.9564411685286,159.31927041140122,159.73523004513686,9637600
2025-03-10,162.22125244140625,164.34937567817212,161.59249378973192,162.00843864170108,17559000
2025-03-11,160.44137573242188,161.8343334793595,159.65784068984107,161.73759456237744,9890300
2025-03-12,157.52972412109375,158.84529374297648,156.92996937857492,158.3809646338741,8010700
2025-03-13,157.66514587402344,159.16449579270065,157.34592515447991,158.09075873979484,5286700
2025-03-14,157.49102783203125,157.8199165582549,155.83690145230864,156.82356763097957,6235800
2025-03-17,157.52005004882812,158.15849153879324,156.44631291035506,157.10410513767036,6669800
2025-03-18,158.8839874267578,159.47405944688208,157.64580593539665,158.1004523161623,7348800
2025-03-19,157.66514587402344,158.9903834512878,156.91062954066115,158.61312528460667,5936400
2025-03-20,157.6941680908203,157.86828043609006,156.63976699007893,157.67481735458355,7485900
2025-03-21,158.2842559814453,158.7679211139337,157.1718173205489,157.67483319121763,17047100
2025-03-24,157.95533752441406,159.0194066192989,157.19115318193283,157.52004189842918,8046400
2025-03-25,155.75949096679688,158.8259254970377,155.31451264303516,158.1778161256889,7456200
2025-03-26,156.4366455078125,157.1814939155619,155.39192709130742,155.94331240569394,7223500
2025-03-27,157.8005828857422,158.7098756505802,156.04971755613565,157.04606649795912,6752500
2025-03-28,158.3616180419922,159.145153065683,157.58775100565197,158.24552839235523,5760300
2025-03-31,160.42202758789062,161.18622666764645,158.86462546515958,159.0000510949498,12481400
2025-04-01,148.24334716796875,156.52369098418785,148.1272722719447,155.47897263911065,23303100
2025-04-02,150.28439331054688,150.70033813646018,148.43678941988426,148.97849187236895,10356900
2025-04-03,154.5987091064453,155.40158012864245,152.3351453749852,153.56365877809012,13249300
2025-04-04,148.2336883544922,154.59872297882245,147.93380358739154,153.96028149060214,16601700
2025-04-07,145.69924926757812,147.72098031570252,142.58444528599443,146.33769065119634,18083000
2025-04-08,145.0995330810547,148.57224503032552,143.16487263997396,148.57224503032552,12018400
2025-04-09,146.037841796875,148.18531602643375,136.87722360185043,137.55435179128617,18773700
2025-04-10,143.8323211669922,146.26031450956327,140.38862822332476,145.45742872051707,13830500
2025-04-11,146.7729949951172,147.3727497065952,143.34865286436727,144.45140861090906,9943900
2025-04-14,149.3170928955078,149.6169629011498,146.23130714144625,146.63758406137615,10685300
2025-04-15,148.6012725830078,151.19372540339688,147.13094118785625,150.61332133248166,10847700
2025-04-16,148.8817901611328,150.54559923607638,147.26635054679667,150.29408394503258,7986900
2025-04-17,152.3254852294922,154.23112687247226,149.12362468264067,149.12362468264067,10981100
2025-04-21,151.79345703125,153.06065726348143,150.41018189539062,152.79948873031853,6285400
2025-04-22,152.59634399414062,153.53465549936504,151.15501663573795,152.4028808999299,7136300
2025-04-23,150.3037567138672,151.9675656783417,149.28805714969707,151.377493722798,9099400
2025-04-24,149.8684539794922,150.80676541160602,148.42714149368047,150.7100412521811,8310400
2025-04-25,149.5299072265625,149.83944522171166,147.46948913401275,149.27840668298583,8643600
2025-04-28,150.2747344970703,150.7196980700793,148.79472064894418,150.41982810559807,5815200
2025-04-29,150.8164520263672,151.89018911743372,149.249367096524,150.37147364868648,5246700
2025-04-30,151.203369140625,153.03162248239505,149.95551977667787,153.03162248239505,9598200
2025-05-01,149.41383361816406,150.0232416252437,148.34976446248862,149.9361854471306,7325800
2025-05-02,151.01956176757812,151.59996569817514,149.97484354867456,150.9712070735993,5974500
2025-05-05,149.9361572265625,151.66767151549217,149.67497398109444,151.55159663318867,5464100
2025-05-06,149.4235076904297,150.80678288883902,148.66899126215395,149.76207918837147,8644200
2025-05-07,152.16104125976562,152.7801319885972,149.45251378601978,149.68467834443936,7853100
2025-05-08,150.5746307373047,151.89986846073558,149.72337539129975,150.7294071202671,7606100
2025-05-09,149.18165588378906,150.96153980503095,148.78504698255867,150.34244910371697,6520400
2025-05-12,149.10427856445312,150.28442260611004,146.24097463708367,147.05354323449288,9023800
2025-05-13,143.59051513671875,146.74400666784575,143.24227563092705,146.74400666784575,10549600
2025-05-14,141.57843017578125,143.958068651586,141.3462656443927,143.81296028436105,10216000
2025-05-15,144.72225952148438,144.7609462316723,142.51674803361635,143.16485744133942,7945800
2025-05-16,146.38607788085938,146.55052224019147,144.34501061106303,144.78030623991705,8051200
2025-05-19,147.50819396972656,147.67263833969156,146.1152360590958,146.92778992020104,12639900
2025-05-20,148.6399688720703,149.0075443278848,147.15027203018252,147.3534178759993,7351500
2025-05-21,148.1756134033203,149.3847759938042,148.00150107522768,148.18529615062693,7032200
2025-05-22,147.62425231933594,148.31106320890513,146.42475763964194,147.66293903016444,7535300
2025-05-23,147.94346618652344,148.46581794010436,147.23731935437036,148.00150363022289,6727300
2025-05-27,149.51422119140625,150.2849567928587,148.22639171638167,148.80202058666853,6990700
2025-05-28,148.71420288085938,149.894713230394,148.22639139353228,149.5434883640455,8459300
2025-05-29,149.83616638183594,150.2849445780566,147.86540396060985,148.05077469302344,6810600
2025-05-30,151.42645263671875,151.9142641375451,149.48495750417268,150.14837399962022,15529700
2025-06-02,151.61180114746094,151.74838776559352,148.58737892114664,150.7142298159004,6669300
2025-06-03,150.65570068359375,151.86547855329525,150.32399243905195,151.02644218444954,8209800
2025-06-04,149.48495483398438,151.1532618003879,149.39715233824217,151.1532618003879,6983900
2025-06-05,149.9142303466797,150.33374108147183,148.91909074097882,149.9337320877222,5295400
2025-06-06,151.25082397460938,152.22644691962358,150.2459335321907,150.2459335321907,5391500
2025-06-09,151.44595336914062,152.1874363730245,150.6849686238681,151.0752267540242,5319000
2025-06-10,152.63623046875,153.60210269353445,151.24109658644394,151.64109074201698,6791600
2025-06-11,151.47523498535156,152.78258123468572,150.9581559406759,152.48989133149666,6016000
2025-06-12,152.84109497070312,152.86059671119577,151.38741141546242,152.43133511798572,7075500
2025-06-13,153.2703857421875,153.82648313457608,152.16792694173967,152.16792694173967,6587500
2025-06-16,151.4362030029297,152.68499924993841,150.68496912584888,152.6069476236472,7024000
2025-06-17,148.66543579101562,151.49473650368915,148.3922625451089,151.19229575906564,6407100
2025-06-18,147.0556640625,148.92885860728995,147.03616231923195,148.8508218605639,8325200
2025-06-20,146.1385498046875,147.70930329241878,145.4068326188529,147.5727166798693,22605500
2025-06-23,147.6312713623047,147.7385755950332,146.0897853209143,146.0897853209143,7397900
2025-06-24,148.4800567626953,148.99713572696209,147.29954646191248,147.80687455609248,9544200
2025-06-25,148.56787109375,149.33862160994235,147.0556524476084,147.68981633757784,7153700
2025-06-26,148.304443359375,149.4849537116276,147.83614849877387,148.97762559532833,7156900
2025-06-27,148.69471740722656,149.59228885568456,147.3288361611869,148.30445924257518,10010800
2025-06-30,149.0264129638672,149.24105121440112,147.82640084448238,148.4507989678105,9039300
2025-07-01,152.119140625,153.90453255131712,149.08495241472764,149.27032317180044,10896700
2025-07-02,151.7678985595703,152.48986487727834,151.2898528578931,152.19717502486566,5544000
2025-07-03,152.20692443847656,152.47034679181002,151.1044806760517,151.64106136571266,3482500
2025-07-07,151.4849853515625,152.53865996388424,151.11424385273855,152.2167025917727,6270900
2025-07-08,151.99229431152344,152.93864977319205,150.450823135907,150.71423061646016,6438200
2025-07-09,152.47036743164062,152.8703764506989,151.28987189039452,151.99230678299833,6147400
2025-07-10,153.84597778320312,155.35819625851983,152.0215677204255,152.29474094201282,6732900
2025-07-11,153.07522583007812,153.34839904894577,151.39715326456326,153.2605965614863,7872000
2025-07-14,152.99720764160156,153.631356643652,151.72889475067498,153.0459768826626,10185600
2025-07-15,151.38742065429688,153.3581833025349,151.02644490443114,152.54841441792806,6873200
2025-07-16,160.7631378173828,162.07046891059173,155.90454001784863,156.39235146040332,22134800
2025-07-17,159.0070343017578,160.68510707307274,158.34361779938138,159.20215592676115,11295700
2025-07-18,159.70948791503906,161.0753690966727,159.37777965584667,159.93387704486614,9792600
2025-07-21,160.35340881347656,160.89975535225892,158.81192257229682,159.77779477346135,8254000
2025-07-22,163.83636474609375,163.96320050104055,160.69487235317746,160.97779647556757,9288000
2025-07-23,164.97784423828125,164.9973459784646,162.52902114423384,164.490032770855,10617600
2025-07-24,165.4266357421875,165.84616137902782,164.76321923886425,165.36810074328554,6636900
2025-07-25,164.1973419189453,165.73882793309863,163.35830560457893,165.61199218855185,6254900
2025-07-28,162.16806030273438,163.84613309560726,161.0265831506335,163.76808146723806,8014600
2025-07-29,164.01197814941406,164.66564375316304,162.31438882166105,162.60707869014607,7663400
2025-07-30,163.1826934814453,164.499790452766,162.71439862163524,163.61196997244835,6189200
2025-07-31,160.72412109375,162.99732422569133,160.2265438896949,161.88509983395596,11036200
2025-08-01,163.25100708007812,163.53393121495887,160.77291619133743,161.44609847911997,8927800
2025-08-04,166.87054443359375,167.01689680960575,162.57780936675738,162.9583017254687,12679100
2025-08-05,166.57789611816406,167.3778993318124,165.5144556081626,166.3827595855806,7934400
2025-08-06,166.4315185546875,167.9827555011224,165.54369808088197,165.76810208205814,8957200
2025-08-07,167.34860229492188,167.43640478699228,165.77784876053298,166.99737743981552,9315900
2025-08-08,169.10472106933594,169.71936826748328,166.23638732708073,166.85103452522807,7686800
2025-08-11,169.58279418945312,170.34377892586957,168.83156032361754,169.17301943585167,7256800
2025-08-12,168.56813049316406,170.49985974732417,167.62177504979545,169.75839167169318,7916700
2025-08-13,170.16818237304688,170.28525238336564,168.49010941995024,168.7827993325745,5878700
2025-08-14,170.46084594726562,171.4364689140486,168.5096000136997,170.0608369580466,8241700
2025-08-15,172.33404541015625,172.94869266139256,170.69500592262676,171.2901365456328,9477600
2025-08-18,171.95355224609375,173.24138174050665,171.80721475210385,172.19745799396054,9284000
2025-08-19,173.4657745361328,173.8365011577051,171.69013350835883,171.74866850719522,9274200
2025-08-20,174.48040771484375,176.20726453345222,173.6608879960152,174.14869947915005,9030000
2025-08-21,174.56822204589844,175.69019746528133,173.81700302944694,174.19749541661915,8859600
2025-08-22,174.91944885253906,176.74387406623362,173.14382265519245,175.6511661348864,9524000
2025-08-25,174.0609130859375,175.86580680839708,173.94382819611357,175.14385527414382,6229100
2025-08-26,173.45156860351562,174.1100321410985,172.7439628624515,173.70708706708515,9145000
2025-08-27,173.7464141845703,174.63092897274024,173.12727032855804,173.92332314064308,5951100
2025-08-28,172.4294891357422,173.4515931267191,171.62361386987305,173.33364882246966,6424700
2025-08-29,174.11985778808594,174.35573137148032,172.4294679306645,172.94051986330464,6942300
2025-09-02,174.99453735351562,176.1149106462827,173.84468173694643,174.4146983239466,9049000
2025-09-03,174.93557739257812,175.22057819566584,173.4908835031877,174.6112568259705,7111700
2025-09-04,175.68247985839844,175.82006903219516,174.49331949831873,174.9355693429442,7854800
2025-09-05,175.35816955566406,176.41957824245722,173.5203679848044,174.93557956719528,9733800
2025-09-08,175.06333923339844,176.36060646744886,173.65795015074036,174.30659126581332,8382500
2025-09-09,173.91348266601562,175.02401851272893,173.4122531725237,174.9355715419111,6005700
2025-09-10,172.7636260986328,173.56951633226447,171.3287695795717,173.26485563285135,6891600
2025-09-11,175.42698669433594,175.77096717648928,172.60640072662915,172.72433003658006,5792500
2025-09-12,174.99453735351562,175.72180299819078,173.6776102367026,174.65057191045906,7220200
2025-09-15,174.3459014892578,175.90853967831688,173.8839917409838,174.69970438163585,4768100
2025-09-16,173.42210388183594,174.5621221393924,172.6260360952719,174.51299492702006,7959300
2025-09-17,174.14935302734375,175.43679789881932,173.5498540800044,173.66779837849663,6714900
2025-09-18,171.16168212890625,173.972445249394,170.876666342636,173.559677727712,8200900
2025-09-19,173.15673828125,174.1100400871322,170.34597506932738,171.6825620861038,25621000
2025-09-22,171.21083068847656,173.5989889374499,171.12236871932896,173.0584546641959,7193900
2025-09-23,173.54002380371094,173.92330901529326,171.82015157295257,171.87911622148897,8350400
2025-09-24,173.64813232421875,173.9036508023601,172.71449038921074,173.1075980472891,6676800
2025-09-25,174.6702117919922,175.32867533153635,172.88155254948768,174.14933742494836,8475000
2025-09-26,176.61614990234375,176.81270373725064,174.26729633437998,175.52525887309972,8634400
2025-09-29,178.49327087402344,178.7389669367819,176.7046113351125,176.7340936629557,8597100
2025-09-30,182.22784423828125,182.78803842940496,177.95274197359174,178.57188582113764,11569000
2025-10-01,182.84698486328125,183.34819935584886,180.7438274884457,182.79784265904632,13063800
2025-10-02,182.7781982421875,183.3776971939459,180.92073673527972,181.019021152065,7728100
2025-10-03,185.3924102783203,186.51278366279104,183.69219781682014,183.83960944789652,8675100
2025-10-06,184.92066955566406,186.6503642638064,184.14426167812178,184.7634204923522,5806100
2025-10-07,185.6381072998047,185.9722503293924,179.7905442976322,180.60625698475295,8776800
2025-10-08,186.42433166503906,186.9452060756144,185.0287799427337,185.61844144726052,5751200
2025-10-09,187.7904052734375,188.7928493485398,186.46364061532867,186.72899654616978,7484800
2025-10-10,187.43658447265625,188.76334900411925,186.5815671056796,188.704369361487,9598000
2025-10-13,187.61349487304688,188.0066175446105,186.0213892924798,186.56192359331942,7979500
2025-10-14,187.56436157226562,191.05323331805099,182.6799231328508,189.59871697072126,13613300
2025-10-15,187.87884521484375,190.23753618579482,186.04104364273672,188.18350590368544,9473000
2025-10-16,188.8125,189.72649712476021,187.1515922648453,188.04592950625124,10611800
2025-10-17,189.89356994628906,190.26703275209798,188.3800738356614,189.18596410164966,7764400
2025-10-20,190.3849334716797,191.13184397504045,189.01886419821113,190.16871977405776,8034700
2025-10-21,188.57662963867188,190.21787738824742,188.46852278110242,189.68716554341688,6716000
2025-10-22,189.6183624267578,190.11957690799136,188.47832929710643,188.6945429939746,6343100
2025-10-23,189.15647888183594,190.66013752967604,188.2424817647799,189.244925862039,8882500
2025-10-24,187.12208557128906,188.99920679061546,186.15896135770447,188.89109994038998,6903400
2025-10-27,187.02383422851562,187.5152263231801,186.2670862038253,186.7191735291991,7126000
2025-10-28,183.7118377685547,186.2474227276328,183.40717707511635,186.00172668504106,8329500
2025-10-29,183.3875274658203,183.87891953834813,181.48092382503702,183.4857968826683,10551100
2025-10-30,185.7953338623047,186.1196544091771,183.69217652484616,183.85924801939953,7072500
2025-10-31,185.61843872070312,186.23759753765293,183.54476355197036,184.23272445795735,8791700
2025-11-03,183.05337524414062,185.77569161087956,182.32612455131903,185.7462092852839,7542600
2025-11-04,183.64305114746094,184.58653055172488,182.4243933744734,183.6135688219617,7209400
2025-11-05,182.79783630371094,184.59633294429494,182.20815986558364,183.4268175062025,5049400
2025-11-06,183.75115966796875,184.29169396716964,182.17869897867467,183.5447683915115,6767400
2025-11-07,183.35804748535156,185.10740208622806,182.50301507087647,184.50790315023582,6959200
2025-11-10,185.16636657714844,185.1761890201216,181.93299830354297,182.79785316025624,5323800
2025-11-11,190.4930419921875,190.58148896123765,185.7953352409857,186.1294782325719,7465600
2025-11-12,191.04339599609375,192.18342912368828,189.74612881332007,190.03112959717126,8803000
2025-11-13,191.88861083984375,192.62569897367158,190.11959631943768,190.86652189255162,8631600
2025-11-14,192.55690002441406,193.78538026750178,190.2178838389208,191.64291792168322,8824800
2025-11-17,196.14405822753906,196.8320041184873,192.5274048355465,193.56916860880608,13257000
2025-11-18,196.55682373046875,196.85166196528357,195.11212987636216,195.5838620544085,12468600
2025-11-19,199.02362060546875,199.97692246795802,195.94751629294967,196.55683769104098,14690800
2025-11-20,199.57398986816406,200.98918648523562,198.09981360379683,198.5224036014558,10612600
2025-11-21,200.38967895507812,203.3773511207127,199.49535679003293,200.44865859984768,13189100
2025-11-24,202.502685546875,202.57147264227206,199.50519076522252,200.20297413908787,14803900
2025-11-25,204.40159606933594,205.44007432722765,202.92794482022794,202.92794482022794,10275300
2025-11-26,205.28182983398438,205.52908584700302,203.6796156988426,204.22358194574548,6729000
2025-11-28,204.64886474609375,205.18294621066644,202.38400619964904,204.72798848496785,5638300
2025-12-01,203.08619689941406,205.42029428513683,203.08619689941406,204.23346843115957,8473700
2025-12-02,203.1653289794922,203.3532459732576,200.870800913071,202.98731188517345,8393600
2025-12-03,203.07630920410156,204.7477622566812,202.74004465032948,203.64004506291835,8363300
2025-12-04,200.25758361816406,202.6114656652222,199.49604597225286,202.34442494855622,9049900
2025-12-05,199.713623046875,201.21694385760424,198.6059209186059,200.7521013377821,7785300
2025-12-08,199.4070281982422,201.02902706966685,198.78395329612633,200.4356216823513,7785700
2025-12-09,197.7652587890625,203.28399979452115,197.7158045675227,200.69276157197945,7509400
2025-12-10,204.2730255126953,204.53018143025886,197.98283180120782,198.38833529328133,11599800
2025-12-11,207.70494079589844,208.9214512752855,205.54887555375637,205.61809939160463,9009000
2025-12-12,209.25770568847656,209.94013468251453,206.66646756392336,207.9719714336103,6922700
2025-12-15,211.8192901611328,212.82809897096232,206.71592217177204,208.04122593814026,8467000
2025-12-16,207.00274658203125,212.37314018651233,206.51811934148523,211.65115682105406,9949800
2025-12-17,208.0214385986328,209.1983796799915,206.17196838010346,207.09175353970042,8457600
2025-12-18,206.0236053466797,208.7434215885478,205.47963908004408,207.4972566705998,7499900
2025-12-19,204.10488891601562,206.94339820920948,203.76862436002912,205.2818299532778,24803900
2025-12-22,205.0444793701172,205.79613223753498,203.24444830191146,203.86753830110726,8187800
2025-12-23,203.52137756347656,204.263145636555,201.0488173198817,202.76972468229533,7047300
2025-12-24,205.49942016601562,205.65766763921368,203.31368542129266,203.73895852778904,2376500
2025-12-26,205.35105895996094,205.75654733256223,204.44115868643942,205.25215052295067,2316700
2025-12-29,205.28182983398438,207.17086939536102,205.10381274843945,205.71700283150668,4348900
2025-12-30,204.6389617919922,205.41039931347132,204.25324303125262,205.23236714396373,3937400
2025-12-31,204.67852783203125,205.2224940876339,204.1048920616966,204.6389735094918,4083800
