Date,Close,High,Low,Open,Volume
2020-01-02,117.89923095703125,117.90759543147934,116.37002396765263,116.81290758881043,10803700
2020-01-03,116.34336853027344,117.0918543602765,115.28371832689417,115.63693506135392,10386800
2020-01-06,116.25083923339844,116.28448624972941,114.79592017521502,114.84637786713469,10259000
2020-01-07,114.27450561523438,115.9396735925239,114.22404792388873,115.45189452188825,10531300
2020-01-08,115.16594696044922,115.70418366593277,114.03901586343292,114.12310772932315,9695300
2020-01-09,115.58648681640625,116.25086797859059,115.25008073279777,116.09949486540174,9469000
2020-01-10,114.434326171875,115.42669524273886,114.21565900993012,115.39306105075192,10190900
2020-01-13,115.38463592529297,115.38463592529298,114.17359976546075,114.53523467857302,12355200
2020-01-14,116.73020935058594,118.3785537875188,115.79670358130076,116.00695251282826,24906000
2020-01-15,114.98094177246094,116.56201791371738,114.5015680277952,115.93127109131107,16293400
2020-01-16,115.42667388916016,115.97331602773536,115.0818625303284,115.59487048313888,10783800
2020-01-17,116.22563934326172,116.30132589999737,115.48557162310203,115.67057892870697,14697700
2020-01-21,115.08185577392578,116.11628978968994,114.95571154399201,115.37620942054033,8474200
2020-01-22,114.94731140136719,115.55282946516931,114.69502290193199,115.41827987633013,7549100
2020-01-23,114.8295669555664,114.99777639051999,113.29896119159876,114.13155169733747,9345700
2020-01-24,111.97858428955078,114.73704945375246,111.28056907661808,114.68659175957201,15166400
2020-01-27,111.03667449951172,111.80198375768954,109.08557091553622,109.55652651054487,12860500
2020-01-28,113.0550537109375,113.50919860699318,111.41511454757398,111.71787353408547,13062800
2020-01-29,112.88687896728516,113.98858157140788,112.43274681593982,113.37465814174013,9326000
2020-01-30,114.28291320800781,114.4847568099499,111.59172934499789,111.59172934499789,9048900
2020-01-31,111.31421661376953,113.39147749054321,110.56573078429983,113.1055419675051,12785200
2020-02-03,112.1635971069336,112.89527212277314,111.56649732113263,111.56649732113263,10021100
2020-02-04,113.77831268310547,114.88002792703945,113.6017107567078,113.99697979731971,9157100
2020-02-05,115.71260833740234,115.83034723538212,114.3838334415863,114.85480186608287,10150700
2020-02-06,115.72942352294922,116.30129446269886,115.30892565575334,116.25925494204049,8992300
2020-02-07,115.35940551757812,115.77990346558967,114.6277431944633,114.98936527011533,6379800
2020-02-10,115.83876037597656,115.93127042269903,115.00616995547433,115.17436654063059,5960700
2020-02-11,116.05743408203125,116.74705687896821,115.87241395761299,116.27608839608054,6578600
2020-02-12,116.05743408203125,117.14231314559372,115.88923746871802,116.56203675454995,7958000
2020-02-13,115.9565200805664,116.34337101259959,114.71183689534693,115.84718650593221,7447500
2020-02-14,115.60328674316406,116.2172100756985,115.16596533998602,115.92285641666807,6627600
2020-02-18,114.0726547241211,115.81352195970462,113.57647034750991,115.50234482867361,8996400
2020-02-19,115.62853240966797,116.38542359644823,114.66137941258295,115.1407532414352,7071200
2020-02-20,115.62853240966797,116.36019474572751,114.82117068886703,115.35940755854125,7422800
2020-02-21,114.21563720703125,115.1491430555738,113.46715146054775,114.83797871691877,9772800
2020-02-24,111.14600372314453,112.02063367509348,110.00224896593313,110.54048574388102,13618400
2020-02-25,106.18413543701172,111.20487515926854,105.62066335376448,110.17045388008121,20797200
2020-02-26,106.50370025634766,108.44639836720594,106.25139896722577,106.74758979148861,24825600
2020-02-27,102.07168579101562,105.64591875463837,102.01281632826638,103.36682038778905,23005500
2020-02-28,97.64801788330078,99.64958547560381,94.74658508743141,98.83381856450109,45931400
2020-03-02,102.19780731201172,102.24827142334445,96.26037898706119,98.08533834242292,27355400
2020-03-03,98.36286926269531,103.40043237290233,97.75735125230396,101.735264260615,32547700
2020-03-04,100.79334259033203,101.07928449098249,96.4622130555183,99.51503183245724,25795900
2020-03-05,95.84828186035156,97.9171305319256,94.67929833962016,97.27797199733172,25025600
2020-03-06,90.89482116699219,92.77864982902386,88.32136983816046,89.3642091760374,38159400
2020-03-09,78.5826644897461,83.45203186401946,78.21262421444347,81.21497953247534,40352000
2020-03-10,84.68828582763672,85.17606499682735,79.54139494923373,83.25859534281136,31102700
2020-03-11,80.70196533203125,84.14164187980985,79.51616445629044,82.1652963930927,38127000
2020-03-12,74.04966735839844,81.542935041755,72.59474210377304,75.34479497475148,49725200
2020-03-13,87.38787841796875,87.45515320694433,77.37161515840447,80.7271866714309,38543300
2020-03-16,74.3104019165039,79.03680141837808,71.10620943207299,71.65285166110631,38589700
2020-03-17,78.85176086425781,81.94662538465855,73.5871258364281,76.43810082695923,35239800
2020-03-18,70.55111694335938,76.3539875847163,67.58240364618392,73.73007913032103,41525600
2020-03-19,71.73693084716797,74.10012654857067,64.68097792231531,68.5916025255694,32175100
2020-03-20,70.22312927246094,75.23546204099594,69.36531662427497,72.57791940739357,30150800
2020-03-23,66.46389770507812,70.43339894696398,65.67335959204307,69.53353368871103,32536600
2020-03-24,74.3692626953125,75.77372421400952,69.71855670749157,71.40054839444535,34363200
2020-03-25,77.14456176757812,80.02076639347999,71.09779879852198,75.05047722010946,38111700
2020-03-26,82.51850128173828,82.89694678429504,78.66673939438535,79.1208778472263,29826300
2020-03-27,76.63996887207031,79.76006349424732,76.15219603216113,78.37242512404067,30041500
2020-03-30,78.63311004638672,79.12929450589814,75.10093012953521,76.23627321593112,21656900
2020-03-31,75.71485137939453,79.1965735025553,75.1345622201048,77.41366650045273,23379300
2020-04-01,70.94640350341797,72.79659162654521,70.01289768761337,71.56873857519153,28029600
2020-04-02,73.59552001953125,73.93191951201254,69.7689878230941,70.2315379272917,24018000
2020-04-03,71.42023468017578,74.3348262072918,70.3325683532088,73.07721546081088,21199400
2020-04-06,76.01728820800781,77.31738165037291,74.52175287371601,75.61791174234779,26820800
2020-04-07,77.01998901367188,80.29996702121804,76.79905607224592,80.25747767299463,22563800
2020-04-08,80.12998962402344,80.60583901010423,76.94348430731458,78.26056928177725,22903300
2020-04-09,87.31876373291016,88.70382934304715,82.33081733076023,82.35630834153528,42055900
2020-04-13,83.43547821044922,87.61617267845729,82.67921461093829,87.61617267845729,26911900
2020-04-14,81.14968872070312,86.6729659634735,79.56918117567332,85.84022284975198,46151300
2020-04-15,77.14744567871094,78.20111532153739,76.58661743598729,77.45335081420312,30118600
2020-04-16,74.20735168457031,76.9604909940041,73.9694269456389,76.67158423471965,32449600
2020-04-17,80.8777847290039,81.31964411567006,77.29190167384698,78.17562693014342,30191900
2020-04-20,77.92919921875,80.47840432168444,76.86703042586065,78.57499966005659,23679400
2020-04-21,75.66889953613281,77.64877703330393,75.05708933772539,75.30351325002633,23035000
2020-04-22,75.91531372070312,78.06514848793088,75.77935950629195,77.06246103516733,16662400
2020-04-23,75.95780181884766,77.56380025331329,75.84733861625746,76.25520773579262,16638800
2020-04-24,77.07946014404297,77.41085627141602,75.19304742948034,77.01997895407764,15809200
2020-04-27,80.40193176269531,81.26015948476388,77.78474628540593,78.12464159776209,22870200
2020-04-28,80.97123718261719,83.57992299489393,80.75030429943496,83.11256621950128,20238900
2020-04-29,83.15506744384766,84.50614297918523,82.65372042376042,84.19174517894275,20462600
2020-04-30,81.37061309814453,82.28832183217847,80.34243468173572,81.23465240690241,19127600
2020-05-01,79.2378158569336,79.65418433414175,78.03968598523574,79.45024967960633,18547700
2020-05-04,78.2945785522461,78.74493704294645,77.15593681975562,78.19260802336623,15725900
2020-05-05,78.17561340332031,80.05352681690104,78.09064120708322,79.5776773316029,18064100
2020-05-06,76.70556640625,78.82141097045265,76.41665965269077,78.3115713281369,20978000
2020-05-07,77.50432586669922,78.94887920605416,76.96899516925221,77.61478907897653,16771900
2020-05-08,78.77043151855469,79.94306996187143,78.26909098284831,78.85541020450668,20487800
2020-05-11,76.45065307617188,77.4193503826359,75.90682323685743,77.4193503826359,31907600
2020-05-12,73.95243835449219,77.14744387089453,73.84197513486116,76.60361397231078,27962900
2020-05-13,71.40322875976562,73.80798028980062,70.8678980605236,73.40010465016621,35451600
2020-05-14,74.36878967285156,74.87013659506553,70.01815148042758,70.29006636745407,35152500
2020-05-15,72.99222564697266,74.16485741792019,72.48238602842862,73.7994711694205,26099000
2020-05-18,76.85852813720703,77.45334652683343,74.67470944708269,75.36299920532232,30504400
2020-05-19,75.34599304199219,77.49582133067612,75.27801269316544,76.5186313688837,19597300
2020-05-20,77.60627746582031,78.50699424011196,76.79053287124191,77.07943957885932,20552400
2020-05-21,76.6205825805664,77.97166423469422,76.19571519597909,76.7055547608915,14621400
2020-05-22,76.02578735351562,76.78205094375814,75.38848613816768,76.48464500652173,13557900
2020-05-26,81.4216079711914,82.84916303981132,78.69395938137478,78.93188414565084,41233900
2020-05-27,86.13763427734375,87.16581278962795,83.953815713591,86.73244614958645,39402000
2020-05-28,84.85453796386719,87.48021601272724,84.46366064023253,87.47172333042644,24713900
2020-05-29,82.68769836425781,84.27670490961923,82.23733991912954,83.83484562844505,26526400
2020-06-01,83.78386688232422,84.55712881811026,82.74718917995598,83.06159345323657,15176800
2020-06-02,84.06427001953125,85.33037314661163,83.2145351589206,85.21141078476315,21195000
2020-06-03,88.60186767578125,89.15419673532963,85.87421903975591,86.31608488058012,25941100
2020-06-04,90.44579315185547,90.59024654223458,87.34425918491169,88.21948517516128,26784700
2020-06-05,94.51602172851562,98.37381271232482,93.07146841781511,97.6600384632207,42231000
2020-06-08,96.40242767333984,97.0312362053063,95.11933256405744,96.3684439802808,24881800
2020-06-09,93.92970275878906,94.85591074846037,92.62960931415007,94.02317412253099,17031100
2020-06-10,90.12287902832031,93.90420312277226,89.94443548201029,93.86171378571446,24913300
2020-06-11,82.60273742675781,86.31608165913919,82.0334165405627,84.99898983421524,36259200
2020-06-12,84.86302947998047,85.93369082009835,82.70470198778511,85.57680370672573,24856800
2020-06-15,86.03567504882812,86.1886276193446,81.46410274800189,81.93145314243932,22153600
2020-06-16,86.72393035888672,89.79997262425442,84.3871596926909,89.5365569146129,22193600
2020-06-17,84.53162384033203,87.13181034864253,84.3021918055033,87.12331118510309,15639800
2020-06-18,84.07279205322266,85.41536857114966,83.38450222048185,83.84335994798764,16591900
2020-06-19,83.11255645751953,85.48331726312517,82.19484782548014,85.42383608805817,40371200
2020-06-22,82.21184539794922,83.23152460814971,82.03340186031224,82.63671281602647,16216900
2020-06-23,83.21453857421875,84.94799853896481,83.14655822666884,84.09826364347926,15381400
2020-06-24,80.43590545654297,82.28832123914754,80.13849306733486,82.2118482130969,22919800
2020-06-25,83.24003601074219,83.45246975101551,80.09601924788235,80.17249228255838,25743600
2020-06-26,78.67694854736328,81.03921693302954,78.17560808559293,80.81828405147117,41896300
2020-06-29,79.02533721923828,80.29144026913433,78.32855493533337,79.3652324393543,18499700
2020-06-30,79.92607116699219,80.43591734788694,78.65996784582079,78.88090075867761,19137000
2020-07-01,79.24627685546875,81.32812472173669,79.05083498024102,80.6313423782995,18755700
2020-07-02,79.50367736816406,81.47710804786303,78.877323503783,81.28834369021023,27845600
2020-07-06,81.51142120361328,81.68302157716704,80.20724134465472,81.02235293823699,18625300
2020-07-07,79.21198272705078,80.73924911597973,78.93741805652579,80.49900584753762,25757200
2020-07-08,80.05281066894531,80.08712551201175,78.76578803147761,79.18621359346575,18762200
2020-07-09,78.31964111328125,80.7564081427799,77.89063343273423,80.24159368921332,25600800
2020-07-10,82.60113525390625,83.09020374386814,78.8258729330049,78.9374125724216,28954200
2020-07-13,83.78518676757812,85.17516722159941,82.56680673751565,84.71184476768336,32079200
2020-07-14,84.26567840576172,85.7586231342206,82.91859470130704,84.40296399033295,42731700
2020-07-15,85.56986236572266,86.90836403910548,84.64320433977912,86.56515663548157,22508400
2020-07-16,85.81011199951172,86.8483097271397,84.55741044684974,84.75475030004415,16886900
2020-07-17,84.2227783203125,85.8701659947784,84.20561434983492,85.80152320514148,16137700
2020-07-20,83.48487091064453,84.42010421699364,83.45054952149378,83.59641051578272,14458100
2020-07-21,85.2952880859375,85.84441725105083,83.77659762450217,83.8366584223697,17798100
2020-07-22,84.67752838134766,85.91306590841896,83.68222753434391,85.50122224810751,14271200
2020-07-23,84.92636108398438,85.24382256969744,84.05976375919154,84.51451084120893,12870200
2020-07-24,84.32573699951172,85.62992383416474,84.03401495915897,85.45831685795419,12744200
2020-07-27,83.14166259765625,83.76800994049478,82.51530870868216,83.66505232037642,11959100
2020-07-28,83.50204467773438,83.99111311313058,82.79847242775848,82.79847242775848,11754300
2020-07-29,85.52693939208984,85.55267879589105,83.22745882457575,83.28751961549034,12743500
2020-07-30,83.24462127685547,83.86239318996745,82.41235213705612,83.6907927901633,14834800
2020-07-31,82.9185791015625,83.16740426718285,81.72593863105736,82.78130008895498,14535000
2020-08-03,82.45524597167969,83.71652915748938,82.24074220664092,83.2446182559499,12962800
2020-08-04,81.98334503173828,82.3265458331899,81.53717351603409,82.29223098995328,13366200
2020-08-05,83.40766143798828,84.48876248293871,82.12922055191625,82.2579241482903,15260900
2020-08-06,83.43338775634766,84.17128127722866,82.83277979569374,83.72511629876229,10482100
2020-08-07,85.26956176757812,85.36394397826511,82.8499587809812,83.16742681203172,14743700
2020-08-10,86.35063934326172,87.55186179531213,85.82724960734073,85.89589238657463,14989900
2020-08-11,89.07913970947266,91.08689872445275,88.81315708654124,89.1134611037439,31518600
2020-08-12,88.32406616210938,91.31853667808451,87.26870483220017,91.08687550846955,19240800
2020-08-13,87.83501434326172,88.68444751929921,87.2086603957521,87.51754637724505,13598600
2020-08-14,87.86935424804688,88.64156281833642,87.01991434690828,87.08855714528792,12134400
2020-08-17,85.55270385742188,87.5175596588281,85.39826084323728,87.0885520134417,14988000
2020-08-18,84.36004638671875,85.72429383232064,84.18844598107106,85.72429383232064,13246500
2020-08-19,84.55741119384766,86.30775666098708,84.37722221862651,84.87487266817463,13533000
2020-08-20,83.54493713378906,84.11122372623396,83.05586876234918,83.45055494402557,13672600
2020-08-21,83.50204467773438,84.5745637506328,83.17600123618254,83.45914129636367,12228300
2020-08-24,85.8530044555664,85.98170805324621,83.5878447024947,84.47159936915277,17898300
2020-08-25,86.23052978515625,87.50039519363578,85.62992174839091,86.89119862559812,13648900
2020-08-26,85.0207290649414,86.03318733470255,84.98641421510409,85.75004727365462,12052400
2020-08-27,87.81785583496094,88.07526301759003,84.9435061775734,84.9435061775734,22163900
2020-08-28,88.17820739746094,88.59005751852469,87.35451370146903,88.49567533549207,13756700
2020-08-31,85.96454620361328,87.67199464294387,85.81867864247798,87.62051582497645,14219400
2020-09-01,85.92164611816406,86.54800012736933,84.97783065780844,85.41542026571523,11595600
2020-09-02,87.21723937988281,87.46606455342199,85.42398435200948,85.7586097294259,14475700
2020-09-03,86.94268798828125,90.08302044027526,86.3506553632907,88.65013652514722,23281200
2020-09-04,88.82173156738281,90.27177936555245,86.97700410469275,89.27648512696896,26325500
2020-09-08,85.7328872680664,88.86464442460029,85.3553649871617,88.35841853937335,22108600
2020-09-09,86.54800415039062,87.25157642221126,85.42399967572152,86.487943342289,13434000
2020-09-10,85.6556625366211,87.87791885456531,85.49263754710171,87.00274619459843,15922800
2020-09-11,86.7195816040039,86.96840675622757,85.44971643854102,85.77576634993392,13784300
2020-09-14,87.92082214355469,88.77025539295524,86.97700669464999,87.09712830381223,19017400
2020-09-15,85.18375396728516,88.24686818370681,85.06363235457347,88.14391054203219,23683000
2020-09-16,85.54412078857422,86.77108290069103,84.73759087683202,85.31245954329883,19270600
2020-09-17,84.56597137451172,85.2352221463876,83.83665980377867,84.68609297222605,18290100
2020-09-18,84.38580322265625,85.36394013837908,83.60501270571203,83.99111697123628,20121600
2020-09-21,81.77742767333984,82.4123636427579,80.49898684174781,81.68304547643004,28378800
2020-09-22,80.88510131835938,82.0777486353442,80.37029343569976,81.4771339837935,19257000
2020-09-23,79.57231140136719,81.8117311351236,79.50367517458879,81.32266283385123,19952700
2020-09-24,79.50367736816406,80.91082152103995,78.40541260965102,79.21194884830012,18366500
2020-09-25,80.19865417480469,80.41315790093986,78.82583163676634,78.98027458142904,13293100
2020-09-28,82.50675201416016,83.16742089583418,80.95373991450965,81.56292997443005,20894100
2020-09-29,81.81173706054688,82.39518758029944,80.93656455398582,82.39518758029944,12848200
2020-09-30,82.60113525390625,83.39908979501645,81.73454445953682,81.81176269925507,16400600
2020-10-01,83.20174407958984,83.88815238688501,82.3952076087274,83.33044768287556,15778700
2020-10-02,83.9910888671875,84.59169675617669,81.5886442189607,81.72592976280681,15149600
2020-10-05,85.76637268066406,85.94822707863446,84.45874541120351,85.14286811226219,13871900
2020-10-06,84.88306427001953,87.34244243302857,84.44142074845577,86.65831979700901,19220400
2020-10-07,86.3638916015625,86.90079312860487,85.44595146247647,85.69708559252678,16358500
2020-10-08,88.13914489746094,88.26038115839405,86.51111038858707,87.03935692845884,15659000
2020-10-09,87.6368637084961,88.4249058954074,86.69295201494796,88.32964790343176,13689100
2020-10-12,88.7106704711914,89.1956153921318,87.3337638465513,87.55025805866813,16058000
2020-10-13,87.27317810058594,89.38616450874272,86.82287287939393,89.1956484743179,21697300
2020-10-14,86.78819274902344,88.26901222952858,86.68427315838366,87.48963181692629,15204100
2020-10-15,88.08718872070312,88.13914523076217,85.76636990610885,85.81832641616788,17171200
2020-10-16,87.90531921386719,88.61542002572669,87.22119665257043,87.81872284303157,13275000
2020-10-19,86.42449951171875,88.21707147709047,86.2166602933571,87.98325400815352,11725700
2020-10-20,86.91812133789062,88.13048395657232,86.70162706928593,86.86615822074658,11257100
2020-10-21,86.05213928222656,87.45501783317377,86.0174994084293,86.90945468634767,10730500
2020-10-22,89.09171295166016,89.40346520570483,86.00017527145063,86.00883689152974,14837200
2020-10-23,89.89706420898438,90.45128892315472,89.13500687872008,89.62861347124304,15087600
2020-10-26,87.6715087890625,88.93583440410852,86.81419341721296,88.89253951865194,12410700
2020-10-27,86.0174789428711,87.39437891259394,85.87026446941874,87.03933185268656,10391700
2020-10-28,83.60140228271484,85.12552332284397,83.194392123685,84.43273923000017,16389500
2020-10-29,84.14698028564453,84.84842612149207,82.47564447529956,83.23770843455318,14208800
2020-10-30,84.90037536621094,85.22944420701106,83.3329593043839,84.78780074861916,15194500
2020-11-02,86.81419372558594,87.35975685381352,84.74450923663859,86.06945298153424,15011600
2020-11-03,89.55069732666016,90.70244187729614,88.92719274193267,89.21296017086517,17482600
2020-11-04,86.81419372558594,88.3902715917902,85.67110435676615,87.46367647166265,18886500
2020-11-05,90.36470031738281,91.0141830795205,87.4636786345438,87.51563514131313,17837400
2020-11-06,89.16098022460938,91.01417024945171,88.66737365924257,90.95355213113928,12552800
2020-11-09,101.23269653320312,102.96465025795638,95.56054544188459,97.99394491784072,47792400
2020-11-10,100.90362548828125,101.70898426961476,99.31889278239484,101.62238790098436,20539300
2020-11-11,99.39684295654297,101.28467315590918,98.68674205257295,101.2240550277732,14443400
2020-11-12,98.1758041381836,98.68672734103887,97.04136989949501,97.44838010211096,22063000
2020-11-13,98.79065704345703,99.46611804155509,98.34900692666979,99.32755855123747,11847900
2020-11-16,101.57909393310547,102.71352156818249,100.21951045206218,102.00342076802382,19858600
2020-11-17,100.54859161376953,100.83436561401146,99.22364783958638,99.92508710665268,14553200
2020-11-18,99.80384826660156,102.71353148648197,99.76054677427615,101.61373700746567,12571200
2020-11-19,100.07230377197266,100.29745965037274,98.34034970679137,98.87725784547453,10202500
2020-11-20,99.21498107910156,100.15023779132032,98.79930922693323,99.09374483198579,12718900
2020-11-23,102.07271575927734,102.33250490632442,100.08096593084737,100.49663781575535,13209200
2020-11-24,106.79228973388672,106.94816586744243,103.66611204921102,103.97786431632244,20121600
2020-11-25,105.67516326904297,105.97825387190002,104.32424137809174,105.10362193320961,11715600
2020-11-27,104.97372436523438,105.95227591629236,104.85248812375391,105.64918531259119,5983600
2020-11-30,102.08135986328125,104.5407378218193,101.98610187081339,103.91723336453136,14411800
2020-12-01,103.69209289550781,105.28549414578097,103.59683488890492,104.211677818054,12668900
2020-12-02,105.683837890625,105.91764878248655,103.28507780957806,103.65744819800972,10811300
2020-12-03,104.99105072021484,105.55393709743544,104.22899333077913,105.51929722425014,12904400
2020-12-04,105.9436264038086,106.7663085443007,105.38074662127448,106.06486926602376,13583700
2020-12-07,105.54527282714844,105.79640694627558,104.0990928440977,104.9131133263112,9724300
2020-12-08,105.64917755126953,105.93495150242806,104.57536808837952,104.81784055352767,9592100
2020-12-09,104.82649993896484,106.77494784409892,104.2982535339115,106.66236662562193,13073900
2020-12-10,104.15105438232422,104.59270451708959,103.53621148449184,103.90858187127826,13668400
2020-12-11,103.53619384765625,103.93454242035813,102.50568585125244,102.9992924094786,9981600
2020-12-14,102.44506072998047,105.14690418739504,102.28052301952756,105.07762445595394,12112400
2020-12-15,104.19434356689453,104.69661177008287,102.72218543410625,103.30238838940332,12590200
2020-12-16,104.49744415283203,104.85249789803675,103.7960048893245,104.1770368877139,11169400
2020-12-17,103.63147735595703,105.1729155277026,103.55354258872268,105.00838437235868,11618000
2020-12-18,103.12054443359375,103.81332208080546,102.41909855943351,103.17250094024254,28954800
2020-12-21,106.99147033691406,108.24713445382613,104.86116091680769,106.66239481977074,28323600
2020-12-22,105.36341857910156,106.96547468605456,105.31146207400603,106.85290005605422,11788200
2020-12-23,108.3077392578125,109.56340322021785,105.95228084483037,106.3246512058074,14973200
2020-12-24,107.83145904541016,108.7234209540961,107.00878349305464,108.32506569819958,4164900
2020-12-28,108.54154968261719,109.6759840000812,108.06526631572827,108.95722153307727,8072600
2020-12-29,108.25576782226562,109.3555555142699,108.15184822183349,109.28627578064847,8389200
2020-12-30,108.55886840820312,108.98319525372217,108.16051981346773,108.67144303055889,7398000
2020-12-31,110.0396957397461,110.26485160683666,108.09124751428732,108.32505839431512,8580200
2021-01-04,109.00053405761719,110.72382654344567,108.05661563411313,110.41207427576366,16819900
2021-01-05,109.5936279296875,110.1605680372547,107.95386228598781,109.01796382384546,13731200
2021-01-06,114.73968505859375,115.80378656058689,111.53865655463356,113.28309015545396,24909100
2021-01-07,118.50765228271484,120.53119413266289,117.67905206148995,118.3506602300065,21940400
2021-01-08,118.63848876953125,118.92632083318186,116.98127506750556,118.59487543099225,12035100
2021-01-11,120.40908813476562,120.53991484901563,116.97256447861902,117.38250592849985,15937900
2021-01-12,122.30178833007812,123.55777800523482,121.08941199537716,121.62146280752208,18033500
2021-01-13,122.41519165039062,122.79895447861647,120.45271092908428,120.88008710179064,14816800
2021-01-14,123.13037872314453,124.50847765609346,122.10989052086224,122.53727992889714,18565600
2021-01-15,120.92366790771484,123.54902550834284,119.50195577553858,119.86828381453873,27881000
2021-01-19,120.40035247802734,122.72044371308672,120.2084777414083,121.98778752588562,19843800
2021-01-20,118.59486389160156,120.51373082030904,118.1325918276968,120.20846409808344,16028800
2021-01-21,117.60054016113281,118.76058563783103,117.15571609624651,118.35064425475268,13411700
2021-01-22,116.6934585571289,117.22550941680454,115.3066420456368,115.73403152600712,12933200
2021-01-25,115.2368392944336,116.15266609889841,113.44008167726872,115.25428729031597,14212800
2021-01-26,114.765869140625,116.15268559532247,114.55653308166322,115.78635747383201,11307800
2021-01-27,111.5212173461914,113.25692698222981,111.07638660311244,113.03014295715568,17603900
2021-01-28,113.48369598388672,115.28045361643109,112.506821148854,113.30052529785736,13761800
2021-01-29,112.22770690917969,114.88796068578534,111.80904816514845,114.42568860595634,14808100
2021-02-01,113.05633544921875,113.44884226106034,112.06201236433145,112.8644473706506,11080700
2021-02-02,116.53646850585938,117.21679410097127,114.45187837541663,115.07987327996982,12253600
2021-02-03,117.87092590332031,118.41169398714808,116.449213711284,116.5713230627587,10600800
2021-02-04,120.58350372314453,120.94111441476456,118.158751512268,118.158751512268,12419500
2021-02-05,120.3480453491211,121.66509658392398,119.8247251025196,121.57786988836115,10051300
2021-02-08,122.23202514648438,122.3715825300698,120.52248046987445,120.53992847005378,10136400
2021-02-09,121.74353790283203,122.09241791041714,120.83642858884008,121.61269791829824,8614800
2021-02-10,121.81336212158203,122.86873319000941,121.27258060599009,122.10991156982409,10323200
2021-02-11,121.47319030761719,122.58962263720096,120.55736337707276,121.81335307508532,9201000
2021-02-12,123.20014953613281,123.51414690978528,121.23766927803513,121.2812826122215,8324600
2021-02-16,126.16571807861328,126.75011302364808,124.20323707166608,125.20629090501698,12130600
2021-02-17,126.55818176269531,126.80240047332931,124.83118948316998,125.55512827144992,10810100
2021-02-18,126.98556518554688,127.16000523051382,125.07541541719137,125.59874886101453,10587800
2021-02-19,129.10508728027344,129.8202956583354,127.22110232369265,127.22110232369265,11969800
2021-02-22,130.31741333007812,130.99773874890658,128.03220506606266,128.10198373836826,11488400
2021-02-23,131.36404418945312,132.846804121236,130.47438290681598,132.14903082718564,16234400
2021-02-24,133.67543029785156,134.11153702853494,130.9279632181149,130.9279632181149,15061400
2021-02-25,131.86126708984375,135.10590327387672,131.34666417635196,134.55641766664206,18127700
2021-02-26,128.3636474609375,131.59083445407373,127.78798340943239,131.09367972517066,19829200
2021-03-01,131.26812744140625,132.035679555068,129.5062525027379,130.4133619659602,14845500
2021-03-02,130.8407440185547,132.38456565981377,130.69246931872738,130.90180535261874,14221700
2021-03-03,133.3701934814453,135.17566883073292,131.54727013251954,131.9048676170949,14324100
2021-03-04,131.32046508789062,134.65232711359457,129.62836873422293,133.10850546085663,20093900
2021-03-05,131.62574768066406,133.87606019666146,129.06143775990142,133.6405588158569,18465100
2021-03-08,133.3701934814453,135.594340968504,131.486208788248,132.98641734295057,17133300
2021-03-09,132.4281768798828,134.538931946083,130.67503254168378,132.1403448287298,16238800
2021-03-10,135.30648803710938,136.20486690078857,132.14906603482623,132.49795942926417,14342200
2021-03-11,134.59996032714844,136.19609892445078,133.76262971888295,134.41678968164962,11771500
2021-03-12,136.19613647460938,137.48702207279578,135.254157580364,136.81541393269143,12849500
2021-03-15,135.51580810546875,136.86774170092568,134.2859971773602,136.3705869233758,12101100
2021-03-16,133.89346313476562,134.8441857766715,132.74214846291915,134.39934846186696,12805600
2021-03-17,135.27157592773438,136.832845400384,133.49226640930502,135.48962928243466,13952400
2021-03-18,137.5044403076172,141.02818997659742,137.03345091685122,137.46084028376376,21898500
2021-03-19,135.3152313232422,136.0130049369704,131.86998990980723,135.63794612966004,54418800
2021-03-22,131.67808532714844,134.29472606893358,131.3640879057773,133.27423777670813,19944800
2021-03-23,130.3610382080078,132.68111605024924,129.92493144916907,131.1198597095322,17076300
2021-03-24,131.37278747558594,133.60565181037424,130.70991003523355,130.8320193876385,13079800
2021-03-25,133.05616760253906,133.4224956631225,130.24763916247807,130.8320205907127,15608300
2021-03-26,135.27157592773438,135.58557329085963,133.0561596999044,134.5825331828065,16754400
2021-03-29,133.16957092285156,134.08539789808074,131.73914109897154,132.68113341844236,17570300
2021-03-30,134.73953247070312,135.95190865581202,134.21621237657428,134.7220977838104,13184300
2021-03-31,132.77706909179688,134.74828029340267,132.68112506597603,133.69289600937344,16736700
2021-04-01,134.0679473876953,134.1377127581581,132.18396297106602,132.48922972083804,16561500
2021-04-05,134.77857971191406,135.93668879941802,133.88369183954055,135.46291203187323,13508000
2021-04-06,133.83103942871094,135.35763411870155,133.23444751439894,134.05037705379144,13071600
2021-04-07,135.92791748046875,136.19112532911663,133.9275592504365,134.32237771706198,16903500
2021-04-08,136.09457397460938,136.43674005541968,133.62922177860395,135.11194592454964,12335500
2021-04-09,137.11233520507812,137.77911676630956,135.96300819090658,136.69997939868443,12122400
2021-04-12,136.82278442382812,137.96334255644553,136.48940039414902,136.4981690782208,12273400
2021-04-13,135.19094848632812,136.1648081715784,133.73454330166422,135.7700030856245,16113600
2021-04-14,132.6641845703125,134.96283876227747,132.41851409625977,132.8922908973456,19939600
2021-04-15,133.50645446777344,133.5327739177996,131.0060130041242,132.6992934299165,17694100
2021-04-16,134.4978790283203,135.55946598925112,133.96269450995754,134.9979620181255,13773400
2021-04-19,133.92755126953125,135.00670204594894,133.5502969725526,134.6031149170981,11900200
2021-04-20,130.96212768554688,133.1379534230256,130.41816121069638,133.12918473646477,13716700
2021-04-21,132.0763702392578,132.13779121498087,128.78630507062303,129.66365578225899,12236700
2021-04-22,129.2951202392578,131.86576379462335,129.1986111626952,131.80434284258155,15256100
2021-04-23,131.769287109375,132.5939988050386,128.69856004774692,129.12845326849802,14041900
2021-04-26,132.0938720703125,133.7608458373082,131.93595542662374,132.28689022635731,10799100
2021-04-27,132.69932556152344,132.98008427953056,131.69914605642,132.04131237692084,12821200
2021-04-28,133.55905151367188,134.13810600740416,132.83084905409433,133.73451892129543,8943700
2021-04-29,136.1560516357422,136.2350099825177,134.4101189956228,134.70841500831395,12976900
2021-04-30,134.94528198242188,135.54188730026488,134.2433988856152,135.19972113132627,11705100
2021-05-03,134.5504913330078,136.41047035952002,134.3487044392825,135.85774857346306,11801100
2021-05-04,136.41046142578125,136.55084072844346,133.4801137660702,134.12057592691917,12977700
2021-05-05,138.20028686523438,138.86706858191752,135.66474386208077,136.86671004455872,10506700
2021-05-06,140.98143005371094,141.09548988328592,137.8843843854554,138.68277641787245,13542400
2021-05-07,141.4640350341797,141.69214140214487,137.76161392160327,137.93708138829263,14257800
2021-05-10,141.4464569091797,143.6486019728522,141.3587164991532,141.6921139924855,14014300
2021-05-11,139.0951385498047,142.47294323672426,138.65646331188296,141.3236162553383,15451700
2021-05-12,138.13885498046875,141.06043420524304,137.7703693197731,140.0339355674534,14381700
2021-05-13,141.69210815429688,142.5255884659785,138.34062276152034,138.77929801896397,15395000
2021-05-14,143.89425659179688,144.28029296961097,142.12201814791476,142.4729530073966,10584000
2021-05-17,144.4733123779297,144.63124243714424,143.0344580222188,143.33275399402677,9886800
2021-05-18,142.43788146972656,145.20153062519208,142.34137236403018,144.48209667594477,11098100
2021-05-19,141.34994506835938,141.41135264433993,139.1828881783929,141.253435974127,13278900
2021-05-20,141.1042938232422,142.00796383963726,139.95496671815567,141.1042938232422,10426000
2021-05-21,142.7098388671875,143.201153016663,141.20079490105186,141.55172975430392,10249000
2021-05-24,143.48193359375,144.0873077440605,142.2360971540763,143.32401688704803,9440300
2021-05-25,141.99917602539062,145.37696723354674,141.74473689739398,143.75387692956693,12609100
2021-05-26,141.98162841796875,143.65737103158918,141.52540242431533,143.5082230579018,13058300
2021-05-27,144.1925506591797,144.54348548145074,142.63086794165437,143.84160244960327,15707500
2021-05-28,144.09605407714844,144.71019676306028,143.23624092956538,144.48207706021694,10291300
2021-06-01,145.68405151367188,146.4385734704176,145.18395530856208,145.5261214641034,9445400
2021-06-02,145.69284057617188,146.90358870541354,145.2278458225111,146.74565863375648,10498600
2021-06-03,145.78936767578125,146.7369080607674,144.4645729067418,145.12258594737304,13354400
2021-06-04,146.02622985839844,146.22801673945722,144.789162351524,145.82444297733966,8510800
2021-06-07,145.34190368652344,146.60529069316695,144.88567762583378,146.51755027819704,7267200
2021-06-08,144.76284790039062,145.42962953189502,143.14852602160676,144.31540391722018,10370700
2021-06-09,142.95547485351562,144.07848228302703,142.37642038249442,144.0082926452695,12377400
2021-06-10,140.72705078125,144.9734384599637,140.64809242904062,144.20136553886854,12119400
2021-06-11,140.6304931640625,141.42888526053665,139.55135589412242,140.75332168757353,13683800
2021-06-14,138.244140625,140.66562346432084,137.44574836513888,140.50769339474135,19917900
2021-06-15,136.14724731445312,137.67384203920778,135.22603997798194,137.48082385375696,24485500
2021-06-16,137.10357666015625,138.28799189155134,134.33114565939294,135.75244929198993,25321200
2021-06-17,133.146728515625,138.14763788130867,132.69928450795481,137.83179111492137,29722400
2021-06-18,129.77769470214844,131.33937764569436,129.4618479614702,130.98844277263288,43595700
2021-06-21,131.97982788085938,132.6553915070968,130.74277386341154,130.7954127508809,18664800
2021-06-22,131.78684997558594,132.4536316650738,130.42695376019716,132.1290162012494,14251200
2021-06-23,132.585205078125,133.39236594261897,131.68153512182707,131.77804421363103,12733300
2021-06-24,133.80471801757812,134.3399023503989,132.67294177921602,133.2870844429515,13733200
2021-06-25,135.1558380126953,135.55064303338975,133.06773968073517,133.87490047937646,15484900
2021-06-28,135.40150451660156,135.53310173691733,133.46255401767664,134.84876941666292,14125800
2021-06-29,135.23483276367188,137.13868212552998,134.76983797603094,135.9893548810851,14528700
2021-06-30,136.46311950683594,136.93689637311638,134.85757953585502,134.89266767280108,12531000
2021-07-01,137.8142547607422,137.8668936627582,136.3578493308533,137.09482073369716,10479400
2021-07-02,137.68186950683594,137.9377749029148,136.8788764514139,137.61127537910568,11424000
2021-07-06,135.36997985839844,137.46127888466538,134.43463115406732,137.46127888466538,15083400
2021-07-07,135.5287628173828,136.13762523977024,133.72866012308293,134.13455942837464,12271800
2021-07-08,133.19041442871094,134.59343727062452,132.39624064812526,133.78162505773517,17834600
2021-07-09,137.4524383544922,137.7877436054317,134.6375599960046,135.05229204995146,13694500
2021-07-12,139.4202117919922,140.44380645180723,135.83764394709274,136.1994338040977,19940400
2021-07-13,137.3466033935547,138.8819959649874,135.44943429250486,137.69957416745441,22671700
2021-07-14,136.87889099121094,138.78489224903154,134.96407051565717,137.61128999670092,14622800
2021-07-15,137.1788787841797,138.12304645113323,135.6258351982366,135.80231375178906,11539300
2021-07-16,134.04641723632812,137.90253055788511,133.26107574038392,137.6201673896878,14002700
2021-07-19,129.68728637695312,132.20215032641758,128.57545901705512,131.08149028413274,22172900
2021-07-20,132.10507202148438,133.34925484973104,129.12253399160963,129.29019336693918,15385200
2021-07-21,134.88465881347656,135.58175402765613,133.5610490567557,134.16991169916005,12356700
2021-07-22,133.18157958984375,135.39642807320627,132.33447706162258,134.90228268766862,9913300
2021-07-23,132.92567443847656,134.86696545874045,132.58153654608637,133.66689244293994,9666100
2021-07-26,133.81689453125,134.09045176274827,132.51093712835038,132.52858902235513,8208000
2021-07-27,133.64047241210938,134.55818278554364,132.1845069565364,132.71394282017397,11218700
2021-07-28,133.86105346679688,134.80523481497434,133.13748719177391,134.38167003186203,9217300
2021-07-29,135.00820922851562,135.77589865864005,134.04638927005647,135.13174561341444,9063500
2021-07-30,133.931640625,135.59938816137955,133.4198433037231,134.6375684289838,9805200
2021-08-02,133.39337158203125,136.28766344718284,133.305139022218,134.15224161158034,10203200
2021-08-03,134.9111328125,135.29057461904614,131.93742713752215,134.0816685262622,10394800
2021-08-04,133.45513916015625,135.3346555008019,133.1639434534191,133.4639583763172,10155000
2021-08-05,135.14053344726562,135.61704043868053,134.13459069972117,134.37284419542863,9151500
2021-08-06,138.97901916503906,139.2613956986616,136.8700682381922,136.94066237159782,13328800
2021-08-09,138.8290252685547,139.90556234556138,137.56717689016415,138.9966846687459,9516900
2021-08-10,140.53201293945312,141.16734650942843,137.92891722426444,138.30835890899027,8667000
2021-08-11,142.20858764648438,142.50860252559653,140.3731811189656,141.18499321421328,9156500
2021-08-12,142.76451110839844,143.27630838442684,141.670335900191,142.84393790935846,8844200
2021-08-13,141.16738891601562,143.09104209865234,140.8056124819098,142.76454253593573,8980900
2021-08-16,140.24082946777344,140.32907548523525,138.34366127241137,140.24966214819074,8755800
2021-08-17,138.546630859375,140.17908816578048,137.0112522647953,139.04078977792128,9347200
2021-08-18,137.28477478027344,139.42901564212022,137.07299241951196,137.92892761396854,8065500
2021-08-19,136.13768005371094,137.26715934891328,135.01701997671375,135.1493890365227,9517700
2021-08-20,136.5259246826172,136.6847513779588,135.14937279850864,136.1994386103348,6974100
2021-08-23,138.27305603027344,138.61719392757308,136.98475045143914,137.06416378209656,7934600
2021-08-24,139.12899780273438,139.90551964474028,138.42307007949734,138.53778720555314,7670900
2021-08-25,141.99684143066406,142.7557115008101,139.24373767127554,139.87023869794103,11335000
2021-08-26,142.729248046875,144.564655139812,142.19979877343872,143.17927050417782,11027500
2021-08-27,143.8763885498047,143.97345380745224,142.29687330849004,142.72925735882112,8780200
2021-08-30,141.5732879638672,144.264630233666,141.079142523731,144.01755751359792,7937600
2021-08-31,141.14089965820312,142.39391511867103,140.61146390185988,141.57328363733515,12340800
2021-09-01,140.9379425048828,141.85563917935198,140.27613774611248,141.37914567739637,8729900
2021-09-02,141.59095764160156,142.60571976469916,140.6820665289585,141.2026966143261,8813300
2021-09-03,140.73497009277344,141.97033339057103,140.4349417509225,141.5291302892933,7959700
2021-09-07,140.4879150390625,142.40273512283778,140.26731346077798,141.176190886154,9285600
2021-09-08,139.86141967773438,140.81442024143067,139.4555067940577,140.20555764814247,7852700
2021-09-09,140.47023010253906,141.91737557712207,139.4907587867607,139.65841810113383,7904300
2021-09-10,138.85548400878906,141.82037031541444,138.73194764036526,141.67918204737174,8311600
2021-09-13,141.06150817871094,141.22916757343177,139.482006417122,139.88790588012023,10052800
2021-09-14,138.59959411621094,142.3674601414158,137.88483354778205,141.5821189023699,11685600
2021-09-15,139.5614013671875,140.02907568843747,138.07013237644753,138.29073397946934,11691500
2021-09-16,139.49961853027344,141.93506870652368,138.73192930399588,140.66440139099356,10880900
2021-09-17,139.13783264160156,140.311434752066,138.5378027613687,138.87312149705937,25581600
2021-09-20,134.97288513183594,136.3847272540793,132.79334030701713,135.79351659818047,15819900
2021-09-21,134.99050903320312,136.3758933566516,134.63755190675133,135.47583518041282,8999900
2021-09-22,137.5759735107422,138.75839475605022,136.8612265410329,136.94945909495695,11236200
2021-09-23,142.22625732421875,142.6939451042889,139.1290157023009,139.42021143051676,12336100
2021-09-24,143.8675537109375,144.35287999190146,141.90862361546894,142.4557113515801,10102400
2021-09-27,147.34422302246094,147.71483211012122,145.2529240762158,145.59706204793278,13220900
2021-09-28,146.55003356933594,149.39138280936893,146.1794245551296,147.9795274047677,13387900
2021-09-29,146.43533325195312,147.2736166039412,145.63234023012714,146.6647675235906,7777100
2021-09-30,144.44107055664062,147.3530136596209,143.64689691158245,147.29123876374368,13161200
2021-10-01,147.47659301757812,148.50900693938615,144.36169935326012,144.71465654441621,11285000
2021-10-04,147.31773376464844,150.39733669652807,146.24119696734735,147.33538566125475,14120000
2021-10-05,149.72349548339844,151.0373228806252,147.95692029071319,148.43629871583514,12292900
2021-10-06,150.04302978515625,150.11404929063713,147.36210102199217,149.12867566366666,8692600
2021-10-07,150.99293518066406,152.25350132856548,150.50468439031033,151.97830912279974,10195400
2021-10-08,151.10830688476562,152.1025529467074,150.2916028273725,150.93076488021697,8190100
2021-10-11,147.93028259277344,152.05819254045156,147.77049882242736,151.62321657967215,12154700
2021-10-12,146.79397583007812,147.97464984992072,146.2702221541923,147.14018749412315,13032600
2021-10-13,142.92352294921875,146.83838791572575,142.568438869444,145.6488413483321,22753500
2021-10-14,145.11619567871094,145.59556052113143,142.089054582482,143.5893098167956,15176800
2021-10-15,147.90365600585938,148.40077914352787,145.7109772378225,146.7851289461052,14267400
2021-10-18,147.8503875732422,149.6790962604667,147.28224493696283,147.7882404112545,12672900
2021-10-19,149.6436004638672,149.7146064444244,147.87702530813863,148.6049517463614,8053900
2021-10-20,151.65869140625,151.68532202969575,148.65819495147218,149.4038794991268,8185600
2021-10-21,150.46917724609375,152.09371335156658,149.7412372613683,151.58770430673212,8415200
2021-10-22,152.4931640625,152.76835622047847,150.64669728681417,150.93964771015538,8817900
2021-10-25,151.74749755859375,153.54070329759966,151.33913868008358,153.31877236365895,10159200
2021-10-26,152.15579223632812,153.12342108081776,151.39234953591125,151.80070827847203,8015100
2021-10-27,148.98666381835938,151.5344263937014,148.55167434756933,151.19710061314262,9847000
2021-10-28,151.23260498046875,151.3657581127488,149.10207359045828,149.40389638735192,7212900
2021-10-29,150.8153839111328,152.9015400943602,150.37152204624095,151.96054156249457,8140100
2021-11-01,150.7354736328125,152.98141331145612,150.0341643863311,152.7239658757041,7435500
2021-11-02,151.3302459716797,152.413269867337,149.95427165713926,150.73547277416088,7173800
2021-11-03,151.38351440429688,151.91615401764597,150.15845142094682,151.02843035912286,8402700
2021-11-04,149.39501953125,151.090575094797,147.7971276647421,150.91303305913934,9574200
2021-11-05,149.18197631835938,150.992926777002,148.61383367000195,149.93653336546495,7975600
2021-11-08,150.07858276367188,151.7297495658267,149.79451819269812,150.06971040212557,6413700
2021-11-09,148.94229125976562,149.5548228210101,147.89478372561797,148.56057654512898,7990300
2021-11-10,148.80023193359375,149.9809059981329,148.3297394888901,148.6493205405367,6999200
2021-11-11,148.7913818359375,149.74123922743578,148.16109199831212,148.7114899474693,5815300
2021-11-12,148.12557983398438,148.90678103886592,147.1135753392919,148.82687560975654,8113400
2021-11-15,147.8592529296875,148.95114925561447,147.3621298396911,148.43628144496697,6492500
2021-11-16,146.79397583007812,148.31198915432927,146.58091728851684,148.30310324910553,9706100
2021-11-17,146.00393676757812,146.97155247386561,145.04519342301782,146.66085726632977,9909600
2021-11-18,144.74334716796875,146.34125248380784,144.30835769306057,145.93289363536465,8122500
2021-11-19,142.8524932861328,143.90888663503773,141.54753838990771,143.18983261989092,12193600
2021-11-22,145.89739990234375,147.34438036587372,144.6900950922002,145.7287302269754,14549900
2021-11-23,149.38609313964844,149.6346546087859,146.80281478655832,146.91822316350934,12354400
2021-11-24,148.21434020996094,150.41589097481364,147.75272013898643,149.54592562787454,9629800
2021-11-26,143.7490997314453,144.38826191240608,140.98829188431475,143.93552767822112,13619300
2021-11-29,143.12770080566406,146.27912292385244,141.87602057445622,144.97416788771696,12104400
2021-11-30,140.99717712402344,142.5950827223778,140.5177986717218,141.29012761252096,18922600
2021-12-01,140.1626739501953,144.93863109222534,140.08278207982204,142.92349479520567,12253400
2021-12-02,143.1099090576172,144.9208590079809,140.97049220662012,141.88484631303896,12969900
2021-12-03,140.5177764892578,143.6603259275297,139.54128856067402,143.367375485278,12681800
2021-12-06,142.17779541015625,144.35271522095726,141.556391685011,142.93235223869502,11186500
2021-12-07,144.3172607421875,145.04518719467964,143.06556696729422,143.70472916955504,9851600
2021-12-08,142.66607666015625,144.9386470831941,142.1866982938537,144.39713510383055,11705700
2021-12-09,142.44415283203125,142.8613705148597,140.8373615345152,141.72508524679222,11189600
2021-12-10,141.8759765625,143.54488753492038,141.2634451789516,143.20756181522762,10405400
2021-12-13,140.18931579589844,141.84935467039065,139.62117320734154,141.59192077449563,12069000
2021-12-14,141.26344299316406,142.8258314557786,139.63890738450274,139.77206048948094,12563600
2021-12-15,140.2070770263672,141.90263246789226,139.68332331791328,141.90263246789226,14014200
2021-12-16,142.39976501464844,143.65145870937027,140.88175149511085,142.38200674750365,19542800
2021-12-17,139.15953063964844,141.48537541489821,137.75692588764477,141.43211417232354,28082000
2021-12-20,136.6561737060547,137.33083876838214,134.79194872025192,137.16216911640348,15148000
2021-12-21,138.5647735595703,139.5323890332335,137.67704995901607,137.96112801307527,11291300
2021-12-22,139.1062774658203,139.4258584853909,137.81020866937416,138.26294280310483,7273000
2021-12-23,139.60342407226562,141.25459069474886,139.5590487237726,139.91413278524888,8055200
2021-12-27,140.4023895263672,140.43789251579588,138.7867258227818,139.9052664008299,6188100
2021-12-28,140.8284912109375,142.16894915945403,140.33136809216552,140.43789060459122,6342300
2021-12-29,140.75750732421875,141.7073784524649,140.39353725382952,141.01495485521306,6398900
2021-12-30,140.68643188476562,142.2488340849387,140.5887817472548,141.24570208556275,6948200
2021-12-31,140.57110595703125,141.4055551692375,140.22489412619868,140.6598702329202,5805900
2022-01-03,143.54493713378906,144.3793996811227,141.60081982576506,141.9115285769945,13120900
2022-01-04,148.98666381835938,149.65245656485683,145.7908532169364,145.8618727353667,20195800
2022-01-05,146.26287841796875,150.35302529770058,146.2182234519516,149.87078709434957,17539400
2022-01-06,147.81678771972656,149.46891251987,146.3432555378449,149.0581195189452,14047500
2022-01-07,149.2813720703125,149.61179428581275,147.40597253919904,147.9507304123867,13913300
2022-01-10,149.4242706298828,151.20142115770875,147.82571271966276,150.98709911515533,12922500
2022-01-11,149.57608032226562,150.49591538758978,148.52228035920214,150.2637150155545,11854100
2022-01-12,150.42445373535156,151.45144970525382,149.29920867510359,150.44231844512177,12568000
2022-01-13,150.23692321777344,151.6479356400798,149.9332912555357,150.33515869106003,13623400
2022-01-14,141.0028533935547,143.80701372863592,140.118734070285,143.56588779923814,40158400
2022-01-18,135.09088134765625,139.11850821083917,134.43894887756184,139.11850821083917,32324800
2022-01-19,133.0011749267578,135.9482259220611,132.6618271194621,135.35882662442782,22380000
2022-01-20,131.8669891357422,134.50146838453384,131.59907298928616,133.054740271165,14860800
2022-01-21,129.56295776367188,131.73305036392497,128.8395935635875,131.72412482042682,20705400
2022-01-24,129.44688415527344,129.9201969667982,124.64231079701246,127.06245538019958,28471400
2022-01-25,130.85784912109375,131.14362998848688,125.73176723317908,128.28587582168265,18915900
2022-01-26,132.0991973876953,134.46577450245326,130.34883704894756,132.813636019071,20709100
2022-01-27,129.76832580566406,134.29606906724538,128.71453957917038,133.43874014209345,17536800
2022-01-28,130.92930603027344,131.06325730708755,126.96418471517951,128.76813912804664,14117000
2022-01-31,132.70645141601562,132.87611846705255,129.1967785653274,130.06303303761217,13985700
2022-02-01,134.9837188720703,135.26949975485968,132.4385493152921,132.7868362494526,14584900
2022-02-02,133.9031219482422,134.7961666312351,132.2331327516152,134.40322479043334,12441100
2022-02-03,132.79576110839844,135.43024058418234,132.42960946425285,133.9567220918846,12474900
2022-02-04,136.242919921875,137.0823842598427,132.85828594147185,133.15299237672326,16654400
2022-02-07,136.69837951660156,137.18954327472105,134.7158188915654,136.87698575835253,12572300
2022-02-08,139.2703399658203,141.52974231914467,138.24334385132119,138.4219500938276,20411400
2022-02-09,139.850830078125,140.59204531797832,139.154256179702,139.84189090841247,9131100
2022-02-10,139.2703399658203,142.02091970612452,138.61842104861955,139.90440779751842,16455600
2022-02-11,137.45745849609375,141.27076373285513,136.60906863358164,138.96670643795582,16830000
2022-02-14,136.180419921875,137.24313189244884,134.24251414948705,136.3947419739245,17026500
2022-02-15,138.17190551757812,139.26142136600333,137.39496082920968,137.98436009618737,9500000
2022-02-16,138.4219512939453,139.40430607642196,137.29671969229446,137.29671969229446,9076500
2022-02-17,135.2337646484375,137.28777037013128,134.55505552050664,136.63585149548837,11367500
2022-02-18,135.86782836914062,137.65391787767504,134.9658580729721,135.85890282723932,11733300
2022-02-22,135.626708984375,136.8501896226984,134.32287121151697,134.49255190326284,11333500
2022-02-23,132.7868194580078,136.90375609595887,132.14382617982338,136.74300096302238,11799000
2022-02-24,129.08966064453125,129.4826026344637,124.82983207445183,127.65185761416151,25655100
2022-02-25,132.1438446044922,134.07282470800104,129.41112960457934,129.71476157639572,18367700
2022-02-28,126.63374328613281,129.5450641507888,125.81214378371666,128.19657153705919,31315300
2022-03-01,121.85594940185547,125.45491853577062,119.29291541427519,125.06197667841734,36840400
2022-03-02,124.38329315185547,125.06200237332357,121.99886489314265,122.6061288870693,19405600
2022-03-03,123.49917602539062,125.90146904114475,122.40073458898442,124.88339837713274,16640800
2022-03-04,120.02521514892578,120.93612465647561,118.23912555666925,120.50746696983305,21016000
2022-03-07,115.39034271240234,118.49813528862029,115.15814230682167,118.03374810424333,27560100
2022-03-08,114.5776596069336,117.69437748374008,113.65781766709829,115.77433646293828,19207800
2022-03-09,119.16790008544922,120.7753834480156,118.27485528699926,118.6856482632882,17536200
2022-03-10,117.75690460205078,119.17684276534469,116.38162141045717,117.75690460205078,15604200
2022-03-11,115.10453796386719,119.73944242409165,114.68480583873979,118.31950453361293,20061800
2022-03-14,116.24764251708984,118.70351577067235,115.40817820648917,115.61358832625403,15786900
2022-03-15,118.31057739257812,119.26614191873468,117.10497502644601,117.70331343810263,15096600
2022-03-16,123.59740447998047,123.67778887458549,120.05201525815532,120.44495718099488,20354900
2022-03-17,125.16024780273438,125.19597723273597,121.38267137376688,122.22213583060075,17050500
2022-03-18,125.11556243896484,125.7853459346193,123.65096974020497,125.19593318801616,23656500
2022-03-21,124.71369934082031,125.70497960174266,123.89209977010354,125.33884159458447,12676100
2022-03-22,127.36605834960938,128.53594497980174,126.56232339617782,127.0535008129565,13548600
2022-03-23,124.8298110961914,126.44622013394346,124.31184343530798,125.90146221704737,12093200
2022-03-24,125.6424789428711,125.66034365491761,124.23146648041369,125.29419200526837,10017600
2022-03-25,126.74088287353516,127.8661141184094,125.74067732253584,125.99965425028437,8383500
2022-03-28,125.8031997680664,125.89250968681907,123.15085597712147,125.0262552566839,10818100
2022-03-29,126.08006286621094,128.2412433516535,125.24061217045993,128.0179821436087,11316500
2022-03-30,125.50850677490234,126.91951915565257,124.94589783245077,126.72304821486571,8771000
2022-03-31,121.73986053466797,125.33882960000575,121.68626640595654,124.87444253863872,17353900
2022-04-01,120.83787536621094,122.71327467434422,119.48938278389681,122.70433550626453,15721300
2022-04-04,121.37372589111328,122.29356097416841,118.6767266940052,119.77516801737328,17416400
2022-04-05,119.96124267578125,121.81454906414928,119.6643517891317,120.61800754372815,12110300
2022-04-06,118.296875,119.25950875410467,117.82005397387346,118.37784150003151,12914700
2022-04-07,117.93700408935547,118.68372719621222,115.813795534856,117.81105162119827,12994200
2022-04-08,120.09619903564453,120.46505098606252,118.29687033546263,118.45880332914051,13126900
2022-04-11,119.65536499023438,121.36472185612202,119.26851588825143,119.65536499023438,10466400
2022-04-12,118.34185028076172,121.07683777078546,117.58613547211941,118.8816544171002,12989900
2022-04-13,114.52727508544922,116.28161783135096,113.36670724435488,114.20339536868362,30838000
2022-04-14,113.46568298339844,115.42695176030934,112.47604659659865,113.80755300363244,18835200
2022-04-18,115.5708999633789,116.2726371281174,112.9438745829109,113.06082848906898,11834400
2022-04-19,117.96398162841797,118.14392547523254,115.36395228428981,115.56187953355533,15015400
2022-04-20,118.37784576416016,120.11419150150813,118.1619213618425,119.22353251350066,13430200
2022-04-21,117.4601821899414,119.48442709549727,116.92039178513346,118.95362839270985,12174200
2022-04-22,114.0864486694336,117.42420987654418,113.97849332647044,117.20828546282758,14318800
2022-04-25,114.05046844482422,114.36535651867105,110.7576998632124,113.3667283500431,17149000
2022-04-26,110.67671203613281,113.7265806825748,110.5417678665557,112.1341708426179,17209500
2022-04-27,109.23725891113281,111.16254033859113,109.05732876168437,110.05595687808226,17215200
2022-04-28,110.96460723876953,111.24350787885761,108.98534824301431,110.48778619022181,13015600
2022-04-29,107.3839340209961,111.20750738942361,106.97008925655122,110.70369756555927,14874800
2022-05-02,108.36456298828125,108.59847762989591,106.35831542827223,107.85175460805671,18545000
2022-05-03,110.68571472167969,111.71133163200636,108.66146973594628,109.33621806452409,15720900
2022-05-04,114.34735107421875,114.6172531567878,110.42481349388046,110.47879802873133,17128500
2022-05-05,111.48641204833984,113.44768073684472,109.90300762862368,112.68296736106554,15055400
2022-05-06,111.30648040771484,111.81928883996807,109.02133201335472,111.3784552068824,14417900
2022-05-09,109.63311767578125,110.95562560295745,108.40957339376078,109.8580338031542,14312300
2022-05-10,106.96110534667969,111.36046393484135,105.76454998716217,110.75769040385855,16382400
2022-05-11,106.2863540649414,110.5597600613588,106.10642392643965,107.32996808715706,14630300
2022-05-12,106.1963882446289,106.44829318230772,103.79428590675552,105.26073643046848,16318800
2022-05-13,107.14102172851562,108.18463564562913,106.12440350696399,107.42892090335586,10443200
2022-05-16,106.39432525634766,107.47391990636999,105.46767192336434,106.64623021709318,10269000
2022-05-17,109.9209976196289,110.63173332545871,108.68845490994003,108.89538074384784,11160200
2022-05-18,108.04069519042969,109.73206866611008,107.5368853196626,109.12929516160023,12664900
2022-05-19,106.43930053710938,107.64485448806897,105.82752842704669,106.33134519432458,12765800
2022-05-20,105.56661987304688,107.66283962146207,103.47939869073286,107.47391091670589,13150100
2022-05-23,112.09819793701172,113.87053814149735,108.36458880230938,108.3735873694096,24376700
2022-05-24,113.68157958984375,114.69819776078586,110.75767066389899,111.88225102003159,19324900
2022-05-25,114.47329711914062,115.03109152196792,112.61099207292516,113.6096201128851,12780400
2022-05-26,116.45256805419922,117.12731638851099,115.34598462970914,115.48992050790858,15990900
2022-05-27,118.09893798828125,118.09893798828125,116.18264861231768,117.10031005362546,11177800
2022-05-31,118.96261596679688,119.79030554101354,116.69547163525124,117.11830126017365,17015000
2022-06-01,116.8753890991211,119.53838766189638,115.75980045765246,119.53838766189638,10768000
2022-06-02,118.75569915771484,118.76469085958635,115.75981509981052,116.86639845272646,8374800
2022-06-03,117.10031127929688,118.54877138476405,116.94736999210943,118.04496156160818,8596000
2022-06-06,116.71345520019531,119.10656572570545,116.47055570362924,117.93699929590217,11323500
2022-06-07,117.01937866210938,117.24429480740186,115.71485403717936,115.90378963945355,6722200
2022-06-08,115.15703582763672,116.46154637856398,114.16740642377181,116.05670017004013,8422100
2022-06-09,112.73694610595703,115.24701752158325,112.70095870554323,114.59025947584705,13560100
2022-06-10,107.55489349365234,111.01860043856597,107.34796763897491,110.28986752765447,12945200
2022-06-13,104.35205078125,106.11539182583141,103.51536278349468,105.13476112234152,16805600
2022-06-14,102.61573028564453,105.54863846644824,101.86001540317109,103.95623532758184,13357900
2022-06-15,103.83027648925781,105.21575368895456,101.8150231982726,104.01920519830738,14083500
2022-06-16,102.0489273071289,102.79565036358842,100.64545312015963,102.43578325147227,16724900
2022-06-17,101.68907165527344,103.12853340206972,100.9063679768972,102.14790244652868,30919900
2022-06-21,104.2081298828125,105.28772442537145,103.49739417780154,104.24411728275042,11680500
2022-06-22,103.62334442138672,104.54099907647512,102.91260873163154,103.353442359593,9842700
2022-06-23,102.48977661132812,103.62335578572859,100.29459993264686,103.47041447042326,11851500
2022-06-24,105.54863739013672,105.99846963384918,101.50914576348947,101.86901293123852,14841100
2022-06-27,104.70294952392578,106.61024068911306,104.03719973180849,106.21438612217534,11280500
2022-06-28,104.19914245605469,107.32097937948275,104.00121516718443,105.86352041371619,11590900
2022-06-29,103.7313232421875,105.09881031014693,103.21851473371575,104.36108566876835,9338400
2022-06-30,101.31120300292969,102.63371069565692,99.79976662036917,101.8150128424851,15172600
2022-07-01,102.60673522949219,102.93960668946255,100.00670546840153,101.34720360263593,10573600
2022-07-05,102.2164535522461,102.29813625751622,99.20314697860752,100.53734630362622,12514200
2022-07-06,101.55387878417969,102.55226212775857,100.55549544060081,101.40866278810402,10656200
2022-07-07,104.1224594116211,104.28583174661338,102.92439792988112,103.01515879940784,10347400
2022-07-08,103.79570770263672,104.96654153657856,103.11499084043402,104.52180845883026,8807800
2022-07-11,102.43429565429688,103.67774121190492,101.85341769626677,103.06055751592149,7939500
2022-07-12,102.53411102294922,104.53995584050604,101.88969990347611,102.18013881541624,11250900
2022-07-13,101.5720443725586,102.08938895660343,100.18337603417554,101.42682143863202,12979900
2022-07-14,98.0232162475586,98.23197244009903,96.26242662871826,98.01413808494141,26204800
2022-07-15,102.5159683227539,103.36005760475044,97.7237221764294,99.07608481534061,18863900
2022-07-18,101.4631118774414,105.13897854956785,101.00930066424485,104.16782283031158,13977900
2022-07-19,103.97721099853516,104.32211191266498,102.26180536382338,102.6793108010148,11862300
2022-07-20,103.95907592773438,104.14059764732086,102.99699834962846,103.55971983511242,11667500
2022-07-21,104.66702270507812,104.8576225923545,102.89716166279044,103.86831742630905,11595900
2022-07-22,104.15876770019531,105.51112338577579,103.16945550163008,104.59442265445784,7645500
2022-07-25,104.57627868652344,105.70172878892247,104.16784435548219,105.13900027541744,9394000
2022-07-26,102.94255065917969,104.90301874241396,102.58857840936416,103.99539616860788,10675100
2022-07-27,104.59440612792969,105.04821733960455,102.83362333536574,103.4780344249909,9337400
2022-07-28,104.20413970947266,105.26606332469507,103.04238398730452,104.60349583569682,10384800
2022-07-29,104.70333862304688,105.73802778300616,104.18599404306724,104.91208793316274,12944500
2022-08-01,103.65956115722656,104.47642276270157,102.62487209849485,103.92277250369129,14740400
2022-08-02,102.04399871826172,103.83201616462607,101.89877579335833,103.39635431452609,14942900
2022-08-03,103.114990234375,103.55972330950938,101.39050614200849,102.96976731414584,14394500
2022-08-04,101.98046112060547,102.85177785946334,100.76424341194704,102.42519419130576,18033900
2022-08-05,105.06637573242188,105.45665365912308,101.69909730651602,102.1347522005115,14174600
2022-08-08,103.78662872314453,105.91954015635945,103.63233456416441,105.51111281209211,10332500
2022-08-09,104.72147369384766,105.27512393124417,103.80478002339936,104.14967405464242,10233800
2022-08-10,107.45343780517578,108.3429109896172,106.64565425457806,107.06315981474907,12847300
2022-08-11,109.04176330566406,110.00384091075784,108.28843499148952,108.8239358511279,11684900
2022-08-12,110.84794616699219,110.95686337236488,108.40644607023346,109.52281799570703,9906700
2022-08-15,111.14745330810547,111.38343710291792,109.45927486177466,109.94939185502653,8456200
2022-08-16,112.20938110351562,112.76303145117365,110.61197029105047,110.99317012643799,9555000
2022-08-17,111.26544189453125,111.78279338084268,110.44858716261082,111.00223745622554,8149300
2022-08-18,110.40318298339844,111.15651120183219,109.41387793779504,110.94775501283391,9531800
2022-08-19,107.6712646484375,109.81325450067376,107.1993039515802,109.47743857634038,13464500
2022-08-22,105.89232635498047,106.3370664116549,104.83040958215871,105.96493782438986,8967600
2022-08-23,104.84852600097656,106.45502136434098,104.72145943179174,105.91044936431913,7607000
2022-08-24,105.1026840209961,105.65633427758321,103.87738815584142,104.63979462581788,9771300
2022-08-25,107.5986557006836,107.77109927585279,104.99377649832141,105.4294383676452,10758900
2022-08-26,104.07707214355469,108.9056236468533,104.01353884448274,108.42458482179282,11276200
2022-08-29,103.82293701171875,104.24952069379636,102.97884781143607,103.46896479140118,8117300
2022-08-30,103.84109497070312,104.90301164833747,102.88808856280961,104.37658892922275,10745400
2022-08-31,103.22390747070312,104.40381253734783,102.86992833363875,103.90462432920928,10738300
2022-09-01,103.9318618774414,104.04077215351198,101.57204459290033,102.82456123998635,9979800
2022-09-02,103.20574188232422,106.60024770658246,102.73378128293912,105.16620958271466,10666600
2022-09-06,103.23299407958984,104.14969485775177,101.7172659775536,103.76849502213983,9751900
2022-09-07,105.19344329833984,105.38404318181134,102.34350936043518,102.67932523505219,10647900
2022-09-08,107.64404296875,107.81649348502353,104.04078000512858,104.63073610193857,11435000
2022-09-09,108.16138458251953,108.96009690967287,107.70757327831366,108.13415701220492,9299700
2022-09-12,109.44112396240234,110.32151890539954,108.72410134825628,109.4774296937704,8614600
2022-09-13,105.63819122314453,107.93447523588812,105.08454089699559,107.16299743006753,12904600
2022-09-14,105.39312744140625,106.95423232841526,104.26767055303281,105.91954322994398,9345700
2022-09-15,106.9814682006836,108.35197321088188,105.06638414248548,105.39312880144128,10821400
2022-09-16,106.26443481445312,106.55487371246717,104.71240130400847,106.54579554935779,14844100
2022-09-19,107.24466705322266,107.76201154879891,104.83946628709785,105.28419932812776,8201300
2022-09-20,105.12992095947266,106.81809944569974,104.0498479159697,106.56396624125445,9619000
2022-09-21,102.09844970703125,105.82877861254009,102.03491641111837,105.77432348021759,12606300
2022-09-22,100.93669128417969,103.10590837390453,100.80962469584004,102.90623032805375,11684500
2022-09-23,99.05792236328125,100.1470666293607,97.26083363178914,99.88386218933628,18138600
2022-09-26,96.92501831054688,99.48451376623828,96.26245076554312,98.02324082588356,15753600
2022-09-27,96.07184600830078,98.17753005774317,94.98270171275183,97.79633024676208,12793600
2022-09-28,98.01416778564453,98.6858135306586,95.88125594848457,96.16261675339427,12762600
2022-09-29,96.35321807861328,97.36975095399661,94.75580037136835,97.07023383552365,12713900
2022-09-30,94.8465576171875,97.67834250014899,94.75579674601661,96.26244659636295,15973400
2022-10-03,97.77818298339844,98.34998271238987,94.81025328743597,95.86309879751497,12248100
2022-10-04,102.35258483886719,102.5522628939969,99.71140700180528,100.3921238672329,16013600
2022-10-05,101.0888671875,101.60168102153392,99.66031037179722,100.5027922381571,10943500
2022-10-06,99.02843475341797,100.90571045714559,98.8452889715457,100.23721507884069,11521400
2022-10-07,97.05045318603516,98.63468477736758,96.40026946115013,98.46069135916748,11681100
2022-10-10,96.14385986328125,98.26838343772174,95.7134595164074,97.73725778403534,8931700
2022-10-11,93.36914825439453,95.73176668930427,93.26841597322337,95.57609206806305,12739700
2022-10-12,94.88011932373047,95.90575385333776,92.74643675976287,93.22262696465911,13181000
2022-10-13,100.15481567382812,100.64015835202872,93.18601079802045,93.38747537838252,22398700
2022-10-14,101.82147216796875,105.53022733591538,101.39107181576125,102.52659124378432,33387100
2022-10-17,106.0979995727539,107.15110556928938,104.68775431453781,105.6859179589888,22276300
2022-10-18,108.82688903808594,110.01735767004864,107.10529480386943,109.57780496566174,21539700
2022-10-19,106.69322967529297,108.81775337066692,105.92400184449335,108.04852553986728,17072000
2022-10-20,106.34523010253906,108.70784867549702,105.90567738316727,107.2884512437602,12207400
2022-10-21,111.93125915527344,112.07777438811135,106.52837457969841,106.64741864303946,20593300
2022-10-24,112.06861877441406,112.72795481078448,111.10709287684404,111.78474069797399,12624200
2022-10-25,112.36165618896484,112.88362938644316,110.70416369964258,111.58327608557636,11289100
2022-10-26,113.65286254882812,114.65101904999469,112.52649560198506,112.63638727546582,11667000
2022-10-27,114.10157775878906,115.56676517888995,113.74443854346963,114.6510221680063,10727600
2022-10-28,115.45687103271484,115.64001682526549,113.59791399072567,114.73343327498077,11859500
2022-10-31,115.27372741699219,116.69313187506613,115.00816110608834,115.1088933959679,13295200
2022-11-01,117.35246276855469,117.47151383290596,115.68581773328512,116.18031980392584,13386900
2022-11-02,116.27188110351562,119.37624908165756,115.96968425941513,116.89458657625418,16546100
2022-11-03,116.48250579833984,117.37993001810507,115.3012034867295,115.66749509431108,12474400
2022-11-04,119.6692886352539,119.80665846924897,117.63635202879402,118.57956620175044,14953200
2022-11-07,120.30113220214844,121.14361393665178,119.48612163494533,119.96231182336089,12011200
2022-11-08,120.37439727783203,120.93300098657986,119.17477635571635,120.1820991003853,9884100
2022-11-09,118.80848693847656,120.35608067680693,118.33229672576779,120.25536237365235,9494000
2022-11-10,123.69856262207031,123.85423725089672,121.36341524341654,121.45499513008096,16351600
2022-11-11,123.90003967285156,124.69673166918126,122.50810629951107,123.79930737662698,10704700
2022-11-14,122.62714385986328,124.2937887909948,122.62714385986328,123.44215454020792,11085600
2022-11-15,121.73886108398438,124.2754727820005,120.51176897449375,123.33224475737065,14038300
2022-11-16,121.90371704101562,122.30664624085016,120.90556041523608,121.79383234038106,7893400
2022-11-17,121.37256622314453,121.69308184959206,120.21873511956515,120.87807117107586,8820200
2022-11-18,122.56300354003906,123.32307168215836,121.13444711798356,123.2315057931004,9468500
2022-11-21,121.8396224975586,123.22238955104531,121.5648967723734,122.47148747354531,7800500
2022-11-22,123.66192626953125,123.87255721626288,122.42568162642476,122.70955971543894,9185700
2022-11-23,124.98060607910156,124.99892485236217,123.49710682698058,123.57036794689309,7316200
2022-11-25,125.21868896484375,125.58498053497402,124.59597652786903,124.98058686844412,3220500
2022-11-28,123.03009796142578,125.19125235733154,122.88357570367214,124.60517729944853,9906900
2022-11-29,125.05386352539062,125.12712464315098,123.0850216381753,123.31395739125288,7925300
2022-11-30,126.53736114501953,126.53736114501953,121.96781251377331,124.6234616268747,14761200
2022-12-01,124.76082611083984,126.9769224009966,124.01906257456254,126.53735571880368,8858500
2022-12-02,123.77178955078125,123.94578290350903,122.10513109109941,123.15824360435305,8931900
2022-12-05,120.30113220214844,123.23152046335792,119.59602027727311,122.92932364992845,10154500
2022-12-06,120.50260925292969,123.72602829098362,118.92753028962653,122.15094932768046,13966700
2022-12-07,120.42020416259766,121.86707977531921,119.34878653237514,120.24621075738449,11739400
2022-12-08,121.68392181396484,121.77548772068307,120.35608342183585,121.18026042106706,8907300
2022-12-09,121.02458190917969,122.48976212767165,120.87805969539228,121.06120547606285,7957800
2022-12-12,122.90187072753906,123.30478589879809,120.51178100571893,121.24436420664723,8841600
2022-12-13,122.78282928466797,125.53921082280596,121.86708623866639,125.35606500823162,10025400
2022-12-14,122.16926574707031,124.27547724797802,121.57402446793989,122.50808615450605,9966100
2022-12-15,119.13817596435547,120.95134328433645,118.17664297069904,120.0996949848819,12087800
2022-12-16,118.39640045166016,118.95500421288943,117.60886095178166,118.26819699694174,21133700
2022-12-19,119.10153198242188,120.26452950136444,118.21326015727045,118.72607400001165,9017200
2022-12-20,119.678466796875,120.92387795954342,119.22974765196403,119.93487374450109,8549900
2022-12-21,121.02458190917969,121.77548380186725,120.66744274627749,121.04288670605757,8051700
2022-12-22,119.6509780883789,120.23705302180252,117.59055643559027,120.05390722506925,8648200
2022-12-23,120.21875762939453,120.36527988452708,118.7169394471141,119.57774022960373,5091900
2022-12-27,120.63998413085938,121.07953684483128,119.5502477587565,120.48430950243451,5411000
2022-12-28,121.29932403564453,122.16927709178944,119.9714855059647,120.74072024622446,8827700
2022-12-29,121.9952621459961,122.04105208257766,121.1619328088425,121.729688897699,6585200
2022-12-30,122.80115509033203,123.01177209049708,121.28101819336682,121.61983866838854,9292500
2023-01-03,123.73518371582031,125.21869680593807,122.60882379266664,123.84508237224334,11054800
2023-01-04,124.8890151977539,126.07946973229124,124.14726571994531,124.53187604276728,11687600
2023-01-05,124.86135864257812,125.19346180691988,123.3392132742021,125.14733363036125,8381300
2023-01-06,127.25064849853516,127.65655392856925,124.06800139681229,125.58091267835742,10029100
2023-01-09,126.72483825683594,128.11783345314376,126.27281863533395,127.85953250475806,8482300
2023-01-10,127.8595199584961,127.97021633227186,126.66947763502837,127.11227720647598,9048700
2023-01-11,128.80967712402344,128.92037347696242,127.39824231868354,128.13623677339942,8703700
2023-01-12,128.68051147460938,129.94434160906331,128.43143063360026,129.15098499532414,11001700
2023-01-13,131.92774963378906,132.37056322485412,124.35397340286053,125.09198197829284,20200000
2023-01-17,129.88900756835938,130.57165384016318,128.44066460814747,130.23033070426126,14292900
2023-01-18,125.98681640625,129.82443570121728,125.83921187435125,128.15469990359847,13392600
2023-01-19,124.30784606933594,125.36872372621798,123.23773433152995,124.83368193365786,13303400
2023-01-20,124.61225891113281,124.99049019485153,123.20082419514935,124.68606116720045,13092500
2023-01-23,126.632568359375,127.26910058498841,124.3724285154748,124.64916941674768,10487100
2023-01-24,127.72110748291016,129.41851719919742,124.53846074578614,125.84841916224751,6945000
2023-01-25,128.33921813964844,128.33921813964844,126.61413389807234,127.35214259398586,8967000
2023-01-26,129.13253784179688,129.206340097772,127.63808086823815,128.61593612631194,7487600
2023-01-27,129.44622802734375,130.31337304468045,128.92039212215033,129.71374894441735,7489900
2023-01-30,128.34844970703125,129.23404886369812,128.14549696772326,128.44069199449729,6729300
2023-01-31,129.1140899658203,129.21556630205873,127.5365967527214,129.04028771434326,9188700
2023-02-01,128.7727813720703,129.962823586279,127.4166946124427,127.49973096149544,8841800
2023-02-02,128.17315673828125,129.5753716687089,127.30599769020552,129.15101214948385,11822100
2023-02-03,130.1565399169922,131.30045393398444,127.42592643640081,127.47204053619367,11501200
2023-02-06,130.92221069335938,131.21741973271486,129.17867277414865,129.36317138557496,8406200
2023-02-07,132.5181427001953,133.15467486781688,130.23954897835594,130.42406166418485,10447900
2023-02-08,131.58642578125,132.8779302241988,131.25432262787135,131.5956457857201,6958000
2023-02-09,129.5384979248047,132.23221806211208,129.0311159983853,132.02926529154433,6443100
2023-02-10,130.11044311523438,130.33184996827012,127.85030270300348,128.94808880857616,6582900
2023-02-13,131.52186584472656,131.6694563072167,129.83367588221756,130.3502776917921,7134600
2023-02-14,132.10302734375,132.66575729505092,130.62702427939897,131.45727512332502,9249400
2023-02-15,132.6565399169922,132.73956218775996,130.35027188671188,130.63624687025177,6728300
2023-02-16,130.8299560546875,132.27828479759046,130.7007915549268,131.8354853567696,8165300
2023-02-17,131.2174530029297,131.76172897135817,129.21561370488698,130.05508471117597,7948800
2023-02-21,128.80967712402344,130.3871564587718,127.99786633222567,129.7875324452297,9996300
2023-02-22,127.8226089477539,128.62518579251523,126.78940527851228,128.15471213805932,11107500
2023-02-23,128.84657287597656,129.30782645428664,127.25063943639948,127.97941389653887,8068000
2023-02-24,130.00892639160156,130.4056117873212,128.16391208452364,128.32997069185853,9126900
2023-02-27,131.14366149902344,132.20453942812753,130.73775597181427,131.09753331159575,10014700
2023-02-28,132.24139404296875,132.61961124344361,130.90374753112508,131.86316276615307,11019800
2023-03-01,131.50340270996094,132.34288763092906,130.81152231767038,131.0882772898551,7139200
2023-03-02,130.13812255859375,131.39271907926147,128.7266733201516,131.21745450158852,11106800
2023-03-03,132.5273895263672,132.6011917925285,130.14731922895072,130.54399057368198,9513100
2023-03-06,131.75247192382812,132.87791764537647,131.60486740822327,132.32442182637027,9261300
2023-03-07,127.87794494628906,131.28199880341774,127.1307163584009,131.00524382514803,11747600
2023-03-08,127.1214828491211,127.85025727401231,126.28199799887747,127.30598145625316,10002500
2023-03-09,120.23958587646484,126.70637040071524,119.20638230996192,126.16208045104264,25888100
2023-03-10,123.2930908203125,124.77832808584189,117.91487879327784,118.96654355462098,37599700
2023-03-13,121.07906341552734,123.50526172401649,119.38165363815746,121.04216932312453,42901100
2023-03-14,124.18791198730469,125.027396898887,121.11596139071918,124.79677010403532,29648100
2023-03-15,118.32077026367188,120.83922509421075,116.90934238977314,120.82999101320628,34280600
2023-03-16,120.6177978515625,121.72480350606014,116.25433636977414,118.09012344478136,24558500
2023-03-17,116.06063079833984,118.52372338026191,115.72852763693783,118.43148110430431,38396000
2023-03-20,117.28755950927734,119.43700287665557,116.2451289544415,117.14918202793817,22875500
2023-03-21,120.4333267211914,121.52187854140573,120.1012235414687,120.47022081834112,17807800
2023-03-22,117.32447052001953,120.53479879711034,117.23222120408215,120.44254244300132,17250200
2023-03-23,117.01082611083984,119.49237307549467,116.25437038337026,117.9886886645242,16677600
2023-03-24,115.23038482666016,115.9407123176095,113.56986894913054,115.89458413950018,22311100
2023-03-27,118.53295135498047,119.35398217332511,116.50343135783469,116.96468494288993,18853900
2023-03-28,118.89275360107422,119.31709910584767,117.84108873078023,118.73592903832356,10820500
2023-03-29,119.13256072998047,120.12887004030037,117.86872352865781,120.0181736979339,14595300
2023-03-30,118.77278900146484,120.03661922272114,117.75803260015441,119.8797947050452,12134700
2023-03-31,120.21192169189453,120.23959578425315,118.86506894262816,119.61229758899901,13105200
2023-04-03,120.07353973388672,121.25434781594711,119.38165933847588,119.84291293541644,11775400
2023-04-04,118.46836853027344,120.47020739068543,117.53664136039777,120.3871851240944,11579900
2023-04-05,118.64502716064453,119.14708434890063,117.57581658451342,117.89193428485298,9614700
2023-04-06,118.51484680175781,119.08199301806343,117.9477005854522,118.0778645931217,8760200
2023-04-10,118.90533447265625,119.22144502445312,117.35265879985272,117.65017753412289,9477300
2023-04-11,119.49110412597656,119.88159621491059,118.5799488250562,119.28655862413275,10516300
2023-04-12,119.47250366210938,121.26690877514532,119.06341266372614,120.10472488738162,11821000
2023-04-13,119.92808532714844,119.97456133339055,117.9198281563234,119.43532049173513,12450200
2023-04-14,128.9838104248047,129.3464112241228,125.42287735108336,125.65531412466714,43931300
2023-04-17,130.00656127929688,130.22039917713522,127.98901142423925,130.11812641089648,16050500
2023-04-18,131.46624755859375,131.8195560320996,129.26275124856613,130.41564287639508,13760100
2023-04-19,131.29885864257812,131.55918664020743,130.53645937322665,131.30815100434637,9158100
2023-04-20,130.9176788330078,131.49411745979074,130.01582306650377,130.0809121691736,10586200
2023-04-21,130.66665649414062,131.19661917231718,129.03030663899233,129.92287013341033,11842500
2023-04-24,130.84329223632812,131.18730827572392,130.20176453203194,130.5922707591097,7567500
2023-04-25,127.9982681274414,130.12739670771012,127.96108448954054,129.79268721934886,10629300
2023-04-26,125.72969818115234,128.128447436302,124.58611320390236,127.95179321485382,14416100
2023-04-27,127.42182159423828,128.2214045340633,126.1294739087224,126.44558446505003,9041100
2023-04-28,128.52825927734375,128.60264075648055,126.13880214058031,126.96627658910431,9887300
2023-05-01,131.28030395507812,133.29785370973943,130.9363020252192,132.26583373334603,20415800
2023-05-02,129.1604766845703,132.40529945357613,128.7048954586178,131.46624572118586,14113400
2023-05-03,126.427001953125,128.92802382839415,126.22245646383661,128.71418597570693,12930900
2023-05-04,124.69766235351562,126.18526321933304,122.54994906626652,125.47866061081707,17089200
2023-05-05,127.13360595703125,128.19351693679252,126.3619142684698,126.85467902829136,11261400
2023-05-08,127.44044494628906,128.27721168217766,126.89188336179542,127.83093703549143,7484900
2023-05-09,126.82681274414062,127.3288699653478,125.7111189961569,126.38052389549456,7343600
2023-05-10,126.89188385009766,128.36088601235872,125.39499040898734,128.25861326097296,8133400
2023-05-11,126.4920883178711,127.19869096486417,125.42287070396287,125.51585108319455,7057300
2023-05-12,124.6791000366211,127.36606876598572,123.7772441549865,127.2080134509426,9988600
2023-05-15,125.72969818115234,126.13878918096603,124.54892956156252,124.83714889684532,7639500
2023-05-16,124.88362121582031,126.38980678427393,124.54891173540695,125.94353220599379,6477200
2023-05-17,128.7234649658203,128.8536289739523,125.94353060925548,126.3526073585183,12711500
2023-05-18,129.69970703125,129.91354486981814,128.08194213737082,128.55612218887362,10999600
2023-05-19,129.4021759033203,130.62015634556295,128.4259529385829,129.96932211998757,13492200
2023-05-22,128.33299255371094,131.68938019077746,127.98899066253614,131.09434260740792,11402500
2023-05-23,126.99415588378906,129.26274112947746,126.87329840506368,127.87741281159326,9514900
2023-05-24,125.83196258544922,126.77101618732583,125.59023345923494,125.8877451386668,8578000
2023-05-25,126.1387710571289,126.69662491977871,125.12535025390105,125.34849463632358,8472500
2023-05-26,127.31957244873047,127.93320895067457,126.10160599557224,126.54788063934289,8579900
2023-05-30,127.80305480957031,128.04478397139485,126.4642165878609,127.18941826015079,7399900
2023-05-31,126.17597198486328,127.2265764509332,124.9579914943427,127.1243037131586,14219900
2023-06-01,127.91458129882812,128.51891111427392,125.93421584510475,126.92905184628603,12248100
2023-06-02,130.60157775878906,131.54061723322627,129.55095898404744,129.7555044833213,12922500
2023-06-05,129.3185272216797,130.26687328356348,128.42597790551955,130.26687328356348,8511900
2023-06-06,129.5509490966797,130.25756592635653,128.50034458893558,128.93731264569107,9329500
2023-06-07,130.80615234375,131.34540749021423,129.07682176606065,129.74624096947704,9281400
2023-06-08,130.84329223632812,130.99205516218504,129.6811084783462,130.78750968583515,7368100
2023-06-09,131.10365295410156,131.83816121691262,130.3598665129794,130.49003055885748,7249100
2023-06-12,131.09434509277344,131.3918709835064,129.94145354640617,131.15943420142702,7596600
2023-06-13,132.04269409179688,132.83297065646826,130.29476491165087,130.61087553751943,7701600
2023-06-14,131.5499267578125,133.5209861370307,130.81541857922923,132.95383981928003,9068700
2023-06-15,133.03753662109375,133.32575601175247,130.1925121771727,130.71316839085526,9343100
2023-06-16,133.19557189941406,133.85569861958822,132.48896917108857,133.0003329420945,13813500
2023-06-20,132.51683044433594,132.95381264180995,131.1315023941723,132.59121190207753,8428600
2023-06-21,132.3216094970703,133.90217667494477,131.7358643045841,132.8608503119899,9926500
2023-06-22,129.77406311035156,132.58190248495086,129.18831807274296,132.3122679619711,10075200
2023-06-23,129.0954132080078,129.40221732055474,127.95181385942702,128.80717963940447,9919500
2023-06-26,129.41151428222656,130.1738996046303,128.01689349037008,129.11398837029202,8429700
2023-06-27,129.4207763671875,130.01581386502326,128.8071399575032,129.23482980914127,8154000
2023-06-28,128.85365295410156,129.43010582894865,128.26792190190724,129.3836156345039,7558600
2023-06-29,133.35360717773438,133.47447882912567,130.02512535776643,130.2296708354378,15423200
2023-06-30,135.22242736816406,135.74308350074216,133.56747858097697,134.44144316929692,14212800
2023-07-03,136.31021118164062,137.11908654933129,135.7430649319183,135.91971913562398,8021600
2023-07-05,135.40219116210938,136.14172948067352,135.14007523014382,135.6830337418573,8934900
2023-07-06,134.0635223388672,134.23201930820707,132.4065640524601,133.88565490395533,9709500
2023-07-07,135.12132263183594,136.52552097664736,133.866908872023,134.71879262942724,8981500
2023-07-10,135.8795928955078,136.66595485612726,135.2711126354132,135.2711126354132,9100100
2023-07-11,138.0045928955078,138.37905430721347,136.40381499872336,136.99356851026602,11260900
2023-07-12,138.68800354003906,140.29815234336888,137.6114570388081,138.03271374432256,11323200
2023-07-13,139.36199951171875,139.83006562336877,138.31353599258082,139.20285874786703,11234900
2023-07-14,140.20452880859375,143.12525681027427,138.93138839786866,141.870843043834,27028400
2023-07-17,143.58395385742188,143.93031818225228,140.7474745833013,140.7474745833013,17262400
2023-07-18,143.84608459472656,144.5388133160355,143.05973693495963,143.58396870813758,13491700
2023-07-19,144.39840698242188,145.2971002736689,142.49805956001194,142.99420853526703,12510000
2023-07-20,146.17706298828125,146.58896351409925,144.5482018161326,144.6605331289025,9935900
2023-07-21,145.0536651611328,146.16766463887615,144.81027595893158,145.84938315501867,10636400
2023-07-24,147.90890502929688,148.64844326937535,144.84774837498787,145.07242527179113,14381400
2023-07-25,146.8042755126953,147.64678887686114,145.99920115581102,147.25361502130073,9944700
2023-07-26,147.68421936035156,148.14292930748638,146.29874762297274,146.70129192030421,8728600
2023-07-27,146.0553436279297,148.6390632476469,145.6153603699145,147.69357490821167,10778400
2023-07-28,146.88851928710938,147.53445284492707,146.4485359733566,147.234883659289,9103800
2023-07-31,147.87147521972656,149.2007814689445,147.1131960024418,147.14127883075832,8892700
2023-08-01,147.14126586914062,147.90890120016138,146.17705075722094,147.37529894065986,6853900
2023-08-02,145.47496032714844,145.74644670568168,144.10821510612257,145.62474493018428,8299400
2023-08-03,146.36427307128906,146.89786098978126,144.4920086983106,145.10048890583116,6084000
2023-08-04,146.0553436279297,147.72165773027706,145.7557744802414,146.41106413550557,6209400
2023-08-07,146.7480926513672,147.62805928952613,146.59832234097993,146.59832234097993,7251800
2023-08-08,145.92430114746094,146.01790580284208,142.84441801525406,144.46393710846394,8623400
2023-08-09,143.96778869628906,145.58730795628765,143.6682337702767,145.40008434199916,6277800
2023-08-10,143.75245666503906,145.51238975141104,143.31247339344608,144.520091916497,5995100
2023-08-11,144.5856475830078,144.65118370801733,142.8818940279704,143.25634127753443,5180700
2023-08-14,144.8851776123047,145.02559172184132,143.15332741205629,143.799260884411,5044300
2023-08-15,141.1968231201172,143.48098800077395,140.63513807973655,143.0878141862051,10300300
2023-08-16,140.59771728515625,141.31854318067522,140.12028065372675,140.98153496964974,6978200
2023-08-17,139.1373291015625,141.59934699720856,138.92200841764713,141.2436264856294,9953900
2023-08-18,139.45567321777344,139.95182234824128,138.02339149634747,138.21997134126883,8517500
2023-08-21,139.9330596923828,140.5134714627281,138.56631446042414,140.09220047778916,8327000
2023-08-22,137.03106689453125,140.08285341209333,136.53491785943598,139.7271185249507,9673300
2023-08-23,137.9578094482422,138.16375969245578,136.16980765056223,137.00296480788273,7858000
2023-08-24,137.82675170898438,139.86752750903037,137.60208910349877,138.0795114244007,6534000
2023-08-25,137.65826416015625,139.12798451368934,136.53490820324166,137.87357059987212,6695500
2023-08-28,138.13568115234375,139.11862293308627,137.73315111613948,138.14505161734553,5094100
2023-08-29,139.259033203125,139.3432959645767,137.7799424826576,138.27610573389072,6337000
2023-08-30,138.69737243652344,139.6241343213218,137.78932291407224,139.12798531844592,6277300
2023-08-31,136.9842529296875,138.8752443375692,136.6378885199195,138.79098156731098,10933900
2023-09-01,137.4429473876953,138.62246891114418,136.3944695270514,136.75956054270785,7903500
2023-09-05,135.9263916015625,138.74415864513009,135.74852419936798,137.76121698537963,7854700
2023-09-06,135.7017364501953,136.24468058187983,134.9060183286584,135.45833292470454,8629200
2023-09-07,134.54092407226562,135.9919318730385,134.2319987249338,134.92474171145767,8373700
2023-09-08,134.64390563964844,134.91537771193597,133.53926213708527,134.21327851187928,7107900
2023-09-11,135.23367309570312,135.78598770305322,134.5128472530841,135.5051451671015,6854200
2023-09-12,136.99359130859375,137.9110112067669,134.84985472125945,135.2711113808214,8363200
2023-09-13,137.05914306640625,138.26674753287986,136.50682839895887,137.9297393099169,8325900
2023-09-14,139.71774291992188,140.3262231887897,138.09823807360453,138.39779297567569,10034900
2023-09-15,139.3058319091797,140.16707182842225,138.83776580409716,139.4088070236676,19863400
2023-09-18,139.59600830078125,139.61473494158025,138.3135119487619,138.69732952181235,6512400
2023-09-19,139.418212890625,140.1577655994008,137.80807805681044,139.95181529702643,7943400
2023-09-20,138.8284149169922,140.65386993955852,138.67863032943688,140.09218487834835,7332000
2023-09-21,137.74252319335938,139.34331591065376,137.26510080327012,138.15442374210164,8052400
2023-09-22,136.4225311279297,138.08884517442365,135.91702606345376,137.88289496335204,7071700
2023-09-25,137.09657287597656,137.16210899360448,134.52220904350628,136.06683591353567,7044700
2023-09-26,135.67364501953125,136.52552882591283,135.0183552777935,135.36473393604743,7468400
2023-09-27,136.4693603515625,136.75955906802622,135.28046837627247,135.91704574382544,6717800
2023-09-28,138.16375732421875,139.36200547860716,136.68466663396703,136.9374263446685,8868100
2023-09-29,135.7578887939453,139.25901390338058,135.60810422128415,139.10924361496248,11917800
2023-10-02,134.58775329589844,136.3195895900525,133.52056297766828,135.58005131127518,9170600
2023-10-03,133.59544372558594,134.41923041723004,133.25843553401722,134.054139400051,9431100
2023-10-04,134.1945343017578,134.30686557614808,132.86521422834636,134.04474974640985,8128700
2023-10-05,134.7603759765625,134.9489954403181,132.8082911555661,133.94936120720567,8576200
2023-10-06,136.83509826660156,137.57066825366812,134.04369376953446,134.76983853766583,10270600
2023-10-09,136.5238494873047,137.11795466151514,135.32618514369264,135.47707493604304,6964900
2023-10-10,137.35372924804688,138.40994351775856,137.00480915687686,137.13683414188532,11288800
2023-10-11,137.8252410888672,138.8437256523832,136.75961605388252,138.16473594337253,8698200
2023-10-12,137.50462341308594,138.58912775754237,136.86336329119763,137.96671807007812,10484400
2023-10-13,139.56985473632812,144.38878745855322,139.41896495336943,140.04137451584273,29427000
2023-10-16,139.4284210205078,141.00329554327354,138.3627815883004,140.9372758593186,12663500
2023-10-17,139.12667846679688,140.80528837588392,138.4288237446185,139.16440812185908,11482700
2023-10-18,137.59896850585938,139.07953380874142,137.0897188526439,138.24022879254755,9620300
2023-10-19,137.01425170898438,138.64572098900047,136.62761631159904,137.1934315805182,11143600
2023-10-20,134.80752563476562,136.87278493216152,134.02480093728053,136.3352597722285,13332900
2023-10-23,132.96861267089844,135.49595244442185,132.71398789413,134.7981121972243,10133400
2023-10-24,133.12890625,133.6570061539827,132.36504643247912,133.14777107218316,8881400
2023-10-25,132.40280151367188,133.13837151399747,131.5634965446005,132.56313096599058,8242600
2023-10-26,132.74227905273438,133.6004487370822,131.48803437322115,131.7992392386323,9109400
2023-10-27,127.9610366821289,131.17680494686746,127.48951691508718,131.03534038297016,17434700
2023-10-30,129.592529296875,130.17720937589277,128.29112975104002,128.6683543097979,9855500
2023-10-31,131.13909912109375,131.3088537506683,129.63966944313077,129.86600415268222,9672500
2023-11-01,131.02593994140625,132.52536963058716,130.5827101254128,131.3182799499032,9432000
2023-11-02,133.3646697998047,133.42124987825363,131.29941059855653,132.1104252988265,10186200
2023-11-03,134.8546600341797,135.58080454038657,133.7701702722791,134.09080027618893,9538700
2023-11-06,135.8731689453125,135.9769038934277,134.6566396092663,135.01499931905428,7625100
2023-11-07,135.80715942382812,136.04291937904668,134.68495412429016,135.33563951339102,6297900
2023-11-08,136.4767303466797,136.58989052573705,135.43938073983261,135.90147545372747,7618200
2023-11-09,136.07119750976562,137.3537321294573,135.5148075176755,137.15570184261244,7992500
2023-11-10,138.0893096923828,138.136464559863,135.87317481726728,136.68418961313236,7983300
2023-11-13,137.47633361816406,137.91956345188186,136.89165357778936,137.40088871139884,6676300
2023-11-14,139.9848175048828,140.7486773711874,138.17418298003085,138.32505839820212,9927700
2023-11-15,141.21078491210938,141.60685990157586,140.00369511859856,140.00369511859856,8365300
2023-11-16,142.82339477539062,142.89883969668293,141.54085989271647,141.54085989271647,8126200
2023-11-17,144.11532592773438,144.1530411822149,142.90822193971096,143.53063156096295,7812400
2023-11-20,144.55857849121094,144.99238317230925,143.2666184458422,143.41750828184567,7019000
2023-11-21,144.2567901611328,144.87919984297054,143.87958002103724,144.47368527220556,7083500
2023-11-22,144.59629821777344,145.11497299989654,144.19078361006055,144.6717431305955,5174500
2023-11-24,144.79434204101562,145.6430865972685,144.5491568436877,144.84149691463753,3496900
2023-11-27,144.46426391601562,144.78489398263042,144.01160885787445,144.69058425026378,6259100
2023-11-28,144.79434204101562,145.10554693934364,144.0210567942755,144.4925767512003,6582700
2023-11-29,145.5299072265625,146.76528704849733,145.22812758688474,145.3884426243466,9126100
2023-11-30,147.1896514892578,147.2368063564752,145.5864867313831,146.08629666666795,9869800
2023-12-01,147.90635681152344,148.86826142383205,146.94446658886,146.94446658886,8916000
2023-12-04,148.99085998535156,149.04744006979425,147.0010454744615,147.1330704680428,9607500
2023-12-05,148.9720001220703,149.47181007082003,148.02896031089793,148.3024355246939,9135600
2023-12-06,147.40655517578125,150.15080456532945,147.11421512755064,149.79244482122945,9366000
2023-12-07,147.85922241210938,148.3496071985717,147.2556774401739,147.76492705409748,8130900
2023-12-08,149.4906768798828,149.73586205376884,148.038387493204,148.30243749266455,7369400
2023-12-11,150.0376739501953,150.22627907753812,149.1417744134315,149.49070900814698,8093900
2023-12-12,151.3767547607422,151.4993401514318,149.83017004353027,150.16022534418147,10223000
2023-12-13,151.88600158691406,152.800751426603,150.66948646661925,151.3767663804212,12379100
2023-12-14,154.6490936279297,155.45066878084032,152.49896415125406,152.6121243164545,13643000
2023-12-15,155.8184814453125,155.86563631908845,153.1402515347454,153.79095137977095,20309300
2023-12-18,156.7615203857422,157.61026493948086,156.19570507289683,156.46918031565835,8469600
2023-12-19,158.85504150390625,158.87390632782794,156.12023201068527,156.5445970162341,10345700
2023-12-20,157.06329345703125,159.760388064777,156.9689837140342,158.42127317416848,10734700
2023-12-21,157.95916748046875,158.5155575124074,156.24282812678547,157.3367577550905,7601700
2023-12-22,157.8648681640625,158.64759298134297,157.7045531132431,157.95917790673107,6576300
2023-12-26,158.79849243164062,159.15685220791008,157.65740779068372,157.92147220821988,4683600
2023-12-27,159.75091552734375,159.81693521176237,158.0345907978248,158.2797759335722,6428600
2023-12-28,160.59967041015625,160.93916529174086,159.373715871676,159.70378553614376,6320100
2023-12-29,160.4110870361328,160.96747710381322,159.96785714773753,160.31677729363093,6435100
2024-01-02,162.27828979492188,162.3631599230326,159.2888553688662,159.45859562508764,9977400
2024-01-03,161.57101440429688,162.24056461960868,160.6656898438769,162.07082435870566,9852300
2024-01-04,162.64321899414062,164.4839997839759,161.81770540051127,161.91259668017605,11972500
2024-01-05,163.459228515625,164.51245797473024,162.70014174249383,162.70014174249383,10066000
2024-01-08,163.22201538085938,163.54462255510825,160.8214137681895,163.22201538085938,11229900
2024-01-09,161.93157958984375,163.00377577413855,161.40022316605578,162.8424721796584,9923600
2024-01-10,162.27316284179688,162.33009181707794,160.309026324343,161.3053268268902,9670200
2024-01-11,161.58998107910156,161.64691005258496,160.0148785803073,161.61844556584327,11919500
2024-01-12,160.4039306640625,167.29261232317756,160.26159373589286,164.91099163359718,19436500
2024-01-16,159.3981475830078,159.49302439057672,155.8968705158976,156.43771030633505,17206400
2024-01-17,158.54415893554688,160.42290202843512,157.97485469273727,158.78137265631167,11107500
2024-01-18,158.85728454589844,158.9616591633274,156.788787827513,158.57262518214884,9382300
2024-01-19,161.59945678710938,161.8461682983927,158.53465987279188,158.9806227818617,13115700
2024-01-22,161.4097137451172,163.18406784238965,161.030177562061,161.74181876407434,12837500
2024-01-23,160.3470001220703,161.0681246579549,159.82512701395376,160.99221452601276,8360800
2024-01-24,161.7797393798828,162.26365010364287,160.2236181256864,160.6980455138972,9967100
2024-01-25,164.094970703125,164.142416344373,162.1687963911467,163.49718747582935,8873500
2024-01-26,163.4687042236328,164.2088098113454,162.9942768223619,163.78182804587664,7443000
2024-01-29,163.89569091796875,164.00006552852224,162.5388354591491,163.4307613169015,6971200
2024-01-30,167.25469970703125,167.71962945981605,163.9906357064454,163.9906357064454,10822100
2024-01-31,165.4423370361328,169.18082757038678,165.42335588463555,167.18822653609234,11521800
2024-02-01,164.84454345703125,165.89777288401743,162.6621744802231,164.7591499982318,9354800
2024-02-02,165.79339599609375,166.82765873693674,164.398578274706,164.4365405747899,8607600
2024-02-05,165.5751953125,166.13501628029312,164.07600269490123,164.96792869965805,7820200
2024-02-06,166.1444854736328,166.87509326368186,164.87300900590824,165.6795413976579,6764800
2024-02-07,166.4575958251953,166.87509426680478,165.0627925456374,166.70430734707855,7225500
2024-02-08,165.85984802246094,166.34375883435635,164.69276048884402,166.04961611663302,6060300
2024-02-09,166.05908203125,166.14448997128747,164.78762000748162,166.04959869496852,6296700
2024-02-12,166.79916381835938,167.76699968066987,164.81606094073337,165.84082576934907,8539300
2024-02-13,165.3474578857422,167.2167032899838,163.79133635147977,166.3532562916045,8397600
2024-02-14,167.0269317626953,167.09335855725456,165.49927474998213,166.11603914000582,7056700
2024-02-15,170.6705322265625,170.9931539074644,167.1407907162721,167.1407907162721,8723400
2024-02-16,169.87350463867188,170.77491396724417,169.04800544533634,170.42384226035486,8152600
2024-02-20,170.5376739501953,171.23034839812226,169.28519310769673,170.02529871425853,9668000
2024-02-21,171.64785766601562,171.73326561657646,169.38959269081207,170.7464483434242,7024000
2024-02-22,173.7068634033203,174.03895391200567,171.97045729976963,172.52079484720994,9296500
2024-02-23,174.57981872558594,175.72792504973566,173.82073190790015,174.40901731437765,7105800
2024-02-26,173.98202514648438,175.02577126846347,173.14702824890108,174.3520779572995,7145400
2024-02-27,174.06744384765625,174.15283732137044,172.91933742537933,173.9346047290859,5717100
2024-02-28,174.9498748779297,175.7279283839972,173.60250262820136,174.04845112073724,6131600
2024-02-29,176.54393005371094,176.89500171310078,174.4469689552258,176.16439390725577,9643000
2024-03-01,175.81332397460938,176.90451583340356,175.6330536993716,176.20235797152844,6311800
2024-03-04,177.13221740722656,177.99567880021087,174.84548820991387,175.26298666271404,7063600
2024-03-05,178.90660095214844,179.61824215364595,176.82860632723535,176.82860632723535,6617800
2024-03-06,179.83644104003906,180.34883071700543,178.03362279204532,179.57076286619525,7572900
2024-03-07,178.26133728027344,180.7568299062852,177.08476665622948,180.19700907849818,7618300
2024-03-08,178.59347534179688,180.71891558839314,178.3088159683026,178.80222458380084,6172200
2024-03-11,178.6598663330078,178.80220324195417,176.69574439925185,177.70152818428755,5762600
2024-03-12,180.130615234375,180.43425575956988,178.29933218131626,179.2861349314453,5708400
2024-03-13,181.5918426513672,181.92393315603576,180.1305981000231,180.6240066673423,7795500
2024-03-14,178.35626220703125,181.8290747228508,177.5307630516754,181.25975597395745,10310900
2024-03-15,180.56707763671875,181.17434415077483,176.94244522461395,176.94244522461395,17214200
2024-03-18,182.806396484375,182.84434431154483,180.17806424275938,180.88022211160907,9013800
2024-03-19,183.8785858154297,184.01142492310007,182.54071140188407,182.85383525818784,8478700
2024-03-20,186.2886962890625,186.5069288762153,183.70780963606143,184.25814725101966,9367000
2024-03-21,188.87904357910156,189.23011523950757,186.2886739000261,186.46895863754574,11203800
2024-03-22,186.5638427734375,190.22642320705918,186.48793264526574,188.83160536845347,8108800
2024-03-25,184.85589599609375,186.86746350539403,184.4194164249036,186.54485635359586,8620000
2024-03-26,185.7193603515625,186.60180291274617,184.13477445009167,184.63766637481814,5961500
2024-03-27,189.3155517578125,189.3914618944576,186.33614766678855,186.45000563256713,8725800
2024-03-28,190.05564880371094,190.4541661440958,188.38565483061902,189.28707861308453,8628300
2024-04-01,188.7651824951172,190.66289215811688,188.4141108405425,189.76148296386717,7309000
2024-04-02,188.68930053710938,189.56224537498986,187.94919481633295,188.24333754146488,7014700
2024-04-03,188.1579132080078,189.35346506585586,187.5885945261513,188.86005650680525,9353400
2024-04-04,186.72633361816406,190.5725228336972,186.63090338860295,190.06669747224808,9243800
2024-04-05,188.4442596435547,189.08369905029488,186.21099104756672,187.21310323176615,6532300
2024-04-08,189.42726135253906,189.90445619693176,188.60648563767035,188.60648563767035,8001000
2024-04-09,188.1579132080078,189.80901778367087,186.02008971749524,189.03596449913155,7351500
2024-04-10,186.55455017089844,188.0815794697576,185.32337934002095,186.63090309212447,7681400
2024-04-11,186.51637268066406,187.60439092248092,184.42627146372058,187.0603818015725,10137700
2024-04-12,174.45289611816406,180.31284860479283,174.2142986804954,179.73068483719993,31532300
2024-04-15,174.54832458496094,178.90989232756837,173.88979338856458,176.0848925222756,14766600
2024-04-16,172.55364990234375,174.8060100362722,171.45609307815093,174.55785940954902,16451800
2024-04-17,171.8665008544922,174.0997692825039,171.02663324895016,173.09765717367875,9017100
2024-04-18,172.9831085205078,174.99687108359075,171.76149104329275,172.83995591100177,9557700
2024-04-19,177.32557678222656,177.40192969181965,173.13580734704428,174.0806436572483,13402300
2024-04-22,180.7709503173828,181.45811204263342,177.49738618697634,177.5069394038577,11529700
2024-04-23,183.3764190673828,183.46231063719642,181.83031255941904,182.41249080398302,9144400
2024-04-24,184.2735595703125,184.41671219594375,181.49628213042132,181.83986299476692,6964900
2024-04-25,184.55032348632812,185.0943325814848,182.46020780549338,183.48141172959566,9802300
2024-04-26,184.66485595703125,185.98190375230607,184.25446084078007,184.74120887546937,6413700
2024-04-29,184.4644317626953,185.3997295490782,183.65319472901302,184.65530678155278,5387800
2024-04-30,182.99468994140625,186.0964565277787,182.8992451443853,184.01587936793962,8153700
2024-05-01,183.1092071533203,185.59062618122607,182.08800319125083,183.50051042268325,7445300
2024-05-02,182.9183349609375,184.67440852887157,180.87594156798932,184.26402794452196,6501700
2024-05-03,181.82077026367188,183.74864146909349,179.86428309609008,183.2428161104816,8922800
2024-05-06,183.2427978515625,183.43367285342538,181.16223557444755,182.98510858949157,7911100
2024-05-07,183.00424194335938,184.13041490362048,182.90879713937719,182.9565195413683,7688800
2024-05-08,186.72633361816406,187.6807232907595,182.28842746572758,182.28842746572758,9227600
2024-05-09,188.49195861816406,188.57785019283477,186.20142924996162,186.268228953762,7977300
2024-05-10,189.70404052734375,190.24803507157247,189.22684568795714,189.48452041598773,7529800
2024-05-13,189.66583251953125,190.73475872572587,189.007301395376,189.7326467786561,7049200
2024-05-14,192.31906127929688,192.385875547787,189.121864553999,189.9235483988948,8596200
2024-05-15,192.8916778564453,193.44522555826163,190.65840974289043,192.7962330736797,8370000
2024-05-16,193.23526000976562,195.15357782872618,192.77715708757773,192.99666261404684,8497900
2024-05-17,195.44943237304688,195.69758297985828,193.55974511421746,194.51413467806674,9260500
2024-05-20,186.65953063964844,196.48974700752038,186.48773292892272,195.06770117767758,17373300
2024-05-21,190.4198455810547,190.78250378063117,187.6330292793257,188.0147793513531,14420800
2024-05-22,189.26499938964844,191.7750486996597,188.67328249730463,189.92353054420116,9425300
2024-05-23,187.93841552734375,189.25547795628643,187.12719303061385,188.78782176676148,8069400
2024-05-24,191.5555419921875,191.60324982166694,188.5492060306778,188.73054238375408,7356200
2024-05-28,190.40072631835938,191.2692243545398,189.59904254472963,190.74430715889065,6910200
2024-05-29,189.0741424560547,189.91401004508248,187.90978586684102,188.9691590074262,6120000
2024-05-30,190.2384796142578,190.7347662809771,189.35088971872463,189.50359554891975,6829100
2024-05-31,193.38796997070312,194.02740925735446,189.30318363373397,190.2098508442745,14417900
2024-06-03,192.61492919921875,193.18755426057615,190.10487971991847,193.0825708149027,6444300
2024-06-04,190.07626342773438,192.76763491215212,189.23639579945825,191.03065316429118,6848300
2024-06-05,188.26290893554688,190.70615882571187,187.9384199292547,190.6488832103386,8351600
2024-06-06,187.92886352539062,188.9882365858564,186.4209261786032,188.2628911546147,7640300
2024-06-07,190.83023071289062,191.7559899505188,188.02432247206556,188.42516442606455,6964500
2024-06-10,190.50572204589844,191.6796172589224,189.38908788285167,190.15260252915212,6070800
2024-06-11,185.4951629638672,188.9118794743479,184.76983211155977,188.88324895141668,9235300
2024-06-12,182.7942657470703,187.74755082799157,182.5842988392324,187.0603890501278,12751300
2024-06-13,184.82711791992188,185.70515472071864,182.17391564540972,183.54823918155475,8587800
2024-06-14,184.94163513183594,185.97237775666235,182.68927485451107,182.71790538052034,6874000
2024-06-17,186.08688354492188,186.65952314056108,183.85361533502265,184.6552991186537,8725400
2024-06-18,188.0147705078125,188.930991025547,185.27567673463204,185.72424105772285,9023000
2024-06-20,189.60861206054688,190.3530349090619,187.16537660256606,187.43260457060572,8731100
2024-06-21,187.34671020507812,188.17702462466875,185.36157778424015,187.73801349633672,20972100
2024-06-24,189.8090362548828,190.14306392636604,188.11022368178232,188.7878322423663,9785900
2024-06-25,189.0359649658203,190.94474426582192,188.72101463378038,189.05504227358247,6862500
2024-06-26,188.42514038085938,188.91188841939731,187.3275981156472,188.44423225132738,7758600
2024-06-27,190.0857696533203,190.74430078925033,187.919301243349,188.4346797683504,7913500
2024-06-28,193.03485107421875,193.35935463256504,190.20986578187188,190.88747429822308,15307600
2024-07-01,196.07936096191406,197.6445594874765,193.416620106431,193.58840326228037,10205800
2024-07-02,199.30519104003906,199.33382156432344,195.43037141669657,195.92664354617938,7802900
2024-07-03,199.17156982421875,200.78449059341636,198.1789964757142,199.99234547043878,5560900
2024-07-05,196.53245544433594,199.00842649532183,196.27335292204722,198.64375880499992,8093100
2024-07-08,196.8971405029297,198.5573794017683,195.74552979069207,196.77237767256634,8707000
2024-07-09,199.25794982910156,201.30205403205485,197.1658441534367,197.33859380980596,9058900
2024-07-10,199.4210968017578,199.58424030901233,197.29061041180532,197.8280277635907,8328500
2024-07-11,199.08522033691406,199.70901989248074,197.0986942703721,197.89522885627903,10658100
2024-07-12,196.67640686035156,199.08519330986306,193.9509249213505,195.77430721941593,15443400
2024-07-15,201.58038330078125,203.07747876015205,198.38465354242032,198.83570341075963,10719700
2024-07-16,205.0064239501953,205.12159527581198,199.68981390311083,201.5323940342005,11557000
2024-07-17,208.1253662109375,208.78754638356358,204.67053414664076,205.17916232258048,11572500
2024-07-18,201.51318359375,207.90464262796732,200.80303124118646,206.93537311360464,12415100
2024-07-19,201.3212432861328,203.78762269683403,200.49591964655664,202.68398424570762,8095900
2024-07-22,201.80108642578125,203.61487723988253,201.25407758649305,201.97383607849395,7663200
2024-07-23,201.8490753173828,202.95269915898984,200.9085949784075,202.5112554797567,5557300
2024-07-24,200.1792449951172,203.4805398970385,199.6802229423339,201.10054238495405,7119000
2024-07-25,200.25601196289062,201.71472666285024,199.66101627259542,200.23681430218042,6403800
2024-07-26,203.6820831298828,204.56498521561846,200.20803848586095,200.8030488593653,8027800
2024-07-29,202.34811401367188,204.99682004630137,202.0602076823259,204.0755227146991,6533600
2024-07-30,206.51312255859375,207.08892060425245,204.37304460068856,204.63214713164874,8850700
2024-07-31,204.21951293945312,207.6647539782896,204.0947500942136,206.11967157338827,9071600
2024-08-01,199.5746612548828,205.20796693510616,198.05836812142135,204.6033650548551,10918600
2024-08-02,191.11029052734375,196.4173090899953,188.951014866982,195.65916985684163,18041700
2024-08-05,187.04124450683594,188.26003972022244,183.2025323392783,186.2255269573448,13927000
2024-08-06,192.26190185546875,194.4307836748442,186.17754637997143,187.5210898263343,10605800
2024-08-07,192.31947326660156,197.4537566355557,192.12754058739833,195.30407255531497,9204400
2024-08-08,195.83189392089844,196.64762609323657,193.65342072084405,194.30600938741946,7761200
2024-08-09,197.5017547607422,198.14473732678184,194.71867950080318,195.26570304351597,5540200
2024-08-12,197.8760223388672,198.78771357086882,195.44803800867777,198.08715268440758,6936000
2024-08-13,199.55543518066406,199.69938101569318,197.1178449883329,199.3538963680999,6387800
2024-08-14,201.76272583007812,202.26174789086065,198.76852024775556,199.36353061795853,6999800
2024-08-15,203.01991271972656,205.26555604485006,202.58806048697608,204.41144308904532,7001000
2024-08-16,205.3423309326172,205.45748762244867,203.05829229411836,203.15426596466205,7931200
2024-08-19,206.7626495361328,206.83942554351694,205.19838414670022,205.37111918066995,6090800
2024-08-20,205.8701171875,207.29043644816198,205.06397658334606,206.33075850164272,5640000
2024-08-21,205.94691467285156,206.33078003410972,204.25787193885594,205.78375651861572,5202300
2024-08-22,207.89505004882812,208.05819355178016,205.6973792260983,205.92770721801395,5247100
2024-08-23,209.50730895996094,210.3518303146011,207.770294063869,208.82594575716917,7214000
2024-08-26,210.33265686035156,210.82208744164993,209.25782202603688,210.17910484301336,5105200
2024-08-27,211.30189514160156,211.53222313341251,210.3518232928703,210.65891263842738,5185200
2024-08-28,212.36715698242188,213.25007370690733,210.35184179007584,210.40942013221067,6506400
2024-08-29,213.25006103515625,213.98900257334432,210.1119097835547,213.19246805291826,6416100
2024-08-30,215.73562622070312,216.38820025870874,212.981340289583,213.5283638010213,8574100
2024-09-03,211.4170684814453,215.06384784728323,210.39981213405102,213.336424500989,8956100
2024-09-04,210.48619079589844,213.1157139537024,208.45167799328414,212.12723207920712,7389500
2024-09-05,208.854736328125,211.8969139547451,207.31924560820755,211.27311444323652,8067900
2024-09-06,203.89321899414062,209.91999639189612,202.57845001745773,208.82596392525963,7777000
2024-09-09,208.06777954101562,209.3537445138377,205.54382177933104,206.513105906515,8935100
2024-09-10,197.27142333984375,209.82401435534237,192.52101978319223,209.78563367537953,28406900
2024-09-11,198.87408447265625,199.32513434186177,193.69182869664772,196.97392597392317,13658700
2024-09-12,198.26947021484375,200.36156111576474,196.62841447812514,199.27712034695296,9054400
2024-09-13,196.0814208984375,199.46908315177689,194.83383653849526,198.51899663631963,10226700
2024-09-16,199.4786834716797,199.81457665233654,197.30021016072058,197.5305381683303,8634900
2024-09-17,200.8126220703125,201.4651960832742,199.28673756042474,199.35390740598294,7573300
2024-09-18,199.1619873046875,202.81835838288768,198.36545275492742,200.58230673818105,8259900
2024-09-19,201.99302673339844,203.3653739246752,198.9796383186764,201.32125504416572,11635200
2024-09-20,202.5784454345703,202.8951409629487,201.05256077890448,201.46521533060852,20885000
2024-09-23,202.91433715820312,203.25982185543435,201.52280686007273,202.49207645675105,7223500
2024-09-24,203.0582733154297,204.3634360377964,201.88746493315114,202.63601263414566,7323200
2024-09-25,201.71475219726562,203.68209532865095,200.19845896675733,203.14466326540543,8976500
2024-09-26,201.3212432861328,203.16382323049552,200.58228714937277,202.61681440246963,7807500
2024-09-27,202.01222229003906,203.87399998332447,200.88940076897532,202.15616813497374,7032500
2024-09-30,202.3577117919922,202.45368545325593,196.98350891876606,197.99117378793656,8663800
2024-10-01,198.69174194335938,200.6590849232253,197.87602436679808,200.47674374625123,8540100
2024-10-02,198.93165588378906,200.52472495596922,197.39617979497947,198.73013169432915,5810900
2024-10-03,196.9547119140625,198.16391556637382,196.10059907948147,197.85681157736644,7251300
2024-10-04,203.9453582763672,204.37985684800876,199.78380164736595,202.09148689963916,10211700
2024-10-07,203.66534423828125,205.98269458084312,202.46806055788844,203.76190602752735,6718900
2024-10-08,203.49156188964844,204.0515878849043,201.20319174460775,203.32741862551052,6021800
2024-10-09,206.069580078125,206.8613454534999,202.1687285781039,202.47769976692018,7024000
2024-10-10,205.50958251953125,207.41173500682478,204.1867713494914,207.41173500682478,7927100
2024-10-11,214.63409423828125,216.89351339672228,207.74966888805528,208.24209865254014,18320700
2024-10-14,213.8520050048828,215.99554718168815,211.34156042358927,215.51276767760157,9048900
2024-10-15,214.73065185546875,217.68525985149523,214.18029092153253,215.95691583331498,9235800
2024-10-16,215.9376220703125,215.97623794909032,213.42716268516796,214.67274209136121,6382500
2024-10-17,216.69073486328125,218.0714918044211,215.61896385393163,216.54590691604216,6470200
2024-10-18,217.6080322265625,218.1390926356883,215.416223853029,217.25078010281487,7000500
2024-10-21,215.31964111328125,217.92664727427885,215.22307932710135,217.46318311378727,5870000
2024-10-22,216.4010772705078,217.52112924082374,213.48509971320877,215.33897121583806,9586800
2024-10-23,215.71551513671875,217.05764140440024,214.8658185989315,215.9569048592029,6180500
2024-10-24,217.23146057128906,217.3087070595921,214.02581233964898,214.18995560232,6002200
2024-10-25,214.65341186523438,217.84940969268465,213.2726696126605,217.25076784703845,6369700
2024-10-28,217.73353576660156,217.86871342564066,215.27135758179068,215.6575899885166,6843000
2024-10-29,215.2230987548828,218.94050685947278,215.13620197943288,217.45355245759362,6580000
2024-10-30,216.6810760498047,218.5156320645097,213.94854259777935,214.8754708901479,7110900
2024-10-31,214.27685546875,217.91701709128074,214.18030840692387,216.96110835965536,7829900
2024-11-01,215.26171875,218.36115478761525,215.0299792936343,215.86036059570225,6923500
2024-11-04,212.2105255126953,216.05344565816085,211.6215340175422,214.98167473200544,8229600
2024-11-05,213.86166381835938,214.3154777176928,212.42297563395553,212.45194122469928,5600700
2024-11-06,238.55101013183594,239.4586379717928,226.68429620853013,226.90637065875526,23987800
2024-11-07,228.2388458251953,236.1467765550335,227.11879382619438,236.07918035167899,16451100
2024-11-08,228.81817626953125,231.09689618425554,227.65950837276299,231.09689618425554,9502100
2024-11-11,231.04861450195312,233.76184776036473,230.76860886504485,231.734167897953,9017100
2024-11-12,231.30931091308594,233.14388184693877,230.53686076900374,232.26521962387952,6861000
2024-11-13,232.8542022705078,235.68328295062503,232.03347126141182,232.29417630585863,11472600
2024-11-14,233.5397491455078,235.87640014281013,232.7479984317867,234.07080953881766,10172200
2024-11-15,236.86126708984375,237.93303812916133,233.1438739185833,233.1438739185833,11518800
2024-11-18,236.5908966064453,239.3910115292734,234.3218272931725,239.2268682839051,9051400
2024-11-19,234.71771240234375,236.70676140391376,233.2307581603698,233.90664645217612,6792700
2024-11-20,232.4873046875,236.1853975821107,230.42100892931995,235.98262370088807,9015300
2024-11-21,236.3302001953125,237.0350688275059,233.77147490470944,234.85289619986844,8783500
2024-11-22,239.98968505859375,240.5690116009233,234.65979541625032,235.219821387118,7997300
2024-11-25,241.6697540283203,245.55130530795057,240.4821205914916,240.99386567944467,10295400
2024-11-26,241.36077880859375,242.35530337685785,239.78691296046713,241.86287360225722,6212100
2024-11-27,241.1869659423828,242.53875732525523,240.20210641192003,240.76213237626226,5472300
2024-11-29,241.119384765625,243.09878358106323,240.8586797210085,241.25456243074825,5494800
2024-12-02,237.76889038085938,241.63112616369568,236.5909072884335,240.95523784835137,8899700
2024-12-03,236.38816833496094,240.46281387900356,236.20470976229734,239.68071342355267,6657700
2024-12-04,235.01705932617188,236.89991119978995,233.88735704195787,236.2722889974968,7346300
2024-12-05,237.02542114257812,238.66686850941545,236.19503980642355,236.93852436784667,6572500
2024-12-06,238.84066772460938,239.20758484833834,236.4074549916763,237.23783629630563,5519700
2024-12-09,235.41293334960938,239.3331004642951,235.36465245379455,238.61859624597477,7076500
2024-12-10,234.4956512451172,239.42000786865495,233.87769409575165,235.49017580217017,9108300
2024-12-11,235.14256286621094,235.85708177176627,233.8390524294808,235.59637673776825,7884400
2024-12-12,233.21145629882812,235.692949917877,232.73832710066324,234.63082916006218,6113800
2024-12-13,231.67623901367188,234.36049197314819,230.90378883302319,233.73288448883088,10392700
2024-12-16,231.32862854003906,232.3810843211176,229.33957934401576,232.3231531380507,9032000
2024-12-17,230.15065002441406,230.78792251755053,228.4802370347638,230.43065565931622,8083600
2024-12-18,222.43580627441406,230.8361807627836,221.62474030815744,230.7685845656322,11322400
2024-12-19,224.93663024902344,228.21952494296886,224.27039218428922,224.27039218428922,11790800
2024-12-20,229.4168243408203,230.97137492047273,223.61380532033132,223.93244155838863,32348400
2024-12-23,230.1796112060547,230.4016856524641,226.79050439374112,227.93952196997523,8611500
2024-12-24,233.964599609375,234.13840789117347,230.8361978696138,231.18378496668848,3729100
2024-12-26,234.76602172851562,234.88188409735528,232.49695211699543,233.11490930624282,4451800
2024-12-27,232.86387634277344,235.0074186310496,231.7727898921543,234.36049582992294,5730200
2024-12-30,231.0775604248047,232.5451993283752,228.94366879713553,230.54650008911693,5723800
2024-12-31,231.4541473388672,233.12456023279114,230.79755957752477,231.78243385290807,4871000
2025-01-02,231.73414611816406,234.90117826978482,231.20308575332456,232.62245857695913,9220900
2025-01-03,234.90118408203125,236.4460843210158,231.9851918792467,235.4901756406523,9491100
2025-01-06,233.7559356689453,238.4533732605044,233.49388418568068,236.52198200348707,9917800
2025-01-07,236.00759887695312,238.03603585964578,233.8044559653357,235.00793797890452,8753400
2025-01-08,235.9687957763672,237.05580229045634,233.41625568415455,235.59998364793563,8675300
2025-01-10,232.8048095703125,236.628762281155,231.70810291840846,235.92996814062778,10256800
2025-01-13,237.0169677734375,237.33723481661394,231.96041824863897,232.61068207915937,10005300
2025-01-14,240.18093872070312,240.4235751387901,235.05645875545392,235.5126164062056,12407400
2025-01-15,244.91722106933594,246.19833373301464,236.50257655181815,243.0246450469622,18448500
2025-01-16,246.7806854248047,249.46910144518222,244.89782419787434,246.51863391142942,15292300
2025-01-17,251.52664184570312,252.94363035716344,244.71340648745428,246.65449800073918,17678100
2025-01-21,255.28265380859375,256.46672083789156,251.85662841034198,252.4098466101375,13712100
2025-01-22,255.09820556640625,255.62230849107306,252.58449598101234,255.15643593373574,9021900
2025-01-23,258.1166687011719,258.999839319307,256.03968646138014,256.89377150881944,10749700
2025-01-24,257.0393371582031,259.2327800677332,255.26325143834285,255.92321545084891,7666300
2025-01-27,258.0196228027344,258.13608356694,254.53536671960657,256.38911286643724,7522300
2025-01-28,259.2716064453125,259.4559828890109,257.02961850864546,258.0195941318063,7375400
2025-01-29,258.7280578613281,262.7073011271936,257.78662735417487,259.3395063870375,7684900
2025-01-30,260.3294982910156,261.75620173432395,258.76690422515134,260.7177106689235,8753500
2025-01-31,259.4268798828125,262.8432200467561,259.0968978658329,261.3000557826277,7193800
2025-02-03,258.9513244628906,260.2712821624786,253.99184960482245,254.11799568005065,8381400
2025-02-04,260.0480041503906,261.8920349639185,258.97068307584,261.8920349639185,5626000
2025-02-05,262.4646911621094,262.66852710369653,260.4265390771867,260.98947222246505,5704400
2025-02-06,268.7441101074219,268.8217703532776,263.20230221236784,264.4251993255983,7264400
2025-02-07,267.6764831542969,270.3454837389774,266.61859193134063,269.10318646976515,6857900
2025-02-10,263.05670166015625,268.04529090684423,261.6493986180838,268.01617572204907,8627400
2025-02-11,266.8903503417969,268.0841322055861,261.7173548361182,262.29968817500816,7196400
2025-02-12,267.33685302734375,268.3073988294126,265.2016404153094,266.0071803987953,6683900
2025-02-13,268.18121337890625,268.81206220355733,265.74513402635904,267.38535874167565,8398700
2025-02-14,268.4432373046875,271.0054922240324,268.30737630553097,269.20026178200214,5688600
2025-02-18,271.7043151855469,271.7237154392855,267.8900475882826,268.6082716385242,7919800
2025-02-19,271.02490234375,271.9954480996811,269.0546956439582,270.18053227508295,7007200
2025-02-20,258.94158935546875,270.52990776080935,257.9128132494212,270.47167738640707,13846700
2025-02-21,256.45703125,261.2709600914064,255.09827295553427,260.41687498668233,12835600
2025-02-24,253.64242553710938,259.13571809669986,250.9928249477685,257.6701845201146,10372800
2025-02-25,249.81845092773438,255.25351263379156,245.88775278979048,254.50620312645628,9608400
2025-02-26,251.1675567626953,253.22510912697214,249.36232616658907,249.58556236411243,5943600
2025-02-27,251.4198455810547,255.87467629942992,250.2648938568394,252.51656693419218,8204400
2025-02-28,256.85491943359375,257.0102103033765,250.29405049282587,253.0503967893836,10467100
2025-03-03,252.94363403320312,258.47575677394605,250.22611772259287,256.2240834773225,9058300
2025-03-04,242.8790740966797,249.6534940988536,238.70572440707394,247.76091803763094,13465600
2025-03-05,244.12135314941406,245.5965867262712,240.53033710346665,243.84960154438141,7861400
2025-03-06,239.27833557128906,242.015281613365,236.66758002130527,240.80209946195242,9983200
2025-03-07,235.14381408691406,239.4530394207747,232.36805275623323,238.00692097749285,20498700
2025-03-10,225.38014221191406,230.5143228718976,221.96381691976234,229.25262520540508,18887200
2025-03-11,222.39085388183594,226.44774284176466,220.01301974210133,224.9239788967364,18143000
2025-03-12,221.1873779296875,227.41829488617915,220.56622922120076,227.1077131272591,16054000
2025-03-13,218.55718994140625,222.7402395654928,217.62545954737027,222.5461333861297,16467900
2025-03-14,225.59365844726562,226.27303751626079,220.87680546916633,221.40089366257604,11962100
2025-03-17,227.0397491455078,228.72850399973166,223.67196918142557,224.37074846283141,9586000
2025-03-18,228.04913330078125,229.2137852248078,226.6418449421928,227.4182844946614,10344900
2025-03-19,232.06719970703125,235.19235827185224,227.9714953720013,228.79646520042016,10120600
2025-03-20,231.97012329101562,234.63912397597252,229.2428922333378,229.59228927901535,8328500
2025-03-21,234.51296997070312,235.16323383404452,229.53406562636874,230.8054781658387,19326900
2025-03-24,240.7535858154297,241.36503440089746,237.21109961277028,238.24957590512537,9422700
2025-03-25,243.733154296875,244.4028332211237,240.32652930123646,241.96675395701018,9287700
2025-03-26,243.63609313964844,247.16887900045046,242.42291097853027,245.1598570425021,12779300
2025-03-27,240.81179809570312,243.25757744441526,239.89948275399726,242.1802711082619,8022500
2025-03-28,235.69703674316406,242.16086005777964,234.00828183952703,239.6665652294854,11978400
2025-03-31,238.0748748779297,238.61837812715723,230.36873927152533,232.35836101622476,13603000
2025-04-01,236.48316955566406,238.45337614807622,233.78505368597595,235.47379373127083,8054700
2025-04-02,238.57955932617188,239.9674326166383,234.34797933558323,234.4838551459041,7758800
2025-04-03,221.95411682128906,228.2141341410838,220.60505877931982,227.36976405138714,17188500
2025-04-04,205.34344482421875,212.58925038559218,204.02513159690807,210.25535885692955,27170700
2025-04-07,209.40577697753906,216.83712407913987,197.41406528016333,200.9393169780438,22914400
2025-04-08,211.77871704101562,222.4911845873146,208.24370556467724,218.27260941397304,19485700
2025-04-09,228.83859252929688,231.9048767833682,206.04652973562588,207.5113154920403,24022400
2025-04-10,221.77833557128906,224.9422782580252,214.9329086419956,224.60048894505405,18896400
2025-04-11,230.65492248535156,232.97905393688654,219.71785872027854,220.9971025358475,20284500
2025-04-14,229.20965576171875,234.1508635519738,228.14524845049638,231.53378705459363,13017800
2025-04-15,227.65699768066406,233.04739831448416,227.35427768752865,230.55727455130136,10912900
2025-04-16,224.21963500976562,228.09643576900157,222.5790672431111,226.55352634462056,9322300
2025-04-17,226.5144805908203,228.83859723978307,225.13757837531108,225.38170933973876,9557900
2025-04-21,223.6141815185547,226.36797077779246,221.02638461013967,225.2156798914525,8716200
2025-04-22,230.05923461914062,230.44985307295167,225.93830305999933,226.53398316406202,10701400
2025-04-23,235.22508239746094,240.99632733668028,234.36573659509583,234.5805730456871,14126800
2025-04-24,238.89678955078125,239.7073061190241,232.00253368423319,234.1118287364866,9055200
2025-04-25,237.8323974609375,239.85379417404548,236.07465147090528,238.9065648044329,8588600
2025-04-28,237.51014709472656,241.04515888837096,235.18601541572858,238.81868556081264,7394300
2025-04-29,238.87725830078125,239.49247309158469,236.01605058594708,236.50431250866183,7216800
2025-04-30,238.87725830078125,239.4631785682675,232.83257331348125,235.5473233123009,12991700
2025-05-01,241.09397888183594,242.61735374261244,236.4847850001896,237.13905420831426,8689600
2025-05-02,246.58204650878906,247.66598864209374,243.60366051149063,245.36139162446273,7165000
2025-05-05,246.630859375,249.16982732673011,244.7071062124704,245.28325170363556,5450700
2025-05-06,243.3985595703125,246.71873456309945,243.1544286178849,244.13095242759528,6369900
2025-05-07,243.5352783203125,246.5234388677099,242.98842735746476,243.98448584012095,8724100
2025-05-08,247.51950073242188,249.87292678022158,245.64457673393773,245.66411138304096,8320100
2025-05-09,247.13865661621094,249.51160240858812,246.41602360630893,248.52531868880288,5087600
2025-05-12,253.9449920654297,257.41166929681515,252.62670882931454,256.72809074382644,9603900
2025-05-13,256.8355407714844,257.4800500721763,254.27705311794927,254.90201286940857,8589000
2025-05-14,259.40380859375,260.38033243913924,256.13244775146745,256.82577133737385,8643100
2025-05-15,261.2103271484375,263.1926691597646,258.54443639594166,260.70254552918584,9214600
2025-05-16,261.2786865234375,262.1575519192299,258.49558793581224,261.22009748379395,8932900
2025-05-19,258.66162109375,262.02086524830315,255.78086405036862,259.31587533133506,12145000
2025-05-20,259.4428405761719,260.3998446453458,256.14218530617444,256.3570217379832,8436300
2025-05-21,254.9117889404297,259.4135494924094,254.60906893720573,258.144080433802,7464000
2025-05-22,254.55047607421875,256.1421848603704,252.792715325804,253.3493410528591,6514100
2025-05-23,254.5895233154297,255.8394726451303,249.9901043492613,250.78108627971244,6671800
2025-05-27,259.06201171875,259.0717566921421,255.83946524243134,255.8883093139594,7506600
2025-05-28,257.3042297363281,260.45841213292607,256.728084308059,259.989670011101,5535400
2025-05-29,258.16363525390625,259.17922851944735,256.3668347386543,258.58353340559717,5081200
2025-05-30,257.80230712890625,259.10107079095377,256.56213251620557,257.265230909512,10977700
2025-06-02,258.4468078613281,258.8081169206428,255.75159247660167,256.84529442949264,6011200
2025-06-03,260.0190124511719,260.32173248111746,256.7086118716836,257.5386631607241,6998400
2025-06-04,258.0171203613281,260.8490334291481,257.9780510648975,259.67722274650265,5915700
2025-06-05,255.8004608154297,258.5249411811546,254.19894723167462,258.5249411811546,8173800
2025-06-06,259.49169921875,260.39008449229345,258.056207934954,258.12454195712064,7738100
2025-06-09,260.4779357910156,261.61070691825,257.1675357719009,259.75531775168025,8285000
2025-06-10,262.2943420410156,262.5872873090316,259.60890114666654,259.63819567346815,7538100
2025-06-11,261.8548583984375,263.2903496169879,259.5502764699578,262.37241483499554,7434100
2025-06-12,261.9427490234375,261.9915930968164,258.91554891738133,260.5951413369258,6618000
2025-06-13,258.7300109863281,260.75139274608847,256.5425772552077,258.85693405632503,7098300
2025-06-16,264.012939453125,265.3508019866292,260.58536145007355,260.73183404829985,8566000
2025-06-17,263.19268798828125,264.2375756229939,261.51306583381086,261.87440467845437,6739300
2025-06-18,267.5284729003906,271.20021221292876,263.3880211997966,263.66144669321045,9586400
2025-06-20,268.5440368652344,270.79002961674195,267.3819711943445,269.1006625666469,13969700
2025-06-23,271.7373046875,272.0107301972778,265.72191367124316,268.60267120020006,8094600
2025-06-24,274.6571044921875,276.0730461780452,272.94818777394573,273.6317365805569,9267900
2025-06-25,277.391357421875,277.60619385702887,274.3153133103271,274.8914587952529,6826900
2025-06-26,281.97125244140625,282.61576173740934,277.79173169250225,278.0163428990485,8942100
2025-06-27,280.3697509765625,281.9224501380631,278.34836923641,279.10028187976,17868600
2025-06-30,283.1040344238281,285.77970025058426,282.13728534359143,283.5825215764878,12689200
2025-07-01,283.5922546386719,284.29535290301186,279.86192690839204,284.06099674861144,9338300
2025-07-02,285.1449890136719,285.945745792629,282.8989958836799,285.1840583153917,8158700
2025-07-03,290.443603515625,290.8360888827844,285.74351114178125,286.66586822419856,6541600
2025-07-07,286.4892578125,290.4828645965253,284.6347217587213,289.7076857742013,8825700
2025-07-08,277.47174072265625,284.26185381377417,275.04810559551106,283.83990288185674,15440900
2025-07-09,277.8446350097656,281.8088060970764,277.1774068900867,281.7891623646238,11273800
2025-07-10,282.7801818847656,282.89792448782646,277.68760468940775,277.68760468940775,8410900
2025-07-11,281.4751281738281,281.9853860406829,278.3253938002881,280.16028588065166,7384700
2025-07-14,283.2806396484375,283.8693527089549,279.90521169280953,281.6812326297011,9079900
2025-07-15,281.17095947265625,286.4696162877272,280.12106794184945,282.5937524960941,12526100
2025-07-16,280.4547119140625,285.2725470105113,277.6974624718264,282.9862680414337,9979800
2025-07-17,284.4580993652344,284.85058472552134,278.11937245969557,278.11937245969557,8509500
2025-07-18,285.8023681640625,287.009289803847,282.819455566978,284.08521856694546,12217000
2025-07-21,285.50799560546875,288.65773001934355,285.125302200427,285.5374312562634,7898100
2025-07-22,285.95941162109375,288.1181262767324,283.75164751884756,286.028104802118,6717500
2025-07-23,291.1893310546875,291.41499440772435,287.0583381931105,287.34290279554006,7083500
2025-07-24,290.9832458496094,293.96618832212596,290.6398398939318,291.8369396401929,7001200
2025-07-25,293.014404296875,293.2891470363467,290.4043332995373,291.1304626389869,5918500
2025-07-28,292.6807861328125,293.8091927274499,291.2482011503524,292.0724293571669,5840400
2025-07-29,291.464111328125,295.6343323000827,290.6398830117393,294.36853919701497,7635700
2025-07-30,294.0054931640625,294.9670779062804,291.7977290922438,291.836986615819,8061700
2025-07-31,290.6790771484375,295.33011989507037,289.9529777509294,293.5246633224064,14749700
2025-08-01,283.93804931640625,286.32242707449086,278.9043429750852,284.9487133421405,12007100
2025-08-04,288.7362976074219,288.7951689197271,284.811383748588,284.811383748588,6649500
2025-08-05,285.9005126953125,290.2375553774225,281.84803463230764,289.15819815384634,7182300
2025-08-06,285.8808898925781,287.784475314663,284.71322574362773,286.8130388717205,6330200
2025-08-07,281.5536804199219,287.95127882891904,281.03363056399576,287.44105083933385,8057100
2025-08-08,283.3395080566406,285.7631432800269,279.365515270513,283.55537949152693,6634100
2025-08-11,284.1244812011719,285.8514526951056,283.3591242790355,283.9674810703858,5510100
2025-08-12,287.3527526855469,289.2170807199043,284.88985973561466,286.02808831162713,8570900
2025-08-13,285.0762939453125,289.0208214451698,281.7695589346143,288.43210834423235,8420400
2025-08-14,288.63812255859375,288.6773800754172,284.20298138831316,285.1253084483277,6322400
2025-08-15,285.03704833984375,289.9530125511936,284.37964203474183,289.30539816837313,7340500
2025-08-18,286.0574951171875,286.4205448097455,282.9960675051489,284.5562169634104,5386900
2025-08-19,285.203857421875,286.9897003409671,284.0950645111781,285.3706494849781,6031500
2025-08-20,286.754150390625,287.8236856501562,281.8774445149503,285.35100110061984,7374200
2025-08-21,285.9986267089844,287.2742115786807,284.0361700203976,286.45980522859077,6624000
2025-08-22,290.6790771484375,291.5818204071259,284.6837862966605,287.6961645212777,8552800
2025-08-25,289.3642578125,291.76827944217837,288.61854456863614,290.67910031440016,5856300
2025-08-26,292.96533203125,293.13212406826625,287.9904975110241,288.63811176318757,6714700
2025-08-27,293.6620178222656,295.41842494390727,291.46407591230917,291.6701254801894,6056500
2025-08-28,295.4184265136719,295.5852185641284,293.0929201153854,294.38811877937053,6410500
2025-08-29,295.7618713378906,297.2631495608047,294.10359298088383,296.37022814205386,6796400
2025-09-02,294.07415771484375,294.8198709218748,288.9717581566039,294.62364321253557,7221900
2025-09-03,293.8877258300781,294.9278255320024,290.8164761661132,294.9278255320024,6316900
2025-09-04,298.1168212890625,298.7153562428407,292.68080753910596,294.36852159403367,6605800
2025-09-05,288.85400390625,299.4218223620716,288.78531073562726,297.9499798501053,9837700
2025-09-08,287.4115905761719,290.89493913151904,285.9691837491296,289.3544334283243,8188500
2025-09-09,292.2589111328125,293.3873179050423,286.82289692490065,287.1074615709347,7848200
2025-09-10,294.89837646484375,295.8796048140829,289.8548483762926,291.13046319713106,7787300
2025-09-11,299.8241271972656,299.9909491896388,295.1436788264331,295.5852136096933,7942500
2025-09-12,301.1488037109375,301.7767742987404,297.9990690164523,299.27465392414524,6846700
2025-09-15,303.1014099121094,304.1317175736464,301.4039041511534,301.4039041511534,7122000
2025-09-16,303.3860168457031,305.06390905534744,301.3646887009418,304.18080946841434,10525600
2025-09-17,305.8979187011719,307.03614710830897,302.9738476236277,304.56346260331446,8657800
2025-09-18,307.3502197265625,307.5562693309913,303.79814733491173,305.93724826390047,8050700
2025-09-19,308.8710632324219,309.8719053836384,303.31730709863126,307.7132209495945,23568600
2025-09-22,306.5749816894531,307.8113389670314,303.74903930910966,303.9845245259009,7520200
2025-09-23,306.86932373046875,310.37231588850653,304.7498670452201,305.96661047888983,8584400
2025-09-24,307.53662109375,310.63727651453155,305.81947137817144,308.15476983779797,7310500
2025-09-25,307.5660400390625,309.72472445454315,305.94698929656073,308.2234462682717,7083200
2025-09-26,310.12701416015625,311.8441636854759,307.8113297451866,308.988785738579,7258100
2025-09-29,309.76397705078125,312.0404339863167,307.7720847183659,311.10825508542985,6462400
2025-09-30,309.50885009765625,311.45169300349573,304.28870810842403,310.31346452838187,11823300
2025-10-01,304.8774719238281,308.68464295873514,301.6394301376976,308.07628613361976,9235200
2025-10-02,301.7767639160156,304.7302708010082,300.3932583082978,304.1807853263183,7600000
2025-10-03,304.210205078125,305.80961197949307,302.4243624063698,302.7187488597389,6029900
2025-10-06,304.8511047363281,307.38512889871987,300.8578215934895,305.8371035459471,7214500
2025-10-07,303.38201904296875,305.66954382645594,300.4338918141804,305.0187809092415,8454200
2025-10-08,299.773193359375,304.4566873375159,299.2999031353941,303.8946608384686,6489900
2025-10-09,301.2522277832031,303.7270945284432,299.1422058887319,300.77893750215213,7060300
2025-10-10,296.67718505859375,306.1230400580682,296.59828830624,301.38038837024254,8597400
2025-10-13,303.6580810546875,305.1272097801061,301.17337467050265,301.3212684867699,10788700
2025-10-14,297.85052490234375,302.70165257420854,290.0907186231138,301.5578902761218,16178800
2025-10-15,301.4100036621094,307.7499693151439,301.1635039391426,302.1002149225357,11354800
2025-10-16,294.3600769042969,304.35808863852304,292.9106575300408,301.0747260223031,10549400
2025-10-17,293.3938293457031,295.3559575215809,290.08088749555986,294.97143359875633,10153500
2025-10-20,298.1265869140625,299.43798218705626,293.9854099500461,294.32064593592156,6894900
2025-10-21,292.93035888671875,299.7929016175946,292.841622611914,297.43638030144115,7372700
2025-10-22,289.99212646484375,293.88683421544886,286.47213320670807,293.60088610479784,8054100
2025-10-23,290.4161376953125,292.22050252499105,288.41456104050746,290.25837425327126,5438800
2025-10-24,296.2334899902344,298.36325106738366,291.31336547241364,291.93451945757295,7228300
2025-10-27,299.89154052734375,300.2662249001909,296.7955198233114,297.92941246883,5642200
2025-10-28,301.0846252441406,303.65809815329317,298.9154456060477,300.59162576862406,6336000
2025-10-29,301.2325439453125,303.9341713954877,298.7675466103937,299.26054607737746,7520300
2025-10-30,305.10748291015625,308.2330823767899,300.82825156305904,301.50859316866377,7514600
2025-10-31,306.7639465332031,308.4894444595929,302.9481359332913,304.22008283002725,7721300
2025-11-03,305.0187683105469,307.9471862719047,301.9227172950412,306.6456604912348,7770000
2025-11-04,304.920166015625,307.84858401169095,300.82827651560933,302.415720333495,7085200
2025-11-05,307.3161315917969,308.7162632770978,301.35085025066564,305.27510663609064,6865200
2025-11-06,309.03179931640625,310.4319009529449,305.9160390722913,306.63579903674446,7206100
2025-11-07,309.8106994628906,310.0276204199649,303.3327096940284,307.5232049313688,7302300
2025-11-10,312.4532165527344,315.0858168552232,309.810716541713,310.58966412464275,5794100
2025-11-11,311.2009582519531,314.58292715130625,310.86572224729366,313.05464094031504,5030200
2025-11-12,315.92388916015625,317.7381233989844,311.782682032414,311.83200002815875,10578300
2025-11-13,305.1469421386719,316.14082355780937,304.7722577523736,314.7604311532612,8973300
2025-11-14,299.3591003417969,303.3327046462357,297.0124483237873,303.20451997960254,10327000
2025-11-17,296.1644592285156,301.31137424610444,293.5022804823602,299.74363974118836,8344000
2025-11-18,295.2179260253906,298.70837045931603,292.8613742767781,295.3066623130797,8077300
2025-11-19,299.02386474609375,300.1873662746028,295.0798692888629,295.5432899586994,5546600
2025-11-20,294.2023620605469,305.58079800315744,293.98544109490615,302.05090502503106,7501600
2025-11-21,293.84735107421875,297.456110287291,288.71030575970536,297.0715864028587,11766800
2025-11-24,293.8276672363281,295.6221924256846,290.386540762355,294.0642973394352,10940200
2025-11-25,298.75762939453125,300.2366275598507,291.4217960873232,295.84892096661844,8877200
2025-11-26,303.33270263671875,304.21022597199055,298.95486530692773,300.7296512123902,7910900
2025-11-28,308.696533203125,309.3275869646093,303.9243019705234,304.77227670123045,4322400
2025-12-01,304.5948181152344,309.6431280779537,304.22013368841834,308.56839280068186,7727300
2025-12-02,303.5693359375,306.1329390093465,302.7903884074122,304.4172805196406,7249000
2025-12-03,307.75982666015625,307.98658713845214,302.50443592551073,302.89885953876745,8535300
2025-12-04,311.67425537109375,314.0307770729326,308.61765279183703,308.8740221323167,9627800
2025-12-05,310.6291198730469,314.02095869272745,310.27414460153136,311.2207252653726,6518900
2025-12-08,310.79669189453125,312.0390600856641,308.96274846028484,310.64879808375287,7417200
2025-12-09,296.30255126953125,314.336450228146,295.8193913272319,310.5403783790639,18049200
2025-12-10,305.76806640625,306.8329619363725,294.2811866679717,296.292632599085,18874100
2025-12-11,312.9363098144531,313.5476242674454,304.9102649889192,304.9102649889192,9721900
2025-12-12,314.0603332519531,315.7858311866128,312.16723236849225,315.2040954937631,8982900
2025-12-15,315.53936767578125,318.35934027084556,313.9322146909975,315.11539535630396,10864100
2025-12-16,311.1319274902344,315.0463441586525,309.9980348220149,314.6223718715413,8331300
2025-12-17,310.5699462890625,314.8984658400699,310.2544194174254,313.9716244610726,8718700
2025-12-18,308.6176452636719,313.2518519730792,307.84856735129125,311.57564186364317,11444900
2025-12-19,312.7686767578125,314.099781180705,308.8049723403709,309.39657764946713,24494400
2025-12-22,318.56634521484375,318.7043994886834,313.0644852104395,313.0644852104395,8354600
2025-12-23,321.3666076660156,323.1907116116738,318.56637445826755,319.07908304324746,6668300
2025-12-24,324.5612487792969,325.36974495293686,320.9426198260136,321.6722493328215,4289300
2025-12-26,323.31890869140625,326.22758744424,321.96809498869885,324.50208933838474,4158300
2025-12-29,319.2171325683594,323.1808371734579,319.0002116144308,322.4216288798564,8635300
2025-12-30,318.8917541503906,320.3904615362508,317.97475237184364,320.2622768741799,7904300
2025-12-31,317.70855712890625,320.3313177342217,317.5310845539587,319.79886991908165,5048500
