Date,Close,High,Low,Open,Volume
2020-01-02,45.141265869140625,45.50246052969843,44.952456224310225,45.41216108168819,11867700
2020-01-03,44.894996643066406,45.14126902082798,44.40245815050999,44.5912646770394,11354500
2020-01-06,44.878578186035156,45.075595461553746,44.75544512888398,44.862162950268356,14698300
2020-01-07,44.53379821777344,44.82111179239164,44.451709519734834,44.697978745333735,9973900
2020-01-08,44.615882873535156,44.85394446035464,44.451705492332714,44.550212547350746,10676000
2020-01-09,45.42858123779297,45.47783633814379,45.018131462652626,45.149475265438205,15398000
2020-01-10,45.58454513549805,45.912906165779454,45.51887480833148,45.54350078958359,13040100
2020-01-13,46.07709503173828,46.15918373844461,45.49425394078298,45.58455339705001,14302900
2020-01-14,45.970375061035156,46.20843668344294,45.83082363985471,46.16739233200653,16345300
2020-01-15,46.54499435424805,46.774845173052405,45.970364175754604,45.970364175754604,17735400
2020-01-16,46.64350509643555,46.75022289854295,46.471116968673215,46.6681310771208,10234100
2020-01-17,46.742008209228516,46.91439945393708,46.62708280041116,46.68454550481984,14264300
2020-01-21,46.93081283569336,46.996486284704936,46.438274494036136,46.668125302611855,11968900
2020-01-22,47.292022705078125,47.31664868904969,46.93903565456402,46.99649837148649,12869600
2020-01-23,47.47262191772461,47.48903715282504,46.98829106369784,47.10321649830025,12858900
2020-01-24,47.34949493408203,47.50546474970688,47.16889599805464,47.48904637993313,8594300
2020-01-27,47.185302734375,47.48903467159517,46.897989162880656,46.963659494300906,14359900
2020-01-28,46.799476623535156,47.4069435990201,46.76664302521176,47.16067438843866,15240200
2020-01-29,46.799476623535156,47.00470148760017,46.51216306643729,46.79126900682503,13163600
2020-01-30,48.31814193725586,48.4166489940517,47.41515066693153,47.554705201251615,20225600
2020-01-31,47.94053268432617,48.49874460220062,47.73530780662183,48.40844515497341,17685200
2020-02-03,48.08829879760742,48.40844913209165,48.03904369557778,48.227850222799674,12333600
2020-02-04,48.301727294921875,48.80247649707226,48.121128400642554,48.22784621376062,15417900
2020-02-05,48.309932708740234,48.49874234313865,48.05545587638953,48.350980187555614,11414900
2020-02-06,48.42486572265625,48.712179311912095,48.30172953784189,48.41665497354422,9347000
2020-02-07,48.58905029296875,48.69576812678097,48.30994428017936,48.33457339966447,8757800
2020-02-10,49.04874801635742,49.122629100971935,48.67113497565358,48.69576096003066,7984900
2020-02-11,48.91740417480469,49.08979232827311,48.695760921138174,49.02412199282559,7431200
2020-02-12,48.769630432128906,49.0651547002198,48.69574936510619,48.82709313631519,9179100
2020-02-13,48.9338264465332,49.12263298180139,48.60546534864206,48.745019911265025,8173200
2020-02-14,49.212921142578125,49.311428196737985,48.94202282928502,48.9502335771633,9965500
2020-02-18,48.86814880371094,49.196509873578115,48.80247846862745,49.09800280521126,10075700
2020-02-19,49.0651741027832,49.253980652841044,48.81890482581575,48.85173843298999,6265700
2020-02-20,49.02412414550781,49.13904958619989,48.523374898363734,48.991287410600535,7597200
2020-02-21,49.36069107055664,49.36069107055664,48.78606075632353,48.851731092287814,10842400
2020-02-24,48.1457633972168,49.08979607018206,48.08008992528,48.5233764664029,14415500
2020-02-25,47.46440124511719,48.59724325067629,47.30022074508966,48.18679356634876,15915100
2020-02-26,47.28380584716797,47.9979906049049,47.18529879252532,47.59574850693297,15837800
2020-02-27,45.09201431274414,47.52187632514566,45.05096995991992,46.91441238778698,23754000
2020-02-28,43.909915924072266,44.238273847360155,42.34199799393283,44.189021881182676,40890600
2020-03-02,45.904701232910156,45.93753796639462,44.08230636528785,44.27111288559865,25698600
2020-03-03,46.01962661743164,47.19351314070875,45.67484720265587,46.59425375625285,27099200
2020-03-04,48.367401123046875,48.43307459170696,46.306944581828624,46.306944581828624,20526100
2020-03-05,46.57784652709961,47.75173012063988,46.12634922402614,47.44799813342248,17948500
2020-03-06,45.362911224365234,45.896497225265584,44.31216072208167,45.100223598794344,22353900
2020-03-09,42.57184600830078,43.98379406537903,42.25990334026382,42.72781577657781,27898300
2020-03-10,44.04945755004883,44.164382954239805,42.00541685778141,43.688262975236846,27457400
2020-03-11,42.85916519165039,43.22036300148847,41.98080291469863,42.97409062878676,22653900
2020-03-12,38.713623046875,40.987515199302955,38.32779925237237,39.846465314223515,31913100
2020-03-13,40.1379508972168,41.040578739195155,38.59768658347884,40.9991712709546,33697200
2020-03-16,37.47975158691406,39.64937279196409,34.092827252086956,34.978895904787535,28682300
2020-03-17,39.069705963134766,39.334697355763126,37.570845831936495,37.993178035713726,32106700
2020-03-18,37.140235900878906,37.38866810806611,34.4406347678248,37.04914767171657,35408300
2020-03-19,34.63936996459961,36.98288763126418,33.98517123671411,36.734458654291885,41956900
2020-03-20,31.716182708740234,34.838115494962494,31.061983913020878,34.73874452565897,51513500
2020-03-23,31.1033878326416,32.20475744411412,30.035139767862734,32.0971037302588,44978500
2020-03-24,32.66849136352539,34.2832843128528,32.15507110091541,34.134226307749,49096200
2020-03-25,34.45719909667969,35.980901347716646,33.04943019752376,33.64566247456555,42511700
2020-03-26,36.6765022277832,37.48803879701042,35.1528000760442,35.47575815207938,37821700
2020-03-27,35.45090866088867,36.46118698883608,35.111388299400126,36.15479133552838,23297900
2020-03-30,37.26445770263672,37.72819431349053,35.64138430306921,35.64138430306921,23446000
2020-03-31,36.64337921142578,37.686782517678914,36.48604154525296,37.3224201101986,25373900
2020-04-01,34.87952423095703,36.14651767596987,34.61453283987057,35.177640335665934,21936400
2020-04-02,36.39493179321289,36.59367367559698,34.6642057026372,34.9623216851586,17621900
2020-04-03,36.29557418823242,36.71790321268542,35.86496240625199,36.08854947529643,14207100
2020-04-06,38.647377014160156,38.92893078740799,37.007741449580465,37.58741135437858,22850000
2020-04-07,38.514869689941406,40.2455961236943,38.49002773945392,40.16278751610543,21279600
2020-04-08,39.59968948364258,39.8232765676266,38.365823881109954,38.62253252057756,18937100
2020-04-09,40.57684326171875,41.18135503736059,40.038577750790864,40.11310677293555,19165300
2020-04-13,38.8626823425293,40.27873072935506,38.50659955628235,40.03858128580309,19586000
2020-04-14,40.51059341430664,40.78386754562743,38.86267850482323,39.69905693663472,21801900
2020-04-15,39.42578125,40.07998000831946,39.260160871331706,39.508589859861154,12893200
2020-04-16,39.003440856933594,39.62451477605003,38.721887220576335,39.251872951736416,17606800
2020-04-17,39.798431396484375,39.99717334911866,39.22704117503143,39.99717334911866,19844600
2020-04-20,38.53143310546875,39.748739256047934,38.34925353196179,39.57483927994976,18957900
2020-04-21,37.57912826538086,38.837838948970344,36.65165524024342,37.993177707655825,26863700
2020-04-22,37.82754898071289,38.2167563817279,37.6784909615559,38.13394461611521,15811600
2020-04-23,37.322410583496094,38.175351289103254,37.23960197168909,38.051138371392746,17668200
2020-04-24,37.62052917480469,37.8855205411748,37.36381740659465,37.67849583876401,15175000
2020-04-27,38.738468170166016,38.90408859323811,37.8524025395192,38.09255199502638,19175500
2020-04-28,38.70533752441406,39.74874057455998,38.5645590922272,39.66593196194142,17246700
2020-04-29,39.02001953125,39.63281411107741,38.821277562998205,39.144235630617345,15780000
2020-04-30,38.0014533996582,38.920643572438685,37.84411576499026,38.920643572438685,20801100
2020-05-01,37.76131057739258,38.415509501205754,37.43835249471049,37.77787293534381,14290400
2020-05-04,37.38038635253906,37.6619401238174,36.93321215834167,37.52944441727153,22544200
2020-05-05,37.595680236816406,38.175346768718605,37.38865557286686,37.56255553243752,13370500
2020-05-06,37.05742645263672,37.78615438246738,37.03258449604537,37.595692011058155,11892900
2020-05-07,36.93320846557617,37.46319439771588,36.850399841869674,37.38866537280143,16466000
2020-05-08,38.18364334106445,38.274734731595046,37.165082004939016,37.330702427817656,13985100
2020-05-11,37.71161651611328,38.18363253441299,37.69505416261818,37.83582942890767,10874600
2020-05-12,37.115386962890625,37.968327693038,37.09882460826349,37.76130299861806,13424400
2020-05-13,36.386661529541016,37.0822646745625,36.038861536503454,37.02429800905624,15854800
2020-05-14,36.187923431396484,36.486039547991766,35.79871592818079,35.92293202974439,18000800
2020-05-15,35.82354736328125,37.00772872365065,35.77386346440568,36.40321706874706,31579400
2020-05-18,37.23960494995117,37.58740493809139,36.544001814724425,37.115388863360344,26118500
2020-05-19,36.88352584838867,37.53772473903004,36.64337640869299,37.27273018419391,17839900
2020-05-20,38.0014533996582,38.233320052631214,37.28100832867332,37.430066365283466,22295900
2020-05-21,37.40522384643555,38.167076437365566,37.289290511911645,38.158796838733764,13193500
2020-05-22,37.28929138183594,37.52116121523948,36.974616083343264,37.446632190028794,13008400
2020-05-26,38.16707992553711,38.86268315519961,38.03458422269409,38.854400396864385,22223100
2020-05-27,38.69706726074219,38.995183416726555,38.23333066710572,38.92065437773046,18447600
2020-05-28,38.995182037353516,39.30157778285618,38.77159492827417,39.169082069210674,16230600
2020-05-29,38.65564727783203,39.07797622171784,38.208473225050014,38.65564727783203,51125000
2020-06-01,38.9123649597168,39.1111069075987,38.581124167985216,38.6390908326963,17010700
2020-06-02,38.83784103393555,39.15251635251599,38.55628727171582,39.053145365540416,15255100
2020-06-03,39.66593933105469,39.848118944449965,39.020020028636274,39.14423612958699,15508300
2020-06-04,39.682498931884766,39.972335450726554,39.235327913610455,39.69906128944259,13604700
2020-06-05,40.6513671875,40.98260794638206,40.129664097891855,40.19591351324666,20504800
2020-06-08,41.280731201171875,41.380105349149574,40.96605587608287,41.02402254959646,19896700
2020-06-09,40.57684326171875,41.06542170490138,40.311851884970174,41.06542170490138,16713700
2020-06-10,40.26216506958008,40.800430583881706,40.22076075900605,40.70933920525099,15716600
2020-06-11,37.71161651611328,39.68248919784173,37.645367102132866,39.59140099203755,26070400
2020-06-12,38.104366302490234,38.64752193994763,37.61134913834509,38.61409629107279,21822700
2020-06-15,38.689292907714844,38.814637466396555,37.160106505078424,37.24366741910321,15622300
2020-06-16,39.08203887939453,39.85080954126704,38.59737661962249,39.74218098316207,18803500
2020-06-17,38.923274993896484,39.324373178631916,38.80628523415926,39.090396846802484,12602800
2020-06-18,39.26588439941406,39.30766486743601,38.49711039969967,38.68930310271692,9380800
2020-06-19,38.455322265625,39.93437348980036,38.455322265625,39.91766066839419,30464600
2020-06-22,38.221351623535156,38.56395651550024,37.920527193976554,38.46367958055074,20876200
2020-06-23,38.137786865234375,38.68094243025547,38.08765158625359,38.438611289698684,14675300
2020-06-24,37.31052780151367,37.97066683368262,37.18518321225692,37.912173542068224,17631800
2020-06-25,37.544498443603516,37.58627890799815,36.79243733391978,37.16011307094076,13829700
2020-06-26,36.40806198120117,37.61135690021154,36.357923497541826,37.53615076854552,21955100
2020-06-29,37.06819534301758,37.24367521177283,36.39134032227492,36.767370889354176,17603900
2020-06-30,37.33559036254883,37.460934934744884,36.80079280478275,36.97627265574133,23679800
2020-07-01,37.45257568359375,38.04586650527051,37.360656758727956,37.544494608459544,14316500
2020-07-02,37.502723693847656,37.96231524751102,37.43587239051341,37.84532865432168,15111900
2020-07-06,37.79518127441406,37.828606918207996,37.27709654618748,37.719975169700135,15146000
2020-07-07,37.778472900390625,38.02080406496039,37.43586798027811,37.6029930312795,13043600
2020-07-08,37.66149139404297,37.75341034385762,37.160119361148425,37.71998469162581,13851200
2020-07-09,36.69217300415039,37.64478186261003,36.625324881481845,37.64478186261003,16087100
2020-07-10,37.728328704833984,37.81188961677459,36.65037572751999,36.667088547437004,15627800
2020-07-13,37.81190872192383,38.171226562580316,37.56957749215158,38.0458819436923,16705300
2020-07-14,38.32998275756836,38.388476046387304,37.32723565437264,37.52778635006985,17080100
2020-07-15,38.77286148071289,39.43300042798352,38.60573644574574,38.68929736940686,23738000
2020-07-16,38.5639533996582,39.01518681989296,38.38847037149751,38.65586913446799,13306100
2020-07-17,39.123817443847656,39.19902354300866,38.54723947537637,38.83135105135743,13899800
2020-07-20,38.53889465332031,39.13218883303341,38.313276278665306,39.04026988176889,16633200
2020-07-21,39.44136047363281,40.10150264270411,39.2157421429004,39.708759268357504,25681500
2020-07-22,40.510963439941406,40.544389092618665,39.29931062537915,40.05137187238901,29831200
2020-07-23,40.34382629394531,40.58615742188514,40.13492080868231,40.502596502837825,15935000
2020-07-24,40.519309997558594,40.77835076349704,40.168347118908905,40.44410389410829,16196800
2020-07-27,40.510963439941406,40.536031085626504,40.26027742015334,40.26027742015334,17346500
2020-07-28,40.26027297973633,41.179456013461866,40.19342168175503,40.3939723880536,13872700
2020-07-29,40.12657165527344,40.52766986107178,39.95944660594617,40.22684540981173,13758100
2020-07-30,39.85081481933594,40.302051495927074,39.441361795782825,39.83410199564977,17276500
2020-07-31,39.47478103637695,39.91765963542298,39.04861207065994,39.64190287082436,14849200
2020-08-03,38.689292907714844,39.575053259542436,38.630799630368585,39.39121542351446,14137500
2020-08-04,39.01518630981445,39.157243693835426,38.62244617488632,38.680939454293586,11717200
2020-08-05,39.45806884765625,39.49984930693757,39.1154639813179,39.19067008308216,10498700
2020-08-06,39.67533874511719,39.7171192145043,38.93999037085113,38.99012884670296,10745000
2020-08-07,39.94273376464844,40.17671010866159,39.44971662255508,39.66698014287835,11669700
2020-08-10,39.875885009765625,40.34383131489996,39.82574653951046,40.159996632587955,11888000
2020-08-11,40.0513801574707,40.65302927953653,39.85918739628775,40.49425899029897,16531600
2020-08-12,40.46918487548828,40.686445252839945,40.210140836497665,40.36055309298953,9562200
2020-08-13,40.42739486694336,40.71986130356455,40.159996071276815,40.32711792783459,9882900
2020-08-14,40.48589324951172,40.686440777678456,40.1349302937517,40.39397430424968,10075800
2020-08-17,40.285343170166016,40.736579897138476,40.276988351212694,40.37726211688028,9102400
2020-08-18,40.46082305908203,40.52767436129423,40.0764376342985,40.27698835328956,9829000
2020-08-19,39.583412170410156,40.42739215252696,39.458070786407625,40.210128653357444,17371000
2020-08-20,39.56670379638672,39.77560931418738,39.34944346043793,39.499855688266024,11308700
2020-08-21,39.50820541381836,39.69204326583277,39.24916464522877,39.558343879179965,14734100
2020-08-24,40.08478927612305,40.093144093750205,39.424647116001715,39.63355262077593,9257700
2020-08-25,40.03466033935547,40.15164693985939,39.81739996522615,40.10986646648596,7827800
2020-08-26,40.24354934692383,40.260262166930545,39.6669714010922,39.90929932207842,10124200
2020-08-27,40.30204772949219,40.79506482540117,40.27698009012822,40.318760551616464,10931600
2020-08-28,41.6390495300293,41.65575916640257,40.55273828234241,40.73657615890085,16420300
2020-08-31,41.38835525512695,41.83959188506367,41.23794304514805,41.61397357009531,18510800
2020-09-01,41.045753479003906,41.2379461645943,40.803425511391296,41.204523705794514,12588400
2020-09-02,42.77549743652344,42.91755486200875,41.246310533660406,41.246310533660406,26332600
2020-09-03,42.18220138549805,43.56933388348562,41.864664108808306,42.95097534153976,22289400
2020-09-04,42.6501579284668,43.009475730113955,42.01508327026199,42.56659379573157,21019500
2020-09-08,41.622318267822266,42.65013258231229,41.246287863095716,42.55821368475204,17776700
2020-09-09,41.93988037109375,42.41618480756699,41.40508263102877,41.446863106787724,15252300
2020-09-10,41.781105041503906,42.34932832507999,41.739324573991475,42.073571501736296,15439500
2020-09-11,42.666873931884766,42.78386053877889,41.8646741361254,42.11536336535106,18272300
2020-09-14,42.717403411865234,43.15544462128515,42.59946985806916,42.93642562329936,10911700
2020-09-15,43.00381088256836,43.28179984526504,42.82691056818758,42.961692219160746,12838400
2020-09-16,42.78479766845703,43.34077245529951,42.74267899937548,42.91957933758707,15353900
2020-09-17,42.58262252807617,42.65001496773538,42.06876642274407,42.30463674810291,13287100
2020-09-18,42.498382568359375,43.09647597289445,42.29620847531113,42.75109777458353,23816600
2020-09-21,41.35274124145508,42.136160712933346,40.94839622608703,41.90871603926721,17514800
2020-09-22,41.83290481567383,42.15301251928163,41.33589675485466,41.369592979118394,13034600
2020-09-23,40.6114387512207,42.05191841109424,40.57774253131236,41.8918661867022,17121200
2020-09-24,41.024208068847656,41.36116061655821,40.06388832702772,40.61143742210048,16788100
2020-09-25,41.04105758666992,41.074750593183424,40.41769037116824,40.60301636751033,12603400
2020-09-28,41.512786865234375,41.87501315303711,41.394853322870325,41.538060633918114,11215700
2020-09-29,41.20953369140625,41.74866358918361,41.20111124284733,41.60545625609397,12426600
2020-09-30,41.58860778808594,41.79920434818241,41.184262778314526,41.504370449426744,15755900
2020-10-01,41.428558349609375,41.83290338661481,40.93155030576857,41.647577372944056,17577300
2020-10-02,41.580177307128906,41.765503272516,40.89784342738833,41.07474373246808,13610100
2020-10-05,41.597042083740234,41.740246231873456,41.37801981624934,41.639160761811816,10628700
2020-10-06,41.226375579833984,41.89186138624691,41.13371580587667,41.740231627483254,10077400
2020-10-07,41.748653411865234,41.91712804956154,41.23479741192738,41.29376417781064,10135600
2020-10-08,42.506805419921875,42.57419785606097,41.731811685011635,41.87501579163487,12143900
2020-10-09,42.8016471862793,43.15544787433695,42.624743628801895,42.68371041014484,11407800
2020-10-12,43.037506103515625,43.40815483175931,42.818487130791624,42.82690957789917,11386500
2020-10-13,42.30464172363281,42.953279571122486,42.0350783601889,42.953279571122486,14365300
2020-10-14,42.22039031982422,42.53207548967689,41.824471039022946,42.16142355005705,10582100
2020-10-15,42.11088943481445,42.228822993935864,41.52964087421825,41.61388142605389,9961700
2020-10-16,42.14457702636719,42.414140330704384,42.00979537419859,42.11088402341108,13569800
2020-10-19,41.79920196533203,42.52365460491673,41.66442030309174,42.1445801756633,9930400
2020-10-20,42.32991027832031,42.64159230000701,41.94241336341808,42.02665070545818,10970700
2020-10-21,42.11088943481445,42.481538222545815,41.925563434224536,42.085615662539524,12517400
2020-10-22,42.69213104248047,43.130172233311505,42.439415836006305,43.10489846325035,20189200
2020-10-23,42.55734634399414,43.11332104389112,42.51522768149927,42.96169128815122,13491300
2020-10-26,41.95083236694336,42.54892580127478,41.445401929315075,42.405721688877826,14696400
2020-10-27,42.03507614135742,42.36360627237261,41.74023901890766,41.95926124855018,13892100
2020-10-28,40.40084457397461,41.403286287812534,40.24921478891422,41.27692706244602,19886200
2020-10-29,40.451385498046875,40.838882376792604,39.84486640891559,40.20709273009696,15369900
2020-10-30,40.48508071899414,40.53562183287685,39.90383220175711,40.27448417528756,15804000
2020-11-02,40.956817626953125,41.23480662547208,40.636713173047504,41.066328736683175,15156100
2020-11-03,41.571754455566406,42.08561051180476,41.27692059384673,41.462246571755145,15285100
2020-11-04,41.42013168334961,42.296214182355136,41.34432000335644,41.6391539148253,12930800
2020-11-05,41.64757537841797,42.29621318175327,41.56333803811928,41.917138723512046,12452400
2020-11-06,41.65599822998047,42.110887549178486,41.48752034730176,41.82447611265918,9294900
2020-11-09,44.28424072265625,44.86548602341457,43.86304763743909,44.2252739478017,33442000
2020-11-10,45.47201919555664,45.72473448236571,44.18316898341595,44.284254455449734,29706700
2020-11-11,45.13505554199219,45.741571439707776,44.9244589854434,45.42988943578112,17399900
2020-11-12,44.65489196777344,44.823369853932995,44.317939408902724,44.68858818769503,15024400
2020-11-13,45.025543212890625,45.06766188036953,44.55380578216124,44.85706532952668,12447900
2020-11-16,45.36249923706055,46.01113704890054,44.882339321475506,45.910051596527005,14908200
2020-11-17,45.21929168701172,45.27825846421482,44.67173936904187,45.202443577318206,14248400
2020-11-18,44.31793212890625,45.505696371719864,44.27581346764719,45.27825174478348,15278200
2020-11-19,44.7559814453125,44.84021878320725,43.76196543360185,44.2168547705098,17189500
2020-11-20,44.36848449707031,44.8570700893249,44.301095264643045,44.80652575491794,15645600
2020-11-23,44.37690353393555,44.789670956228036,43.972558559395715,44.60434818463574,13191900
2020-11-24,44.83179473876953,45.14347673402227,44.663316855529445,44.76440230009416,13827600
2020-11-25,44.58750534057617,44.88233924845623,44.46957177742415,44.705438903728194,10194800
2020-11-27,44.39374923706055,44.80651663698395,44.31793435760245,44.73912741827011,8499300
2020-11-30,43.80794906616211,44.308854054493864,43.36647644740897,44.22395622134397,43203600
2020-12-01,44.18150329589844,44.427711523795715,43.96925549363756,44.266401121345005,18968800
2020-12-02,44.240928649902344,44.25790886127299,43.8419017793027,44.06264128847687,14913100
2020-12-03,44.80976486206055,44.945603355927936,44.062654765112505,44.062654765112505,17318900
2020-12-04,45.718177795410156,45.7351580091509,44.79277719772981,44.80975741147055,18122400
2020-12-07,44.988037109375,45.65873757668381,44.74182892790218,45.641757367067356,16210900
2020-12-08,45.14935302734375,45.40404974385847,44.81824697201016,44.94559371094529,12485800
2020-12-09,45.27669906616211,45.50592382403327,44.99653043531753,45.310656250404094,11508400
2020-12-10,45.03898620605469,45.429521412809,44.97955707627228,45.33613509361141,12097300
2020-12-11,45.29368591308594,45.45499633763916,44.80976111671605,44.82674133186085,10638100
2020-12-14,45.225772857666016,45.70969770289853,45.14936350112166,45.54839050070276,22292000
2020-12-15,45.709686279296875,46.03230384170619,45.50592696655299,45.66723736707985,16193700
2020-12-16,45.047481536865234,45.67573331301874,44.94560024453364,45.50593439777768,15679600
2020-12-17,45.225772857666016,45.59932791263552,45.12389479515528,45.2512415636324,12677300
2020-12-18,45.62479782104492,45.7096956629074,44.673925151230776,45.06446364427537,35480100
2020-12-21,44.83523178100586,44.99653896231714,44.13056744648045,44.72486200503246,14926600
2020-12-22,44.79278564453125,45.14936372303929,44.47865972770279,44.835237806210834,9689500
2020-12-23,45.064453125,45.32763831652611,44.94559164003495,44.95408336542604,7040300
2020-12-24,45.37009811401367,45.46348768385841,45.01352328949204,45.01352328949204,3265500
2020-12-28,45.98136901855469,46.21908554794662,45.616302497762895,45.718180547695894,9020500
2020-12-29,45.955902099609375,46.261539499917156,45.86251253411034,46.227579069072966,8320600
2020-12-30,46.219078063964844,46.380388458770604,45.87099181429957,45.88797202631303,8142700
2020-12-31,46.558685302734375,46.63509465302392,46.07476049711559,46.22757919769467,8495000
2021-01-04,44.79278564453125,46.38040192290682,44.173022300023106,46.074764495227136,25611100
2021-01-05,44.30036163330078,44.673916600095794,44.17301165623834,44.427711610363225,20323800
2021-01-06,42.89104461669922,44.164531678102485,42.61087590864087,44.12208275711806,38724500
2021-01-07,42.41560745239258,42.67030421196742,42.042052420925806,42.525977235711515,53225700
2021-01-08,43.36648178100586,43.408930702801555,42.31373103178889,42.47503823007059,29674000
2021-01-11,42.61936569213867,43.17969984405324,42.40711785825217,42.97594049851843,19304400
2021-01-12,42.54295349121094,42.763689798655626,42.24580460049748,42.48352436079718,18538700
2021-01-13,42.58540344238281,42.755202349967945,42.407116046808575,42.43258474942067,18864100
2021-01-14,41.79583740234375,42.60237970965892,41.78734891514115,42.585399496609234,34303600
2021-01-15,41.34587478637695,41.75339020033818,41.20154458886142,41.736409986592555,24366800
2021-01-19,41.184566497802734,41.634534088642056,40.95534169703386,41.37983734661958,29114500
2021-01-20,41.328895568847656,41.447753829287464,41.014769703593196,41.21003730840784,23115800
2021-01-21,41.55812454223633,41.67698280536534,41.14211738264001,41.41379433797626,19702500
2021-01-22,41.16759490966797,41.549638453379536,41.16759490966797,41.43927190186719,15400300
2021-01-25,41.413795471191406,41.464736116202644,40.95534262066972,41.1081580784137,16604200
2021-01-26,41.84678268432617,41.9401722471386,41.26946833116287,41.524165077877306,12922600
2021-01-27,41.2015380859375,41.87224184913048,40.94684139724161,41.5071754078302,21242400
2021-01-28,41.72792434692383,42.02507001114062,41.269468260436625,41.337385881409816,17498900
2021-01-29,40.878929138183594,41.70244843138702,40.84496871161069,41.62603909092025,18670300
2021-02-01,41.15909194946289,41.337379319692396,40.9043952436144,40.98080457923338,12183600
2021-02-02,41.56660842895508,41.89771447920395,41.28644301668465,41.43076996632363,13319800
2021-02-03,41.40530776977539,41.67698473770787,41.32040669314341,41.55812646906803,12274100
2021-02-04,41.60906219482422,41.6600028387447,41.30342804723569,41.56661327754621,20597400
2021-02-05,42.15241622924805,42.2627827582778,41.82979865223945,42.02506624818965,12742000
2021-02-08,42.38163757324219,42.59388536534851,42.01657435037205,42.415597997253826,17833200
2021-02-09,42.194862365722656,42.466539284694655,42.1354332421128,42.322209099753344,14592900
2021-02-10,42.109962463378906,42.94197669410495,42.05053333813339,42.79764650519126,22965400
2021-02-11,42.70425796508789,42.95046619758557,42.27976235263444,42.28825407852444,21928600
2021-02-12,43.03537368774414,43.17121218468452,42.78067691081158,42.933495624700164,13137100
2021-02-16,42.67879104614258,43.06083776102642,42.58540148932157,42.97593669180521,15093400
2021-02-17,42.559940338134766,42.8655777642628,42.356180974501,42.44957054788959,12794300
2021-02-18,43.10328674316406,43.171204360001724,42.47503178453131,42.58540155536774,12747100
2021-02-19,42.54295349121094,43.15422824820347,42.424095230383436,43.12026781978283,15968800
2021-02-22,42.98443603515625,43.196683887853936,42.16940181942677,42.32222053246072,14370900
2021-02-23,42.908016204833984,43.73153547000201,42.80613492858367,43.29855138119362,16222300
2021-02-24,43.05234146118164,43.21365185624305,42.55992826658796,42.78066454582424,14442000
2021-02-25,42.5938835144043,43.08629992524197,42.43257636532514,42.84858344477917,14211100
2021-02-26,41.592079162597656,42.62784619567092,41.57509895042999,42.61935770890924,23638400
2021-03-01,42.364662170410156,42.82311495698578,41.94016657046073,41.974123757086936,13901200
2021-03-02,42.534461975097656,42.925000426576545,42.194867405146326,42.31372566656153,11755100
2021-03-03,42.432586669921875,42.92500320034108,42.20335862010379,42.21185034712202,15410700
2021-03-04,42.39861297607422,43.374954004477,42.12693609208532,42.71274200458456,22036400
2021-03-05,43.12026596069336,43.256104429874625,42.364664273457265,42.49201101657713,21310800
2021-03-08,43.84191131591797,44.563555882245595,43.43439587031119,43.69758434583937,25084900
2021-03-09,43.17970657348633,44.04567825933985,43.14574613749707,43.90983975402824,23082700
2021-03-10,43.67211151123047,43.83342193172086,43.060839974637574,43.4513751971973,21331600
2021-03-11,43.19667053222656,43.66361501606166,43.137241410937236,43.6466348044584,17417700
2021-03-12,43.11107635498047,43.38501462165916,42.97410722164113,43.307969280055666,17598600
2021-03-15,43.684635162353516,43.76168050674716,43.20524481110582,43.23092550403642,13411900
2021-03-16,43.8472900390625,44.1041067755989,43.693199344020265,43.83016848787981,14214200
2021-03-17,43.86439514160156,44.18969469528315,43.78734982297155,43.87295428118234,17502700
2021-03-18,43.29083251953125,43.82158731653511,43.22234960972458,43.7103021798992,18007300
2021-03-19,43.496299743652344,43.727435750824064,42.948419986503744,43.19667754223649,67845700
2021-03-22,43.6589469909668,43.72743318118634,43.0768274365058,43.0768274365058,17911400
2021-03-23,43.99281311035156,44.21538998373801,43.51342279647601,43.650391924097825,16936700
2021-03-24,44.10409164428711,44.42083206849405,43.78735122008016,43.8044694997879,14997400
2021-03-25,44.532127380371094,44.566370476294196,43.80447628721127,44.25818914418899,17091900
2021-03-26,45.405311584472656,45.46523537594041,44.309555257058584,44.634858171884765,17126700
2021-03-29,46.09870910644531,46.17575443553068,45.12280378176487,45.13992532885064,17514100
2021-03-30,45.49946975708008,46.04734618300417,45.31113601106826,46.013103089983645,14871800
2021-03-31,45.122802734375,45.51658851140354,44.943031392549074,45.396740950186256,15826500
2021-04-01,44.95159149169922,45.49947120060656,44.90878925686615,45.33681813639922,15834700
2021-04-05,45.20841598510742,45.559399571050136,44.76326551368714,44.814626894419256,16368700
2021-04-06,45.53370666503906,45.927495678324604,45.28545242056014,45.4052999728467,15614300
2021-04-07,45.61075973510742,45.799093501038726,45.47379061413959,45.61075973510742,10062700
2021-04-08,45.47378921508789,45.69636607081369,45.34538250503193,45.51659145177321,9695600
2021-04-09,45.5251579284668,45.61076240949057,45.208417429956896,45.516595521003445,10828200
2021-04-12,45.670684814453125,45.841897036910616,45.45667035278165,45.65356653124875,8565300
2021-04-13,45.4481086730957,45.61932088599171,45.208413534402084,45.405306436272035,11071700
2021-04-14,45.43954849243164,45.53371210504895,45.071443386086976,45.353940755141444,9787600
2021-04-15,45.653568267822266,45.936065669861485,45.473793631322785,45.482356038852195,13078100
2021-04-16,45.953182220458984,46.055908240425666,45.69636553774163,46.00454686324297,17974100
2021-04-19,46.22711181640625,46.535293084345064,45.62787082492529,46.22711181640625,19352900
2021-04-20,46.37264633178711,46.73219228165705,46.064468287671474,46.09014897494749,14419200
2021-04-21,46.74930953979492,46.86059795045044,46.432569118576254,46.432569118576254,13866500
2021-04-22,46.60378646850586,46.971891591748324,46.50106044464327,46.62947042367257,12558900
2021-04-23,46.62946319580078,46.73218920374016,46.37264327755096,46.56953941903607,9020500
2021-04-26,45.936058044433594,46.663705814764135,45.86757512357478,46.62946598713528,11684600
2021-04-27,45.86756896972656,45.97029497003304,45.64499215919508,45.8504474254087,9852400
2021-04-28,45.87613296508789,46.26991872927896,45.74772300191206,46.209994950623845,10868100
2021-04-29,46.449684143066406,46.53529186280261,45.73915803005925,45.83332488896877,15391000
2021-04-30,46.209999084472656,46.45825662716732,45.96174154177799,46.441135079505486,14912600
2021-05-03,46.638031005859375,46.91196925502378,46.36409275669498,46.45825964214553,10417900
2021-05-04,46.346961975097656,46.757869266987,46.175749787076874,46.715067036382024,14151000
2021-05-05,46.22711181640625,46.43256708356569,45.97885432105546,46.3469593615823,9665900
2021-05-06,46.68940353393555,46.74932733195605,46.26993368218993,46.329857480210435,11572700
2021-05-07,46.6637077331543,46.88628458269827,46.3640888190773,46.6037839503389,10637500
2021-05-10,47.00613021850586,47.511204414072296,46.9376472976432,46.980449531382504,15545800
2021-05-11,46.501060485839844,47.203027636458664,46.26992448274319,47.108860753833945,12986700
2021-05-12,46.261356353759766,46.706506725210104,46.124387259898185,46.535294541482926,15836500
2021-05-13,46.6637077331543,46.89484372355709,46.08159145231917,46.201439017949966,15475800
2021-05-14,46.8520393371582,47.16877978401301,46.81779624409252,46.9975708498868,11725300
2021-05-17,46.77499771118164,47.100300589839875,46.65515014157107,46.946209924454465,12119800
2021-05-18,46.518184661865234,46.706518437753466,46.31272933675066,46.5609869021303,13232500
2021-05-19,46.37264633178711,46.38120873794654,45.89325608609536,46.32984409779336,15126100
2021-05-20,46.78355407714844,46.91196077132194,46.32984128071947,46.32984128071947,10948400
2021-05-21,46.75787353515625,47.18590241147925,46.41545239345855,46.91196419188062,16033200
2021-05-24,46.9119758605957,47.023264310489495,46.646599981251555,46.76644757393626,10326100
2021-05-25,46.90340805053711,46.92908873976631,46.52674052530147,46.92908873976631,11916500
2021-05-26,47.10885238647461,47.12597393169269,46.73218818847933,47.06605015622983,16064300
2021-05-27,47.50264358520508,47.57112650363369,46.894840131545806,47.26294520670245,59109600
2021-05-28,47.33143615722656,47.69097886278663,47.254390825234935,47.38279753482011,17011600
2021-06-01,47.3228645324707,47.63960820540474,47.16877389850298,47.374229165660175,13304000
2021-06-02,47.511199951171875,47.56256458619484,47.30574467668083,47.511199951171875,11328500
2021-06-03,47.63105392456055,47.71666166114461,47.1687819438103,47.237268133077556,17364300
2021-06-04,48.14468765258789,48.35013967683447,47.75089861918001,47.85362789690435,18935100
2021-06-07,47.97348403930664,48.23030074836812,47.77659112017278,48.20462005714246,14010800
2021-06-08,47.639610290527344,48.15324358250035,47.55400256479796,48.15324358250035,10968300
2021-06-09,47.49409103393555,47.87075532744936,47.49409103393555,47.725227054592324,9838800
2021-06-10,47.8621940612793,48.04196542527773,47.73378407807955,47.8621940612793,12444400
2021-06-11,48.076210021972656,48.11901226250671,47.64818108542888,47.93068175103655,11825800
2021-06-14,47.91233444213867,48.050335635751395,47.610457859300844,48.03308507527381,9710800
2021-06-15,47.79158020019531,48.119334244104365,47.60182733947833,48.11070731941301,11154200
2021-06-16,47.1533203125,47.834702559887546,47.12744612013588,47.81745200157561,15211700
2021-06-17,47.39481735229492,47.56731961795873,47.13606559890274,47.15331286428277,10658400
2021-06-18,46.37706756591797,47.11019823970708,46.33394281279057,47.01532180870214,31445600
2021-06-21,46.885948181152344,46.94632349438587,46.57544469011831,46.76519755468529,14404300
2021-06-22,47.058448791503906,47.308573670089,46.79969369815541,46.8686959337704,13072800
2021-06-23,46.6789436340332,47.092947182049,46.67031999958209,47.05844935403681,12339200
2021-06-24,46.91181564331055,46.93768983378107,46.57543800636442,46.799688667592726,11488400
2021-06-25,46.85144805908203,46.980825613168584,46.58406931606683,46.78244910972165,18880300
2021-06-28,46.7996940612793,46.89457049088221,46.575443374205996,46.79107042686436,10556900
2021-06-29,46.45468521118164,46.86868869026467,46.333934607724984,46.68756278507969,12300900
2021-06-30,46.670310974121094,46.730686274226244,46.35980755060484,46.40293229493608,14614200
2021-07-01,46.54093933105469,46.9894439672207,46.45468983149517,46.868693351754374,13214700
2021-07-02,46.73069381713867,46.96357142236519,46.57544208032099,46.57544208032099,10604600
2021-07-06,46.47194290161133,46.65306883460206,46.18731361530502,46.5668193303801,15278200
2021-07-07,46.85144805908203,46.903199738758225,46.33394442315157,46.33394442315157,14377700
2021-07-08,46.687557220458984,46.722055038615444,46.351179639434314,46.58405389536925,11943900
2021-07-09,46.972198486328125,47.023950165782,46.730697229292446,46.791072543551365,10847000
2021-07-12,46.989444732666016,47.09294479186493,46.80831880651603,46.85144355699828,15107600
2021-07-13,47.4552116394043,47.69671293383827,47.2223339811108,47.3948363157958,15170800
2021-07-14,48.52470779418945,48.60233366045416,47.40344784052735,47.455199514773,22002700
2021-07-15,48.67995834350586,48.70583582510347,48.22283008117328,48.50745934729485,15068200
2021-07-16,48.64545822143555,48.886959436893655,48.52470432349919,48.6972066017724,14860500
2021-07-19,48.06757736206055,48.602331477753296,47.57594799453204,48.36945717962495,19527000
2021-07-20,48.153839111328125,48.58509325365329,47.88646035861164,48.06758630873829,16257900
2021-07-21,48.774837493896484,49.645972608445604,48.67133743233884,49.447596119540265,20918200
2021-07-22,48.70583724975586,48.93871484970136,48.343582108660335,48.83521150069833,13402700
2021-07-23,49.171592712402344,49.447598372812735,48.688590209651686,48.80934083533935,12144000
2021-07-26,49.21471405029297,49.266462431275116,48.78345999433592,49.06808596035976,8681100
2021-07-27,49.387210845947266,49.62871534389274,49.09395796931912,49.257836609033404,12794400
2021-07-28,48.938716888427734,49.300968754406675,48.843840459659624,49.15434393918882,9858000
2021-07-29,49.20608901977539,49.3785913068364,49.04221365668154,49.22333957750224,9599100
2021-07-30,49.18883514404297,49.378587976031156,49.0767114616929,49.29233848342229,11727000
2021-08-02,49.05946731567383,49.369970793970445,48.91283921083035,49.335469676335784,9778000
2021-08-03,49.09396743774414,49.16296967623862,48.94734261625511,49.16296967623862,8825500
2021-08-04,48.38669967651367,49.11983348385907,48.309073821387855,48.94733121800091,11888400
2021-08-05,48.73170852661133,48.809334388615994,48.55058261200289,48.679956855205766,9806800
2021-08-06,48.85245895385742,48.93871173921115,48.6799566733573,48.81795783971593,10409300
2021-08-09,48.861080169677734,49.059456617506505,48.67132735427328,48.990454397284175,8859900
2021-08-10,48.99046325683594,49.30959035755854,48.86971263981698,49.024964373186364,10906900
2021-08-11,48.930091857910156,49.318221222345706,48.9128412983566,49.06809304413081,8370700
2021-08-12,49.02497100830078,49.145721641662306,48.93009457060015,48.93009457060015,6169200
2021-08-13,49.3613395690918,49.421714874588716,48.96458662148137,48.99908773611028,7714200
2021-08-16,49.576969146728516,49.58559607093256,49.18883981273539,49.33546791233615,7972000
2021-08-17,49.40447235107422,49.645976902541015,49.1715947247712,49.5597241019429,10346400
2021-08-18,48.73170852661133,49.36133905611258,48.66270629807058,49.3268379418422,13873700
2021-08-19,49.04222106933594,49.145721141133436,48.25733867027171,48.35221510700605,9223700
2021-08-20,48.85245895385742,49.188836591218625,48.80071057285252,49.02496123435754,10543600
2021-08-23,48.67995834350586,48.947337051964844,48.628209960725535,48.87833482131448,8912800
2021-08-24,48.309085845947266,48.85246696708036,48.21421270180722,48.85246696708036,12067200
2021-08-25,48.360836029052734,48.44708553567743,48.06758310023787,48.352212394473376,11270700
2021-08-26,47.90370559692383,48.28320801553156,47.87782811391793,48.25733382273329,10331500
2021-08-27,47.99858093261719,48.11933154987337,47.82607864073369,48.007204566617965,8844100
2021-08-30,48.45570373535156,48.47295429161186,47.98994858694511,48.033073332492265,10034700
2021-08-31,48.56783676147461,48.74896268948009,48.30045804141348,48.43845921849493,14185700
2021-09-01,48.89558410644531,48.99046052601663,48.54195590908417,48.62820869515236,9518900
2021-09-02,48.96458435058594,49.18883500485878,48.65408091374105,48.96458435058594,11653200
2021-09-03,48.930091857910156,48.964592977017276,48.516088299248175,48.69721423924883,13220400
2021-09-07,48.015830993652344,48.89558977224611,47.87782981015966,48.81796390089349,20035300
2021-09-08,48.662715911865234,48.714467593494845,47.96408630600949,47.96408630600949,12040100
2021-09-09,48.17970275878906,48.66270518671411,48.1279510885654,48.455705086234026,12545400
2021-09-10,47.96408462524414,48.41258931302686,47.8864587506239,48.30908595339462,10573700
2021-09-13,48.360836029052734,48.64546532328824,48.076210025025006,48.076210025025006,20274300
2021-09-14,48.395591735839844,48.647607649953194,48.27392979524423,48.59546539753825,13918900
2021-09-15,48.560707092285156,48.664988281820925,48.160956454826085,48.38690289969937,15746000
2021-09-16,48.10012435913086,48.656298425398695,47.63954607733946,48.421663268154255,17430400
2021-09-17,47.30931854248047,47.96108176441142,47.248487573636716,47.81335035865921,33370200
2021-09-20,46.979095458984375,47.2745615932562,46.69231804261499,47.02254567857509,27542500
2021-09-21,46.97040557861328,47.639549599101606,46.874813102109314,47.26587172642579,16418200
2021-09-22,47.0399169921875,47.41359477277041,46.97908603395666,47.37014124685816,12719700
2021-09-23,46.96171951293945,47.46574807883113,46.92695800769462,47.152901161706836,13836200
2021-09-24,46.83135986328125,47.13551802483754,46.80529039501956,46.92695233362639,9682200
2021-09-27,46.58803176879883,47.1442024749636,46.5532702709038,46.796594126091165,12429500
2021-09-28,45.74509048461914,46.45768472230962,45.5625975660729,46.45768472230962,19926100
2021-09-29,46.02318572998047,46.196989967480896,45.675580570019704,45.74510027599582,13941500
2021-09-30,45.597354888916016,46.34471056115892,45.562593389035165,46.20566456163551,17672000
2021-10-01,46.075321197509766,46.231744656676476,45.684262549592994,45.86675548027428,16277400
2021-10-04,46.04924774169922,46.518514763557576,45.536527184356785,46.110078713329735,18973400
2021-10-05,46.12746047973633,46.46637684771966,45.997106500493786,46.07531822503143,17173100
2021-10-06,46.67494201660156,46.727084274412256,45.63212006566489,45.858066534471625,21284500
2021-10-07,46.82267761230469,47.170282725612694,46.76184663459979,46.91827009585228,13774400
2021-10-08,47.03123474121094,47.265869906767755,46.840053110602604,46.926953550421004,13786800
2021-10-11,47.1268310546875,47.26587375875195,46.935646093459056,47.1094503022995,12378500
2021-10-12,47.1268310546875,47.64824368120885,47.11814233601328,47.29194322981417,19474400
2021-10-13,47.135520935058594,47.300633102642266,46.744462311792624,47.074686646959975,12143300
2021-10-14,47.45705032348633,47.6308545015759,47.19634571387145,47.265865396083896,13704000
2021-10-15,47.34408187866211,47.69169026985013,47.17896971611942,47.483124572129455,17867000
2021-10-18,46.874813079833984,47.26587170396463,46.80529338834377,47.23111020069981,15861800
2021-10-19,47.057315826416016,47.10076605399013,46.727088129780995,46.961723336729044,11068500
2021-10-20,47.47443389892578,47.58740380362592,47.022544335007744,47.083375303704486,12474800
2021-10-21,47.231109619140625,47.50919501175624,47.109447674251214,47.448364039311535,14388300
2021-10-22,47.31801223754883,47.38753192651009,46.98778459862478,47.26586998454842,12828600
2021-10-25,47.1268310546875,47.33539676830395,46.944338127172834,47.25718504007772,11855000
2021-10-26,47.33539581298828,47.43098829167327,47.12683010358107,47.205041830228836,12086700
2021-10-27,48.24786376953125,48.73451488168046,48.03060934152456,48.638922402951195,24019800
2021-10-28,48.69974899291992,48.760579962081735,48.33475986290985,48.44773308351287,15928000
2021-10-29,48.98652267456055,49.073426426228664,48.47380214235573,48.55201386133746,24463700
2021-11-01,48.812721252441406,49.01259823508536,48.578089397239005,49.003906201906396,11651100
2021-11-02,48.751888275146484,49.09949665714194,48.6389183687813,49.07342718875601,11498900
2021-11-03,48.91700744628906,48.951768950124276,48.47380655998871,48.66499151604294,10788300
2021-11-04,49.186405181884766,49.212477969596556,48.69106531087763,48.76058832472273,10820200
2021-11-05,49.394962310791016,49.67304768768888,49.17770790289961,49.394962310791016,12886700
2021-11-08,48.95176315307617,49.43841088898073,48.77795896952209,49.31674895500459,12828000
2021-11-09,49.09081268310547,49.11688215401055,48.7432042675199,49.02128967397254,10155800
2021-11-10,49.290679931640625,49.46448080172087,48.91700209389772,49.13425649653713,8813600
2021-11-11,49.30806350708008,49.429725449123296,49.160328780999535,49.38627522911347,7257700
2021-11-12,49.19508743286133,49.52531505287466,49.14294518284687,49.31674936785595,10162500
2021-11-15,49.20377731323242,49.255919564479214,48.89962246855743,49.12556559388183,10289200
2021-11-16,48.85618209838867,49.48187266427995,48.83010930998998,49.20378723165275,13756500
2021-11-17,48.58678436279297,48.70844632262726,48.36084119667782,48.69975760337043,13288700
2021-11-18,48.15226745605469,48.6041570281258,47.91763229468858,48.517256589859485,15380100
2021-11-19,47.90894317626953,48.22179005547502,47.70906951789695,48.178336521666,15813700
2021-11-22,48.20441436767578,48.682373454420436,47.8654979846212,47.88287542192286,16905600
2021-11-23,48.560707092285156,48.76058075349507,48.2304794578761,48.36952214893687,13835900
2021-11-24,48.16965103149414,48.525948153342846,47.8220426279659,48.41297492494026,12598900
2021-11-26,46.692325592041016,47.578724138173406,46.561974912193186,47.43968142397851,14754300
2021-11-29,47.430973052978516,47.56132367881922,46.86611039588686,46.970391559567105,22712500
2021-11-30,45.93344497680664,46.96683827141084,45.92468553795993,46.9405632956178,30485200
2021-12-01,45.80208206176758,46.8705064755581,45.784566524078706,46.39759698020027,18719600
2021-12-02,46.47641372680664,46.71286846684078,45.98598870961578,46.06480695629383,17074200
2021-12-03,46.88801574707031,46.94931845041517,46.39759077956466,46.70410763703573,21064400
2021-12-06,48.08780288696289,48.385560314837925,47.41346979028277,47.56235017459372,26624100
2021-12-07,48.35053253173828,48.53444065950143,48.03525954657455,48.184139941011686,23832700
2021-12-08,48.16661834716797,48.473131854896735,47.606134595465846,48.27170821542545,18026300
2021-12-09,48.04402160644531,48.2804763582176,47.807566854673034,47.947687817862466,13846400
2021-12-10,49.2875862121582,49.32261728208325,48.227921402525745,48.385557876441766,23153600
2021-12-13,50.58370590209961,50.732586279406405,49.8831012049854,49.9006167400066,31362800
2021-12-14,50.61873245239258,50.94276146948532,50.2684318054872,50.2684318054872,24806600
2021-12-15,50.846435546875,51.01282811832604,50.487375431088324,50.7325862396997,24923800
2021-12-16,51.36314010620117,51.564563778918966,50.7063224748725,50.776381285025664,24696900
2021-12-17,50.55743408203125,51.59958335631854,50.531162449970466,51.22301104737599,51874400
2021-12-20,50.39104461669922,50.60122436763244,49.91813516597911,50.09328718558806,20879500
2021-12-21,50.592472076416016,50.76762410920289,50.38228896892233,50.45235111833595,15864900
2021-12-22,50.9515266418457,50.960282739186724,50.34725570291152,50.5399199111351,12447400
2021-12-23,50.98655319213867,51.32809775085195,50.74133905862295,51.24927951878377,11027300
2021-12-27,51.36314010620117,51.39816784090414,50.79389682275076,50.79389682275076,9860000
2021-12-28,51.56455993652344,51.61710320503618,51.05661940258706,51.144197084686596,8979900
2021-12-29,51.62586212158203,51.757223632282546,51.37189185718198,51.62586212158203,9996000
2021-12-30,51.47697830200195,51.87106948932395,51.4594627669269,51.72219245230605,7703900
2021-12-31,51.85355758666992,51.976163000037296,51.406923103582045,51.450710273963686,10021300
2022-01-03,51.932373046875,51.94113248493014,51.12667846463544,51.51201022039174,20187300
2022-01-04,52.79936981201172,53.01830897692395,52.18633948210818,52.30894487993958,26141600
2022-01-05,53.23725509643555,53.59631524016722,52.58919361370797,52.624224686449345,22507300
2022-01-06,52.95701217651367,53.52625206424113,52.93073720208998,52.95701217651367,17902300
2022-01-07,52.834407806396484,53.17595241391421,52.597953076404146,52.79061729507618,12307900
2022-01-10,52.92197799682617,53.26352257755626,52.703038820384144,53.02706786610926,20954300
2022-01-11,52.93949508666992,52.97452615770872,52.405282945942034,52.92197955115052,19369600
2022-01-12,53.018310546875,53.149672045264225,52.71179370247354,53.00955110920108,15753800
2022-01-13,53.333587646484375,53.45619305750553,52.88694983119658,53.01831468057461,14318000
2022-01-14,53.76270294189453,53.81524954623437,52.8606746155807,53.368611761212435,19729600
2022-01-18,53.333587646484375,53.58755456613667,52.93949643909718,53.473708593472395,21976700
2022-01-19,53.42116165161133,53.578798133580754,53.035829884989894,53.123404223529846,18654700
2022-01-20,53.20222091674805,53.806491852886715,53.17594928409973,53.4211600974754,23002400
2022-01-21,52.93949508666992,53.683886972136996,52.895707918244824,53.49122276291721,26643200
2022-01-24,52.510372161865234,52.851916748356786,51.29307085483259,52.4578288967107,30185100
2022-01-25,52.38777542114258,52.58919909929557,51.398169227828035,51.98492806483659,19027100
2022-01-26,52.195106506347656,52.85192413859572,51.85356187209822,52.361502444595395,19190200
2022-01-27,52.238895416259766,53.359863071820016,52.10753055754693,52.44031908307156,18893800
2022-01-28,53.28104019165039,53.324827360498084,51.61710104946344,52.01119225058633,19101500
2022-01-31,53.42991638183594,53.54376569162185,52.67676840372432,52.808129908172575,22045300
2022-02-01,53.03582763671875,53.54376479206263,52.6855236159151,53.34234114936189,20841700
2022-02-02,53.57880401611328,53.65762226575162,53.03583570790876,53.088378980502824,20225600
2022-02-03,53.95537185668945,54.10424889498735,53.062099604661825,53.36861311924382,19440500
2022-02-04,53.386131286621094,54.016677222845935,53.044586684748275,53.85028464111857,17403700
2022-02-07,53.94660949707031,54.05170270273259,53.29855143255247,53.75394530151595,17846400
2022-02-08,54.29691696166992,54.58591828454049,54.06922168304957,54.148039921946385,18771700
2022-02-09,53.456199645996094,54.577167360059796,53.33359421986379,54.44580249449101,23595600
2022-02-10,53.75395202636719,54.55964665942775,52.72055875996551,52.860679710965044,23561500
2022-02-11,52.79936981201172,54.27939736414962,52.67676441418032,54.09548926740251,22781400
2022-02-14,53.14091491699219,53.23724868505598,51.914854244674686,52.685521048438446,23641300
2022-02-15,53.34233856201172,54.104245928444875,53.097127763791065,53.38612572730162,13408700
2022-02-16,53.333587646484375,53.77146602341529,53.03583021654148,53.29855657455065,15484700
2022-02-17,54.402008056640625,54.54212900219182,52.9044648246722,53.027070234436145,21468700
2022-02-18,54.76982498168945,55.0150357893754,54.28815946341489,54.402005429413826,21975000
2022-02-22,54.5421257019043,54.85739864550436,54.05170409252345,54.673490541986546,21731400
2022-02-23,53.937862396240234,54.5859239095905,53.71892319238161,54.507105662571504,19248500
2022-02-24,52.99204635620117,53.08838014573437,51.86232254091847,52.51914018873862,27207400
2022-02-25,55.04130554199219,55.08509604822374,53.351094896449226,53.36861043079253,21487800
2022-02-28,54.50709915161133,54.59467348639503,53.780219478069014,53.99040255859533,25879100
2022-03-01,54.27064895629883,54.95373817856304,53.867798296818926,54.419526005973026,15871100
2022-03-02,54.673492431640625,55.06758362476149,54.104249225938624,54.49834041905949,17319100
2022-03-03,54.708518981933594,55.19018447117331,54.55088251771019,54.8311243783859,21262800
2022-03-04,54.79610061645508,54.813616152675934,53.59631478167581,53.82401007105298,17163000
2022-03-07,53.49122619628906,54.35822354529396,53.17595321819745,54.30567693536302,29151400
2022-03-08,51.371891021728516,53.89407140697454,51.310588316249174,53.815253165537264,30242100
2022-03-09,51.63461685180664,52.40528372234391,51.37189049661687,52.387768186565005,23022700
2022-03-10,50.688804626464844,51.371893862868475,50.356016106352804,51.21425737127578,20887300
2022-03-11,50.72382736206055,51.53828137479725,50.67128409720447,50.75885843246243,19855600
2022-03-14,51.659244537353516,52.10047483910819,51.15624226265879,51.15624226265879,17799400
2022-03-15,52.612300872802734,52.850565642580506,52.047526618360635,52.13577469956727,18607200
2022-03-16,52.47109603881836,52.89467663866819,51.72100602443584,52.753483105384916,17347300
2022-03-17,53.02705001831055,53.07117236874747,52.26813347204514,52.471098977110614,15586200
2022-03-18,53.03587341308594,53.21236618205572,52.691714365070624,53.21236618205572,30197800
2022-03-21,53.4594612121582,53.91833773131029,53.16824761767189,53.38886275301492,17440100
2022-03-22,53.653602600097656,53.78597303364874,53.00058365592289,53.768323418087256,17559500
2022-03-23,53.30061721801758,53.81244257358203,52.94763166042021,53.60947705617546,15529200
2022-03-24,53.81243896484375,53.84773819150023,53.353559117268205,53.5124022709028,13151300
2022-03-25,54.297794342041016,54.36839279898517,53.87421369933521,53.93598566600149,12259800
2022-03-28,54.64195251464844,54.659602128597264,54.01540636790362,54.297793458445504,11485200
2022-03-29,54.85374450683594,55.1802539490372,54.48311271292958,54.89786685854103,14720600
2022-03-30,54.89786911010742,54.89786911010742,54.32427178177655,54.72137632972877,13641000
2022-03-31,54.712547302246094,55.27732144546462,54.712547302246094,54.90668967634725,16822900
2022-04-01,55.48029327392578,55.55089173304416,54.79197512912066,55.00376714015598,12644900
2022-04-04,55.1890754699707,55.40969057495173,54.46545819493848,55.242020940721765,11505800
2022-04-05,55.12731170654297,55.80680673487428,55.039063631637696,55.065539737269205,15721200
2022-04-06,55.683258056640625,55.824451606686836,54.97729030640957,55.39204783243521,19267400
2022-04-07,55.9832878112793,56.1862533038425,55.339092108886696,55.70972723562945,13960800
2022-04-08,56.32745361328125,56.51276950471383,55.7362033458236,56.0185904279074,12703500
2022-04-11,56.30979919433594,56.74220627042953,56.159779176227,56.39804388758642,12720100
2022-04-12,56.971649169921875,57.19226430051499,56.3804022357658,56.812806006589256,18089900
2022-04-13,57.12166976928711,57.24521369773869,56.68043952977741,56.86575542245478,11883000
2022-04-14,57.37757110595703,57.8629270093719,57.20108172251803,57.32462563745301,16388400
2022-04-18,56.865753173828125,57.51877201734138,56.636311573216865,57.15696000358366,11679400
2022-04-19,57.421695709228516,57.58053884431146,56.86574810275736,56.918693570238915,11993800
2022-04-20,58.20709991455078,58.45418780340313,57.71292413684608,57.74822336848784,14827100
2022-04-21,58.427711486816406,59.12485612063316,57.99530770778967,58.22474933309838,15120400
2022-04-22,57.58053970336914,58.54241828437202,57.518767746172976,58.31298343343678,14902200
2022-04-25,58.189449310302734,59.301344726926956,57.1657918672194,59.12485531456615,25082000
2022-04-26,57.40406036376953,58.56890799800495,57.3952338733006,57.81881115885553,21982600
2022-04-27,57.8541145324707,58.48948723895759,57.359938753043146,57.359938753043146,16971000
2022-04-28,58.41006088256836,58.48947909349913,56.91870052823671,57.05989743563244,22010600
2022-04-29,57.015769958496094,58.26886217606682,56.90987228121898,58.127672005669574,20137100
2022-05-02,55.9832878112793,57.633487853471834,55.224374678080984,57.607015118104265,24970300
2022-05-03,55.66560745239258,56.42452062055358,55.30379543199742,56.23038160838193,21686300
2022-05-04,57.38640594482422,57.46583089177524,55.542063342447655,55.595012184975104,19780200
2022-05-05,56.927528381347656,57.38640487609424,56.48629813412855,57.086371539652106,20155200
2022-05-06,57.130489349365234,57.63349155154047,56.53924244608961,56.653959884256196,18984000
2022-05-09,57.015769958496094,57.67761529304049,56.5127677735479,56.89222603465892,20055300
2022-05-10,56.486297607421875,57.64231868991203,56.3451006979615,56.918701360525645,21322200
2022-05-11,56.75102996826172,57.53641923822171,56.44217015411548,56.768682947720926,19648400
2022-05-12,56.927528381347656,56.94517462887514,55.78032704552228,56.618668554822136,22574700
2022-05-13,57.995304107666016,58.06590256224616,56.58336867925913,57.19226183525508,16167000
2022-05-16,58.20709991455078,58.57773174782931,57.74822336848784,57.74822336848784,13223200
2022-05-17,58.048255920410156,58.3306430369246,57.368764235642246,58.3306430369246,21300600
2022-05-18,54.006587982177734,57.8188140389461,53.79479596253063,57.730569327779776,31437300
2022-05-19,52.9476318359375,53.79479313739576,52.647595120881064,53.79479313739576,31493900
2022-05-20,53.81243896484375,54.041880571791296,52.647591415736414,53.380035220420325,29133800
2022-05-23,55.471466064453125,55.68325469357128,54.350740855884226,54.403689696323546,19406900
2022-05-24,56.4951171875,56.64514058649067,55.3743953358918,55.48911614130855,16154200
2022-05-25,56.539241790771484,56.89222732372088,56.12448429450387,56.47746982745327,15360500
2022-05-26,56.742210388183594,57.44817471805745,56.44217033019196,56.53924151960346,16159800
2022-05-27,57.077545166015625,57.20991558697927,56.60101569013009,56.70691337342886,17709000
2022-05-31,55.93035125732422,56.759862972174666,55.63913765657636,56.54807432283067,43159000
2022-06-01,55.656776428222656,56.19507780376876,54.827264874984586,55.9656362176413,15408300
2022-06-02,56.23920822143555,56.24803471172529,54.809623129592104,55.75385561141114,14586000
2022-06-03,55.56853485107422,56.15095860542799,55.427341315664805,56.09800976727968,13539900
2022-06-06,55.48029327392578,56.27450910740846,55.294977368219755,55.88622768121682,15112800
2022-06-07,55.81563186645508,55.92152619382975,54.90669854332255,55.04789210192877,17886300
2022-06-08,55.4979362487793,55.78032331882761,55.206726055556715,55.58618431211903,10211500
2022-06-09,54.53605270385742,55.903865667074754,54.518403091686444,55.48028507392922,13382200
2022-06-10,54.19189453125,54.615475131031026,53.353556454752,53.83890901493946,14967600
2022-06-13,54.130126953125,54.96846509749341,53.53887667038615,53.609475125891535,23064200
2022-06-14,52.64577865600586,54.121246918900965,52.13914218800609,53.97903323298247,24620000
2022-06-15,53.0368537902832,53.89902597894606,52.41467117025948,53.330171360272374,19684700
2022-06-16,52.50355529785156,52.9035322753889,51.774709867957355,52.12135545160935,15053800
2022-06-17,52.82353591918945,53.44572194063849,52.556885735894454,53.063522101347274,34781900
2022-06-21,53.952354431152344,54.11234520776678,52.45021918301026,52.87686351440928,17705000
2022-06-22,54.35234069824219,54.61899090813674,53.61460494720451,53.86347802435391,15207100
2022-06-23,55.00118637084961,55.02785037250644,54.42344147024999,54.485659734543354,17190900
2022-06-24,56.03224182128906,56.05001895437401,55.20562378136694,55.20562378136694,18147100
2022-06-27,55.916683197021484,56.25444189026369,55.66781015496981,55.978901457534405,12142100
2022-06-28,55.356719970703125,56.672197199703646,55.20561943733308,56.067791675582264,13150100
2022-06-29,55.75669860839844,56.094457339155404,55.4900484064919,55.5878209383406,11795500
2022-06-30,55.916683197021484,56.09445110876164,55.25005607097657,55.39226972224052,15514200
2022-07-01,57.22327423095703,57.28549249600669,55.836691877689,56.10334206942199,15143200
2022-07-05,56.24555587768555,57.04550984561113,55.48115617292137,57.04550984561113,15921200
2022-07-06,56.36110305786133,56.965508551806586,56.16555800971842,56.52998071448593,13450500
2022-07-07,55.916683197021484,56.51220519275487,55.73002841548272,56.22777449958608,14828400
2022-07-08,56.12112045288086,56.36999351863125,55.89002451906139,56.02334792258143,11311500
2022-07-11,55.943355560302734,56.4055508436666,55.63226421123157,55.987800087862674,12702100
2022-07-12,55.703365325927734,56.39665989618283,55.52560079110243,55.99668291154357,14731100
2022-07-13,55.44560623168945,55.99668375738256,55.09007037538609,55.40116509731183,13145300
2022-07-14,55.2678337097168,55.33005197080217,54.48565692524808,54.512324316171046,14433000
2022-07-15,55.55226516723633,55.97001928629912,55.170065311634445,55.77447422790527,21968400
2022-07-18,54.7967529296875,55.60559373375078,54.6723130139046,55.57003947209853,10780800
2022-07-19,55.57892990112305,55.68559269290984,55.04562950475397,55.18784316982847,10998200
2022-07-20,54.663429260253906,55.62337403574663,54.35233792966341,55.463383239831174,11010500
2022-07-21,54.53899383544922,55.00118910074097,54.0323574349766,54.45010817444622,11959600
2022-07-22,54.74341583251953,54.992288856868804,54.50342967733673,54.55676106425757,11644700
2022-07-25,55.27671813964844,55.3744906572214,54.494544780346274,54.707863554468396,14941700
2022-07-26,56.1833381652832,56.707751684829624,55.578929248157124,55.77447430682768,20118000
2022-07-27,56.005577087402344,56.165567902127265,54.92119904282871,55.89003080282226,12142900
2022-07-28,56.93885040283203,57.10773146745442,55.89891357404538,55.92557757766308,10837000
2022-07-29,57.03662109375,57.143283886056594,56.556652090935316,56.62775722849847,13734200
2022-08-01,57.34770965576172,57.80990828546438,56.91218180880827,56.96550981174236,12831500
2022-08-02,56.56553649902344,57.41881845648053,56.37888170657491,57.4099281955214,15241900
2022-08-03,56.81441879272461,56.97440960958986,56.2722314585053,56.485550287231206,11317000
2022-08-04,56.59220886230469,56.64554026401606,55.92558159879975,56.565544856769804,11795600
2022-08-05,56.334442138671875,56.556651199847686,55.70336582804526,56.556651199847686,10445400
2022-08-08,55.97001266479492,56.71663515593942,55.774467629534925,56.441094732676774,9165200
2022-08-09,56.0411262512207,56.272225580616315,55.86335831875668,56.15667591591851,7910900
2022-08-10,56.574424743652344,56.69886126751641,56.08556212755641,56.55664761300877,8857300
2022-08-11,56.192230224609375,56.87663456121577,56.06779368897936,56.609980966989966,8507800
2022-08-12,56.618865966796875,56.67219396817315,56.07667534853156,56.378879788680706,9489300
2022-08-15,57.3299446105957,57.49882568721118,56.50332653333113,56.56554480661844,9863300
2022-08-16,57.801021575927734,57.9787928987675,57.178838899194986,57.39215770532013,9569600
2022-08-17,57.667694091796875,57.969901946381285,57.56103808064679,57.62325634757851,8144000
2022-08-18,57.96990966796875,58.085455955866266,57.51660121635274,57.738810310890315,6532000
2022-08-19,57.92545700073242,58.19211058923853,57.73880220129113,57.96101126461873,8921100
2022-08-22,57.06327819824219,57.70324131215291,56.87662681087267,57.63213279254468,9087900
2022-08-23,57.12550354003906,57.21439259121071,56.601093400795385,56.725529934896684,8443800
2022-08-24,57.20550537109375,57.40105044401526,56.929968285404094,57.09884257278669,6844700
2022-08-25,57.48103713989258,57.51659140270623,56.796636229255995,57.2055000796896,7913900
2022-08-26,56.094459533691406,57.596595053331264,55.97890986510955,57.53437678347367,10089500
2022-08-29,55.75669860839844,56.02334881030498,55.472271274279294,55.72114434397323,9115900
2022-08-30,55.24116897583008,55.91668296891793,55.09895532514627,55.91668296891793,8456800
2022-08-31,54.85007858276367,55.578923962219655,54.841191713051664,55.44560057269431,14633600
2022-09-01,55.107845306396484,55.14339956873512,54.476772407770646,54.7345357237641,14939700
2022-09-02,54.35234069824219,55.79225454418585,54.130131624889835,55.454495803310685,11809800
2022-09-06,54.37900924682617,55.08119079105916,54.21013155759514,54.47678178977528,12181800
2022-09-07,55.383384704589844,55.543375491442355,54.50343537690103,54.50343537690103,13290700
2022-09-08,55.214508056640625,55.37449885624163,54.52121685213045,55.17895718278362,17193500
2022-09-09,55.392269134521484,55.89001860398456,54.98340531530585,55.258942354470754,11855900
2022-09-12,55.55226516723633,55.827805623096644,55.34783323829784,55.490046901500314,13026900
2022-09-13,53.7479248046875,55.303388117229986,53.57904376074411,55.28561098678116,18532800
2022-09-14,54.03235626220703,54.29011958755906,53.72126154141075,53.89902946891702,12881600
2022-09-15,53.298194885253906,54.07712276848715,53.145992706111,54.07712276848715,11451900
2022-09-16,53.30714797973633,53.53992877898618,52.92216159164644,53.414585008977674,20493500
2022-09-19,53.71004104614258,53.808522997205046,53.029598559228184,53.17284906983728,12596200
2022-09-20,53.62946701049805,53.745855712268316,53.11018173049455,53.43249626079164,11984600
2022-09-21,53.18180465698242,54.34571549374325,53.172849578842744,53.8443369941311,14165300
2022-09-22,53.056461334228516,53.477261238035034,53.00274452292512,53.31610397340113,11657600
2022-09-23,52.46554946899414,52.913207752570415,51.92836089484729,52.78786397962692,14824000
2022-09-26,51.81196594238281,52.43868818807959,51.6508086959076,52.367064642624754,18670100
2022-09-27,50.47795486450195,52.2596331270911,50.41528297076437,51.99999388819056,23829300
2022-09-28,51.015140533447266,51.25687643038596,50.05715202448385,50.72863948863738,21480100
2022-09-29,50.6480598449707,51.29268889060177,50.13772965563338,51.113624887330715,14570700
2022-09-30,50.15563201904297,51.14943390584732,50.13772527874289,50.91664969730786,16124600
2022-10-03,50.71968460083008,50.898745180931535,50.19144769266284,50.46004197817667,16277600
2022-10-04,50.8360710144043,51.75824935429532,50.54957000065994,50.98827659909682,18861400
2022-10-05,50.35260772705078,50.719687401104146,49.69902359522133,50.58538854325167,14324900
2022-10-06,49.26926803588867,50.22725645914931,49.12601752629909,50.1377261714164,17192800
2022-10-07,48.8036994934082,49.322984687684894,48.57091871293468,49.2334544064323,11479800
2022-10-10,48.69626235961914,49.20659247536732,48.36499622132114,48.88427799902925,10239100
2022-10-11,48.77684783935547,49.439383624500984,48.56197376848142,48.75894109755567,14303900
2022-10-12,49.36775207519531,50.17353830458777,49.27822178986791,49.448330698134555,18377400
2022-10-13,50.02132797241211,50.20934701832874,48.57986797409773,48.776838681552704,16220700
2022-10-14,49.22450256347656,50.55852570010698,49.188689082477815,50.39736845097414,15997900
2022-10-17,49.860172271728516,50.334692316488166,49.752735253166115,49.806455470127936,13721400
2022-10-18,50.53166198730469,50.836069733659116,50.227254240950266,50.41527330146432,11823100
2022-10-19,50.10190963745117,50.62119483767415,49.89598725592317,50.41527245614615,10182300
2022-10-20,49.31403732299805,50.066099947922744,49.20659687769886,49.93180451434116,16905100
2022-10-21,50.10190963745117,50.23620847622921,49.23345497020025,49.24240663228349,15034100
2022-10-24,51.543365478515625,51.68661596757913,50.64804906802849,50.7107209435337,17416700
2022-10-25,52.778907775878906,52.92215827768428,51.7045273046579,52.85948639660452,28829900
2022-10-26,53.1728515625,53.52202448501827,52.69833486424304,52.83263030309375,15831400
2022-10-27,53.298194885253906,53.5757442544319,53.16389944754459,53.51307236709521,16026100
2022-10-28,54.39942932128906,54.53372816313487,53.2444736259331,53.33400391025602,12888900
2022-10-31,53.584693908691406,54.22932291468784,53.423536657192294,54.17560269240095,14016400
2022-11-01,53.39667510986328,53.978632196608245,53.15493924684744,53.74584799576571,10659500
2022-11-02,52.653560638427734,53.9249083335321,52.61774716143182,53.39667150160649,14549200
2022-11-03,52.626712799072266,52.82368355949812,52.01789718990332,52.026852269211076,9194000
2022-11-04,53.056461334228516,53.35191745784463,52.4297424332765,53.09227481867202,9725900
2022-11-07,53.26238250732422,53.513070045796624,53.038553372156265,53.05645669745153,8849700
2022-11-08,53.36086654663086,53.53097888184871,52.76995774327164,53.4951653991332,10081600
2022-11-09,52.61775588989258,53.3966803592786,52.59984914842418,53.35191521328846,10115200
2022-11-10,54.506866455078125,54.65011695052354,53.43248603155693,53.942816135041284,16804800
2022-11-11,54.90079879760742,55.01719088044481,53.90699709380088,54.94556393243384,18972100
2022-11-14,54.37257385253906,55.25893874274686,54.354667111636104,54.900810755410824,16361000
2022-11-15,54.283042907714844,55.01720219906054,53.71899252985018,54.73070117879693,13295800
2022-11-16,54.18455505371094,54.64116496649013,53.97863266831159,54.42629091883924,14199500
2022-11-17,54.35466384887695,54.38152566629976,53.83538205530852,53.88909885943133,11212600
2022-11-18,54.739654541015625,54.94557694226347,54.43524677061409,54.60535910473833,10415600
2022-11-21,55.58125305175781,55.69764174417314,54.79337353162122,54.981389187395145,15399400
2022-11-22,55.82297897338867,55.95727780626819,55.55438472299082,55.930419405836766,12319600
2022-11-23,56.07368087768555,56.21693140029863,55.77822475365503,55.94833709731934,8990400
2022-11-25,56.12739562988281,56.23483607942228,55.84984967364353,56.163209113062635,5165500
2022-11-28,56.136348724365234,56.494473297421266,56.011004953027545,56.1273936462059,12267500
2022-11-29,55.93938446044922,56.01996309639671,55.4917261308214,55.97519794650633,10969600
2022-11-30,57.35498809814453,57.41810445760049,55.67788839926644,55.912320100162354,30433900
2022-12-01,57.51728820800781,57.805821119271634,57.19268782294011,57.35498801547396,12001400
2022-12-02,58.02222442626953,58.17550604467651,57.16564420183726,57.35499329736962,13643500
2022-12-05,57.228763580322266,57.52631168331386,57.03941103523586,57.174662361785565,9185100
2022-12-06,57.20170593261719,57.598441285829466,57.01235684472067,57.27384088395898,10099500
2022-12-07,57.2918701171875,57.45417030536179,57.03038609850852,57.21072002310035,12307600
2022-12-08,57.53532791137695,57.5713919493371,57.1205587987876,57.34597537406235,9946200
2022-12-09,56.93120574951172,57.56237280438906,56.886123125502706,57.35498998228062,13914900
2022-12-12,57.679603576660156,57.71567105995378,56.81400117553584,57.07548527003782,11647900
2022-12-13,57.697628021240234,58.337806828832385,57.52630922299313,58.23862298554911,17521600
2022-12-14,57.697628021240234,58.292727641355945,57.31892638684808,57.87796196906584,12826700
2022-12-15,56.90415573120117,57.60745428258759,56.34512363752437,57.336955104330016,12212300
2022-12-16,56.57955551147461,56.93120478822449,56.20085734869279,56.57955551147461,33631500
2022-12-19,56.66070556640625,57.174655038127355,56.327090027123916,56.65169041759697,10919700
2022-12-20,56.615623474121094,56.940223867638174,56.57955599937837,56.64267236038628,10286500
2022-12-21,57.52631378173828,57.751733814071954,56.868097743660044,56.868097743660044,10411300
2022-12-22,57.11153793334961,57.33695448606419,56.48938948610747,57.183669441634784,9666700
2022-12-23,57.54433822631836,57.58942084966885,56.98530612968821,57.25580530937482,6463300
2022-12-27,57.89599609375,57.96813105348021,57.4451629141888,57.64353061386267,7320700
2022-12-28,57.31892395019531,58.292725163306464,57.2467924378818,58.1214063723422,7159400
2022-12-29,57.661556243896484,57.84189017827446,57.436139685819946,57.52630493321708,7169300
2022-12-30,57.35498809814453,57.63450242156846,56.95825276489721,57.63450242156846,7650200
2023-01-03,56.75989532470703,57.30991232823256,56.06561184809152,57.30991232823256,12180500
2023-01-04,56.732845306396484,57.102531813300864,56.36316223907628,56.940231594517925,13387900
2023-01-05,56.083641052246094,56.6246394226923,55.975442066073605,56.444305486015644,9814700
2023-01-06,57.165645599365234,57.409092476953276,56.42627949813927,56.723827592738004,9990000
2023-01-09,56.453330993652344,57.45418119726938,56.42628210368999,57.07547953987561,9442600
2023-01-10,56.02051544189453,56.56151372302708,55.83116294787327,56.444296167601195,10134600
2023-01-11,55.91232681274414,56.40824603884111,55.37132839829076,56.24594582658829,10823000
2023-01-12,55.19099807739258,56.065615563222195,54.97460007321024,56.00249919203699,13907300
2023-01-13,55.38935470581055,55.41640359102887,54.63195496344549,54.73113879535742,13986400
2023-01-17,55.61477279663086,56.245939839363174,55.50657381317448,55.659855419772384,18327800
2023-01-18,53.92866134643555,55.533626221233845,53.8114437671664,55.46149126796548,19679400
2023-01-19,53.84751510620117,54.67704649078504,53.8384965166038,53.85653025621442,14894500
2023-01-20,54.1721076965332,54.18112284524116,53.558974396883116,53.84750730970861,14237700
2023-01-23,54.30735778808594,54.613924450462314,54.145057588028806,54.35244041263874,12613400
2023-01-24,54.59589385986328,55.768059363723765,53.91964413383793,54.172113037137834,10103300
2023-01-25,54.93852615356445,54.94754130285531,54.00079240645701,54.28031018864784,11265800
2023-01-26,54.830326080322266,55.09180667959496,54.61392466619668,54.830326080322266,11884800
2023-01-27,54.54179382324219,54.965574628408795,54.43359139506091,54.85737563981135,14087000
2023-01-30,54.677040100097656,55.15492210537955,54.51473990215593,54.58687485216725,15632000
2023-01-31,55.29016876220703,55.30820249819167,54.5598179329545,54.98360212963499,14344400
2023-02-01,55.299190521240234,55.52460707460009,54.65900489561467,55.12787173935321,12535400
2023-02-02,54.352439880371094,55.01967441180334,54.01882433444685,54.821306738213046,16947200
2023-02-03,53.94669723510742,54.478677058539205,53.40569538278164,54.415560691705466,15404400
2023-02-06,54.253257751464844,54.40654280576923,53.847510682106346,53.910627045765835,11330900
2023-02-07,54.1630973815918,54.31638244971025,53.68521531665057,53.802429465676504,14922700
2023-02-08,53.84751510620117,54.027845623139136,53.73029751852419,54.027845623139136,11012000
2023-02-09,53.75733947753906,54.38850652420179,53.739305740253414,54.23522491664936,12515300
2023-02-10,53.75733947753906,54.00980835995436,53.09010839588874,53.84750816396727,14420700
2023-02-13,54.64097595214844,54.785242421371635,53.856527240721306,54.009812299036916,16191800
2023-02-14,53.730289459228516,54.91147342967118,53.70324057366185,54.28932154496906,20505700
2023-02-15,53.730289459228516,54.036856107457254,53.40568907409412,54.0098072218906,13171400
2023-02-16,53.39667892456055,53.93767732404504,53.15322861291734,53.40569407406558,16538300
2023-02-17,54.20817947387695,54.30736332174976,53.540948307506625,53.64914730537509,16814700
2023-02-21,53.919639587402344,54.307356339465144,53.84750807795867,54.09095837155046,14278300
2023-02-22,54.08194351196289,54.42457766429932,53.874560678586185,53.96472593150339,12409600
2023-02-23,54.18112564086914,54.47867371775543,53.92866018901607,54.10899068914894,12222800
2023-02-24,53.95570755004883,54.018823911226924,53.54995705705839,53.811441090272645,9736200
2023-02-27,53.93767547607422,54.370474868750364,53.86554396375344,54.26227588047728,8849800
2023-02-28,53.658164978027344,53.82948379225617,53.32454937915775,53.82948379225617,16082200
2023-03-01,53.072078704833984,53.360611644234716,52.630260706610635,53.31552901737535,13275800
2023-03-02,53.84751510620117,53.901612885448905,53.01798028203317,53.05404776125442,11758300
2023-03-03,53.59503936767578,53.811440775867545,53.387656547933176,53.694223203114355,13101800
2023-03-06,54.42457962036133,54.4426133595097,53.39668056599246,53.43274460470516,16282700
2023-03-07,54.10898971557617,54.61392404978093,53.874558005871236,54.54179253894239,13961200
2023-03-08,54.13603973388672,54.39752375864448,53.856521972292185,54.13603973388672,10851600
2023-03-09,53.61307144165039,54.586872588925694,53.45077125043784,54.586872588925694,13900900
2023-03-10,53.387657165527344,54.22620704264735,53.1892929319392,53.82947513588733,13745800
2023-03-13,53.92866134643555,54.884425400154136,53.42372699230867,53.45979446894285,21956000
2023-03-14,54.12702560424805,54.51474237921674,53.51389225962703,54.09997671655661,19496900
2023-03-15,54.48768997192383,54.53277259502543,53.414708407937624,53.58602375155717,21089900
2023-03-16,54.78752136230469,54.82386549234937,54.24237327550246,54.59671987852061,15658300
2023-03-17,54.53312301635742,54.83295344428014,54.18786068986914,54.796612777781824,27351200
2023-03-20,55.060096740722656,55.060096740722656,54.48769227549159,54.66032169843899,12904100
2023-03-21,54.80569839477539,55.196389163249435,54.4059233259503,55.032844029192056,13716500
2023-03-22,54.56037902832031,55.3054164091885,54.542206962205576,54.878384986377405,10494200
2023-03-23,54.4422607421875,54.86929561849909,54.260547018279446,54.596721566669885,15479000
2023-03-24,55.33268356323242,55.44171250838087,54.433185234346595,54.74210346724027,12975600
2023-03-27,55.74153518676758,55.85965188265828,55.37810426505593,55.55073369292142,12777400
2023-03-28,55.80513381958008,56.09588339958594,55.668848528230875,55.77787745450365,10925700
2023-03-29,56.204917907714844,56.286690477032245,55.959600199762654,56.0777169034361,9441000
2023-03-30,56.195831298828125,56.413892643489255,56.0232018560317,56.22309113314044,9870700
2023-03-31,56.359375,56.55926427199856,56.21400192926488,56.38663483361542,14440900
2023-04-03,56.6955451965332,56.80457411800506,56.20490985095949,56.60468487366756,12300700
2023-04-04,56.52291488647461,57.00446595464395,56.40480166032841,56.68646000910313,11433400
2023-04-05,57.05897521972656,57.25886446101498,56.78640118722127,56.81365755068174,12789600
2023-04-06,57.09532165527344,57.27703883960827,56.677374557480256,57.11349372030362,9644200
2023-04-10,56.95903396606445,56.95903396606445,56.35028537301698,56.777320244297314,7952600
2023-04-11,56.859092712402344,56.977205938164225,56.695547590305985,56.92269320811015,9913000
2023-04-12,56.95903396606445,57.26795214542249,56.61377512193324,56.76823247862872,9593700
2023-04-13,57.37697982788086,57.38606412683671,56.768227818835435,57.02262978120062,9871400
2023-04-14,57.28612518310547,57.376985511498276,57.04080749539559,57.28612518310547,8946000
2023-04-17,57.65864562988281,57.722246128721416,57.36789950205857,57.53144463220561,9452400
2023-04-18,57.74950408935547,57.78584475468024,57.41332607385607,57.70407219225703,9035700
2023-04-19,57.8585319519043,57.99482070875585,57.63138633446307,57.903960382199124,9769500
2023-04-20,58.11293411254883,58.14927824328298,57.64047081090611,57.81310369890978,10706400
2023-04-21,58.194705963134766,58.3945882699261,57.967556895332024,58.14927406999412,12931100
2023-04-24,58.103851318359375,59.048774480161356,57.80401743098435,58.830716622040576,15532300
2023-04-25,58.01299285888672,58.30373898972974,57.81310706016169,58.30373898972974,12818900
2023-04-26,57.74041748046875,57.94030674061217,57.5950444183555,57.749505246457375,13179600
2023-04-27,57.8585319519043,57.93121674718261,57.34064022141568,57.72224319505274,13795800
2023-04-28,58.28557205200195,58.29465981845664,57.676819940330844,57.79493664247014,13687600
2023-05-01,58.42185974121094,58.77620637511169,58.20379494193769,58.285570974648806,9091500
2023-05-02,58.15836715698242,58.27648038524932,57.486014588996866,58.27648038524932,10948400
2023-05-03,57.83127975463867,58.31282738920821,57.76767925444901,58.16745085624063,11084600
2023-05-04,57.8948860168457,58.08568753640431,57.70408103131944,57.91305808527523,11938300
2023-05-05,58.16745376586914,58.340086674419865,57.81311057992143,57.82219488070266,9039000
2023-05-08,58.07658767700195,58.20378866355634,57.794929339907796,57.97664652039989,7240700
2023-05-09,57.59504699707031,57.922137267961816,57.49510236252376,57.82219263341526,9067700
2023-05-10,57.69498825073242,57.82218924507693,57.23161270476783,57.53144312487029,10134000
2023-05-11,58.02207946777344,58.085679966003816,57.249782257027505,57.767677474851915,9581500
2023-05-12,58.24922180175781,58.3219100618933,57.87670313348098,58.02207618778494,8740800
2023-05-15,58.09476089477539,58.37642270342721,57.88578734614998,58.34916633890081,8150000
2023-05-16,57.440589904785156,58.05842631589771,57.38607370405145,58.05842631589771,9129600
2023-05-17,57.37697982788086,57.622294025323406,56.99537341836629,57.60412542741172,11583000
2023-05-18,57.05897521972656,57.27703652531091,56.85000167927361,57.249776695883575,13595100
2023-05-19,57.086246490478516,57.33156074272277,56.886357209127944,57.2770480048763,14251400
2023-05-22,55.88691329956055,57.12258617018489,55.82331279586378,57.04990136566037,15055400
2023-05-23,55.78697204589844,56.03228629353544,55.57799500151988,55.88691321872916,13932700
2023-05-24,55.31449890136719,55.81421854099236,55.169125852276835,55.76879011302041,11090100
2023-05-25,54.887474060058594,55.1782202112464,54.651244111956316,54.94199026314412,14463600
2023-05-26,54.75117492675781,55.09643721570974,54.614889643779556,54.923807804217205,12570300
2023-05-30,54.31505584716797,54.69666226508861,54.07882594347757,54.59671764453876,15634200
2023-05-31,54.206031799316406,54.76935197872042,53.94254204254283,54.44226172423836,59432200
2023-06-01,54.51495361328125,54.66941098485453,54.30598004034643,54.460437411919706,13402700
2023-06-02,55.568904876708984,55.71427793627919,54.587637591101895,54.760267016226784,15259800
2023-06-05,55.196388244628906,55.82330893743697,55.01467104692639,55.423533875265235,12915600
2023-06-06,54.79661178588867,55.41444816275045,54.6239788927858,55.37810403094278,10943500
2023-06-07,54.71484375,54.84204475588567,54.35140933378312,54.52403877520403,16817900
2023-06-08,54.85112380981445,54.88746794115313,54.49677719418017,54.633065953716645,15585900
2023-06-09,54.94198989868164,55.12370364249297,54.66941235102966,54.76027268890282,12581500
2023-06-12,54.70575714111328,55.10553570060631,54.53312769603881,55.05101949722975,14208900
2023-06-13,54.9238166809082,55.12370248810821,54.55129796834817,54.7057553405467,13397800
2023-06-14,55.29633331298828,55.496222578635034,55.06009991432079,55.178216613654534,14099700
2023-06-15,56.05619812011719,56.12028299339418,55.24140173785522,55.48858774579374,15271400
2023-06-16,56.45901870727539,56.916769804921,56.285074547421,56.3949338329941,26738000
2023-06-20,56.08366394042969,56.724516186959065,56.06535696947962,56.385781346562425,13971800
2023-06-21,56.239295959472656,56.504792414557095,55.82731930371464,56.12943668205833,13948700
2023-06-22,56.623809814453125,56.85268536502466,56.38578077849877,56.58719238055813,15193400
2023-06-23,56.02873229980469,56.73366937465671,56.01042183771409,56.70620193533904,25112100
2023-06-26,56.04704666137695,56.11113153697098,55.28717814738518,56.03788968351278,12856100
2023-06-27,55.92803192138672,56.175217945005606,55.827326116316364,56.04704819032112,9068500
2023-06-28,55.406192779541016,55.8822543358923,55.296333494956464,55.735774125658345,11173200
2023-06-29,54.94844055175781,55.25055445121994,54.71956500971902,55.13154168386157,17142300
2023-06-30,55.13154602050781,55.250558797227725,54.81111814103048,54.930134410114285,19739200
2023-07-03,55.461124420166016,55.50689883125404,54.957595421106554,55.11323260964231,9694500
2023-07-05,55.87309265136719,55.9371775196731,55.076606793591324,55.18646606892097,14716600
2023-07-06,55.44282150268555,55.8639517297906,55.38789010648586,55.59845522003839,12603900
2023-07-07,54.71041488647461,55.38788811242378,54.682950935545605,55.213943935933344,14574000
2023-07-10,54.298439025878906,55.06746104595868,54.14280182929553,54.90267036362988,15480600
2023-07-11,54.490684509277344,54.52730543083848,53.868142812191174,54.43575312693563,15967700
2023-07-12,54.78364944458008,54.97590406018999,54.426604160629225,54.70125411040961,14241300
2023-07-13,55.25055694580078,55.35126274762293,54.91182210615119,55.03999185670164,11269800
2023-07-14,55.75408935546875,55.88225911383654,55.0125312633014,55.05830567809504,11634200
2023-07-17,55.67169189453125,55.93718488718246,55.37873146015733,55.62591398911469,10014300
2023-07-18,55.451969146728516,56.07451093527661,55.305488931326835,55.80901445349737,11152900
2023-07-19,56.43155288696289,56.56887960864651,55.552671646805834,55.63506698134328,12936000
2023-07-20,57.11818313598633,57.13649359953056,56.459020417849196,56.468177395803224,11563000
2023-07-21,57.16395950317383,57.3836815808534,56.9808618461988,57.182269967344126,12815100
2023-07-24,57.1822624206543,57.50269026279969,57.12733452775653,57.1456414971468,10251100
2023-07-25,56.99000549316406,57.118175227864526,56.80690437543625,57.03577989950518,13422700
2023-07-26,57.722412109375,57.83227139379615,56.20267862082169,56.63296576565307,17145500
2023-07-27,57.16395950317383,57.92382805060322,57.1090316030269,57.72241643709395,11517100
2023-07-28,57.20058059692383,57.4660770896149,56.962551546749594,57.30128640396968,9721800
2023-07-31,56.697052001953125,57.173113569038286,56.51395086194133,57.173113569038286,15577900
2023-08-01,56.550567626953125,57.09071402943936,56.41324090895898,56.843528032468015,9281600
2023-08-02,56.724510192871094,57.30127750303682,56.358311442381854,56.358311442381854,11059400
2023-08-03,56.43155288696289,56.87099350704142,56.330847090043385,56.64211796581113,8037400
2023-08-04,55.58013916015625,56.6604320634627,55.49774382033241,56.468177434661676,9359300
2023-08-07,56.019569396972656,56.14774261804901,55.60759626678409,55.65337067098692,6982600
2023-08-08,55.77238845825195,56.16605465618785,55.497738515878034,56.01957445409753,7956100
2023-08-09,55.900569915771484,56.42240593077078,55.61676295455481,55.76324317819735,7904100
2023-08-10,55.77238845825195,56.51394644578868,55.65337569505347,56.16605465618785,7870300
2023-08-11,56.00126647949219,56.028733919603944,55.56182585370421,55.69915257717205,8483900
2023-08-14,55.73577117919922,56.28507106544703,55.61675492331224,56.13859086295671,7176300
2023-08-15,55.36042404174805,55.75409030191115,55.26887171824264,55.56183216873183,7187400
2023-08-16,55.369571685791016,55.68084256813863,55.29633332707823,55.42450307409837,8372300
2023-08-17,55.488590240478516,55.86394601184645,55.34211002463649,55.46112629137183,12873500
2023-08-18,55.79985809326172,55.9280278385897,55.2688651570588,55.42450234235965,11083800
2023-08-21,55.323795318603516,55.78154639455266,55.22308952311653,55.71746152330887,8648500
2023-08-22,54.985069274902344,55.461130888944055,54.911827414727874,55.24140880078476,9411500
2023-08-23,55.17731857299805,55.33295227224275,55.07661277119793,55.11323369773684,7749500
2023-08-24,55.03083801269531,55.73577512849359,55.012527549541154,55.17731822556484,8955100
2023-08-25,55.287174224853516,55.45196489107906,54.939282430336974,55.305484686918966,7629200
2023-08-28,55.44282150268555,55.59845522003839,55.26887382756863,55.43366452380351,6254300
2023-08-29,55.38788604736328,55.50690231755836,55.06746165725799,55.4428174395373,8189600
2023-08-30,55.36042404174805,55.60761007666655,55.19563335180237,55.51605775316116,9447900
2023-08-31,54.774497985839844,55.360418831676114,54.756187522862,55.204781642546266,14663500
2023-09-01,54.298439025878906,55.049150582103934,54.12449136544079,54.93013431323005,11262300
2023-09-05,53.84983444213867,54.30758550233527,53.71250772713432,54.243500633296826,12474600
2023-09-06,53.8132209777832,53.85899888403853,53.48363960998282,53.66674075791236,13923500
2023-09-07,53.4012451171875,54.16111012879264,53.37377767632108,53.96885550454645,17628600
2023-09-08,53.4012451171875,53.47448347731588,53.10828119958277,53.37377767632108,14312300
2023-09-11,53.90476989746094,54.00547569708757,53.30969207732016,53.465329265569586,14767400
2023-09-12,53.373783111572266,54.01463541668371,53.27307730032223,54.005481930371936,12292700
2023-09-13,53.501949310302734,53.72167138315455,53.41040048382673,53.46533187513065,12641400
2023-09-14,53.94487762451172,54.06483814145252,53.695730483206134,53.74187158054057,12311600
2023-09-15,53.46503829956055,54.11097493206553,53.28971410048166,53.898739263684305,55727500
2023-09-18,53.79723358154297,53.84337115736193,53.17898232141183,53.50194887221595,13617400
2023-09-19,53.68650436401367,53.88028430051837,53.446583330184666,53.760323783603866,11998900
2023-09-20,53.926422119140625,54.286303671494935,53.59422944939064,53.79723549422593,14766600
2023-09-21,53.09593200683594,53.907963178025476,52.98519760343356,53.861825603310145,15941800
2023-09-22,53.151302337646484,53.49272817740891,53.059027176672274,53.381993760153755,14644100
2023-09-25,52.59764099121094,53.04979769944054,52.35772347587198,52.96674865180945,12358800
2023-09-26,52.1639404296875,52.50536625046064,52.04398343110711,52.34849426144323,11194700
2023-09-27,51.62874221801758,52.16394449978973,51.379595053718326,52.06243970840057,13766300
2023-09-28,51.49954605102539,51.970154927561175,51.3980412784211,51.88710588816413,12484800
2023-09-29,51.65641784667969,51.924020715398854,51.32422166758988,51.80406020182278,12271600
2023-10-02,51.19503402709961,51.68409865875608,50.82592990662974,51.59182350865645,11792500
2023-10-03,50.641380310058594,51.14890071807855,50.5491016321912,50.89975356794403,13604200
2023-10-04,50.78902053833008,51.01048231575362,50.48450619428335,50.65060428738675,12100500
2023-10-05,48.3344612121582,50.70596842925818,48.20527459645179,50.51218850569855,29878100
2023-10-06,49.0357666015625,49.17418285856963,47.568569061587816,48.020725783749015,30298900
2023-10-09,48.79584884643555,49.0449959958188,48.08531886932143,48.86966826843524,15704700
2023-10-10,49.857025146484375,50.133857647566025,49.423327700261304,49.94930382020208,20909700
2023-10-11,49.56174087524414,50.087716999902334,48.92503386120304,50.03235331524664,21138900
2023-10-12,48.73125076293945,49.67247206180376,48.38059886256147,49.60787523377749,19330400
2023-10-13,48.8050651550293,49.294129727806215,48.57437378748231,48.66665244654366,14494600
2023-10-16,49.303367614746094,49.4233281315903,48.75893575531039,48.92503384938037,12816800
2023-10-17,49.89393615722656,49.92161799905162,49.100357170908126,49.19263584377739,16457200
2023-10-18,49.8754768371582,50.31840387487478,49.75551633108772,49.92161441024033,12809500
2023-10-19,50.152305603027344,50.53063933296107,49.700152460460075,49.97698141796041,16202200
2023-10-20,50.355316162109375,50.77056136675898,50.235355654083655,50.31840469501358,15686400
2023-10-23,49.903167724609375,50.65060564351523,49.875482361636564,50.17999671383642,21212700
2023-10-24,51.34267807006836,51.831742717830224,51.02893762129794,51.35190769742507,25290800
2023-10-25,51.785606384277344,51.87788505970212,51.26885988218474,51.45341019289122,16701000
2023-10-26,51.47187042236328,52.256223391639594,51.416506732345745,52.01630233465744,16228400
2023-10-27,50.973575592041016,51.80406255745804,50.84438544535379,51.259630688098085,13626500
2023-10-30,51.813289642333984,51.93324663540635,51.13966765934536,51.14889728654872,15014300
2023-10-31,52.12702560424805,52.33926125074987,51.81328518766468,52.200845015171204,16639400
2023-11-01,52.08089065551758,52.48690978373554,51.91479256125959,52.41308684403354,14110800
2023-11-02,52.68069076538086,52.73605797125568,52.00707226755925,52.13625889452893,13087200
2023-11-03,52.35772705078125,53.14207648301792,52.32081557818683,52.96675226830208,13958700
2023-11-06,52.5699577331543,52.856012818347665,52.35772206605,52.394630015058816,12673200
2023-11-07,52.76374053955078,52.96675011047787,52.348495289959764,52.523819497533026,10449300
2023-11-08,52.68069076538086,53.031342695778264,52.523818775437974,52.89292644112699,13744000
2023-11-09,52.283897399902344,52.726824454012295,52.01629453802197,52.62531967743205,12021100
2023-11-10,52.339263916015625,52.53304383963672,51.730238784584145,52.47767663857157,11678900
2023-11-13,52.533042907714844,52.68991136117637,52.22852858736547,52.24698432072645,12798200
2023-11-14,52.68991470336914,52.81910484509071,52.42231535283875,52.61609528531396,12697100
2023-11-15,52.79142379760742,52.91138432183116,52.366952428904,52.874472849751285,10201900
2023-11-16,52.736053466796875,53.08670184717201,52.42231303378088,52.82832861530164,16010400
2023-11-17,52.837554931640625,52.91137786679419,52.320808465850824,52.7729616234169,14475800
2023-11-20,52.96674728393555,53.13284537490822,52.56072816374838,52.64377720923471,13051000
2023-11-21,53.54808807373047,53.55731770121731,52.902154952512,53.022111949268854,13891600
2023-11-22,53.907962799072266,54.01869720169622,53.64036345957594,53.760320448978284,11320600
2023-11-24,54.04637908935547,54.21247717336467,53.834143430915105,53.94487431356414,4816000
2023-11-27,53.94487762451172,54.15711329597836,53.769553422884016,54.0187005641896,16246500
2023-11-28,54.05561065673828,54.28630205724657,53.852601097868124,53.88951256676659,13739600
2023-11-29,53.732635498046875,54.13865105728531,53.612674995517146,54.05560554023137,11263600
2023-11-30,54.35581970214844,54.374422393827246,53.57452439214176,53.909365746159,22727500
2023-12-01,54.54183578491211,54.58834073384648,54.169792645336955,54.19769490507755,15371200
2023-12-04,54.47673034667969,54.839473930356455,54.35581463608733,54.49533303662469,14942200
2023-12-05,54.5604362487793,54.718557326427174,54.33720753565878,54.45812323643656,11891500
2023-12-06,54.504638671875,54.62555439592076,54.14189504783843,54.46743683594614,14868500
2023-12-07,54.634857177734375,54.77437204483048,54.3093153916421,54.56974598203537,11587900
2023-12-08,54.51393508911133,54.64415036910336,54.290706360481934,54.63485079828976,11178700
2023-12-11,54.913883209228516,54.96038815878673,54.411621238559306,54.7185602922239,14524800
2023-12-12,55.267333984375,55.267333984375,54.78367816093668,55.06271145848983,12899000
2023-12-13,55.74168395996094,55.82539428928442,55.11850627541943,55.2952300529358,16196800
2023-12-14,54.913883209228516,55.843996392793635,54.66275222389391,55.778888753792096,22478300
2023-12-15,54.504638671875,55.03480297594393,53.76054873178708,54.71856785599469,65177400
2023-12-18,54.89527893066406,55.332433249676896,54.523232248768025,54.69065290081123,16717700
2023-12-19,54.71856689453125,55.062707820506105,54.541843097546355,54.87668445172758,14612200
2023-12-20,53.58382034301758,54.56973803338329,53.5466149646377,54.41162049741904,17701000
2023-12-21,53.93727111816406,54.01167833617226,53.45361178275861,53.80705227747364,11725100
2023-12-22,54.24420166015625,54.37441694074828,53.965168409159,54.05817831012465,9029400
2023-12-26,54.467437744140625,54.606952614426746,54.0023810803187,54.0023810803187,6422500
2023-12-27,54.60694885253906,54.662756925669335,54.31861601161729,54.54184120793734,8560100
2023-12-28,54.64415740966797,54.75577001431313,54.43953134440124,54.55114749714713,8400100
2023-12-29,54.81157302856445,54.85807798052991,54.5325397686713,54.63485279185555,9244300
2024-01-02,55.63936996459961,55.695178032535985,54.56973839180362,54.690654098282344,16322600
2024-01-03,55.769596099853516,55.99282486696079,55.58357271861426,55.74169383450293,14830600
2024-01-04,55.58356475830078,56.048621370746105,55.49055485505187,55.85329844506316,12912900
2024-01-05,55.499855041503906,55.76028916006917,54.9603912100981,55.62077075554848,10412800
2024-01-08,55.90910720825195,55.97421485095256,55.26732680434535,55.50915823274797,11554600
2024-01-09,55.806793212890625,55.937008496024646,55.453349195740884,55.79749364185263,10493700
2024-01-10,55.99281692504883,56.18813985100042,55.788190879899325,56.01141961534427,12258000
2024-01-11,55.63007354736328,56.048621662260686,55.51845740516361,56.03932209112757,13754200
2024-01-12,56.169532775878906,56.2346404127802,55.68587351025495,55.88119996905893,13218000
2024-01-16,55.7974967956543,56.20674535836436,55.66727795705965,56.16953997590875,11826900
2024-01-17,55.7974967956543,56.002119302959045,55.63937569426822,55.676581076723835,8982100
2024-01-18,55.95560836791992,56.0207160062077,55.36963607522977,55.518454041044706,10397700
2024-01-19,55.64867401123047,56.06722210938179,55.471950233868554,56.04861941975947,14392600
2024-01-22,55.4068489074707,55.87190555671797,55.28593318519823,55.58356915686843,14314300
2024-01-23,55.667274475097656,55.806792876529116,55.30453088909627,55.36963853027086,14481600
2024-01-24,54.79296875,55.63007205351667,54.774366060132934,55.62076893453299,16370500
2024-01-25,55.02549743652344,55.034797007471944,54.560440830890855,54.88597903559353,14899700
2024-01-26,55.2208251953125,55.332441345071345,54.997599991996076,55.10921259365429,13025100
2024-01-29,55.555660247802734,55.61146831635295,55.03479558563478,55.19291667247693,14547100
2024-01-30,55.713783264160156,55.82539585702579,55.2952316057886,55.667274764707486,22061500
2024-01-31,55.33243942260742,56.22534730105129,55.14641606090649,55.89980553104953,22837000
2024-02-01,56.718299865722656,56.74620212502962,55.21151754544485,55.4068404567938,15870900
2024-02-02,56.309059143066406,56.61599468220015,56.020722747309954,56.56948972755572,17544900
2024-02-05,55.843997955322266,56.16023658850685,55.69517998371189,56.16023658850685,12759600
2024-02-06,55.75098419189453,55.85329721206994,55.509156319925616,55.769586881753725,12775200
2024-02-07,55.7974967956543,56.002119302959045,55.7509882935345,55.87190401246496,10259900
2024-02-08,55.64867401123047,55.77888929048646,55.258024625362246,55.704478531997175,12874800
2024-02-09,55.397544860839844,55.416147551079156,54.90458243974899,55.313834528813125,15235300
2024-02-12,55.52775573730469,55.58356025549318,54.839470445479236,55.49055035977897,13516800
2024-02-13,55.20221710205078,56.420666673602625,54.68135597987923,55.3417355015469,24195700
2024-02-14,55.14641189575195,55.42544514317799,54.91388359821355,55.03479575830134,15872500
2024-02-15,55.24872970581055,55.42544994994971,54.997598696917706,55.267328848898416,13695800
2024-02-16,55.23942184448242,55.45334745263531,54.8394728885139,55.20221646529925,13947100
2024-02-20,56.4578742980957,56.58808958381622,55.35103727327047,55.43474760667658,18339300
2024-02-21,56.96012878417969,56.99733061226318,56.5787825485492,56.72760050518305,14373000
2024-02-22,56.87642288208008,56.9694327816672,56.271847890463114,56.727604913880555,12982800
2024-02-23,56.92292022705078,57.313566010847225,56.73689690462877,56.82060722231369,13612900
2024-02-26,56.46717071533203,56.98803537722151,56.42066576561517,56.96013311701143,10336100
2024-02-27,56.12302780151367,56.532276311572836,55.918401772434045,56.309051141758786,9931100
2024-02-28,56.17884063720703,56.262550970018744,55.86260199637393,56.15093482753619,8076500
2024-02-29,55.82539367675781,56.402062856825424,55.713781088251224,56.13232918217597,18152700
2024-03-01,55.36963653564453,55.71378096728464,55.19291630855112,55.71378096728464,10927600
2024-03-04,55.63007354736328,55.76028883182918,55.08130659989959,55.090606171032704,10150200
2024-03-05,55.36033630371094,55.90910321593037,55.26732285785162,55.72307987231189,12310000
2024-03-06,55.388240814208984,55.80679246733405,55.23012327197302,55.36033855336741,12378800
2024-03-07,55.28593063354492,55.59286971097004,55.09991082091206,55.5184589474365,13686900
2024-03-08,55.36033630371094,55.61146728538087,54.84877476983523,55.15571027092059,13239000
2024-03-11,56.03002166748047,56.076526618639214,55.41614708712412,55.60216689175911,14114300
2024-03-12,56.2718505859375,56.504378894143855,56.002116896874035,56.1044299201809,12684600
2024-03-13,56.8485221862793,56.93223252267612,56.550886223112954,56.62529698795482,13909500
2024-03-14,56.72195053100586,57.003215686111446,56.62819667146417,56.79695647982361,13996600
2024-03-15,56.14066696166992,56.67507181244771,55.9156526987991,56.27192379147775,36849900
2024-03-18,56.375057220458984,56.628196934172514,56.06566304487116,56.15004294944234,15856700
2024-03-19,56.468807220458984,56.58131256003665,56.30942495409732,56.47818475170394,15030600
2024-03-20,56.956336975097656,57.01259143495167,56.40318063754778,56.421932124165785,15258800
2024-03-21,56.69382858276367,57.18135655068637,56.553194208302635,56.77820849214415,13067100
2024-03-22,56.71257400512695,56.993839147484096,56.65631954606339,56.74069944641857,11502800
2024-03-25,56.628196716308594,56.91883582700631,56.36567947171907,56.70319908870525,13144700
2024-03-26,56.75945281982422,56.918835094416046,56.60944450048114,56.72194984586834,13277400
2024-03-27,57.21885299682617,57.59387559170676,56.90946239605813,56.99384230108224,12551200
2024-03-28,57.3594856262207,57.43448799703618,57.19072582128536,57.32198265257276,13683500
2024-04-01,56.89070510864258,57.471986852613185,56.84382818318175,57.35948151621117,11668700
2024-04-02,56.39380645751953,56.93758526135104,56.35630348443313,56.67507160270689,13017300
2024-04-03,56.09379196166992,56.61881929894966,56.046911455286654,56.300051168538175,13672900
2024-04-04,55.596885681152344,56.39380778381938,55.47500280399518,56.337553322866746,14320700
2024-04-05,55.79377746582031,55.953163335617425,55.23124709631716,55.55001525943051,10157800
2024-04-08,55.568763732910156,55.75627503806198,55.381252427758334,55.69064661773094,10284500
2024-04-09,55.99066162109375,56.00941310870297,55.43750525430369,55.765647346263655,10779100
2024-04-10,55.24061584472656,55.68126685773183,55.02497910419733,55.61563844002643,11861900
2024-04-11,55.36250305175781,55.66251972085454,55.11874084929702,55.456260496151046,11109000
2024-04-12,54.64057922363281,55.324992378338465,54.499948441325806,55.268741496007785,12250900
2024-04-15,54.50932693481445,55.137489259491915,54.415573072136915,54.94997795765623,12425000
2024-04-16,54.434322357177734,54.73433899738183,54.31243947944468,54.61245611964877,11236800
2024-04-17,54.85621643066406,54.90309693498995,54.47181989996205,54.64057970139028,13805100
2024-04-18,55.231239318847656,55.296867733498765,54.88434575905174,54.959348128732856,11125900
2024-04-19,56.41255569458008,56.59069303269069,55.31562052960198,55.40937438804302,21207900
2024-04-22,56.76883316040039,56.84383911674878,55.990666033930495,56.38443657531701,15624500
2024-04-23,56.85320281982422,56.890705791234915,56.37505245201853,56.7500714366849,13689100
2024-04-24,57.706382751464844,57.80014019136908,56.10316808214901,56.55319306424746,19548300
2024-04-25,57.88451385498047,58.6814323375586,57.537616729475886,58.00639314898778,19048500
2024-04-26,57.88451385498047,58.0626476068621,57.51886524351778,57.70637652661859,10994300
2024-04-29,58.1657829284668,58.17515688384022,57.68762894537085,58.05327400510276,13409300
2024-04-30,57.91264343261719,58.90645080050707,57.63137827611416,58.25953700642157,19349200
2024-05-01,58.06265640258789,58.662689738223406,57.38761711175754,57.94077351363668,16729800
2024-05-02,58.11890411376953,58.50330064826232,57.86576440913081,58.29703787193142,10991300
2024-05-03,58.28766632080078,58.437678229145924,57.79076439209011,58.11891007687399,11628700
2024-05-06,58.4564208984375,58.48454991696978,58.03452496173791,58.40954396952426,9310700
2024-05-07,58.70956039428711,58.89707168574321,58.36266682980559,58.84081722536226,9807000
2024-05-08,58.925193786621094,59.03770270100372,58.57830024180852,58.925193786621094,10484400
2024-05-09,58.95332717895508,59.20646689038362,58.83144430090123,58.88769876226773,9113700
2024-05-10,59.309593200683594,59.403350633916645,58.86894578216958,58.99082508065198,8371700
2024-05-13,59.609615325927734,59.647114723945506,59.23459273390605,59.29084719565345,10137600
2024-05-14,59.159584045410156,59.778368790055566,58.87831890265867,59.60961256558894,10852200
2024-05-15,59.18771743774414,59.431479625750306,59.065834555500764,59.12208901880092,9838900
2024-05-16,59.3658561706543,59.75025276081169,59.13146791869294,59.29085378979673,10228000
2024-05-17,59.093955993652344,59.41272411111998,59.00957609266149,59.38459866961648,11539000
2024-05-20,58.66268539428711,59.07520738786933,58.559554001771424,59.00020501470916,11000900
2024-05-21,58.9814567565918,59.047085177880355,58.54080571952798,58.8970768468664,9796200
2024-05-22,59.06583023071289,59.08458171710663,58.74706211497998,58.79393904272417,7419400
2024-05-23,58.21266174316406,58.95332941846389,58.17515876749507,58.58768434689275,9834300
2024-05-24,58.12827682495117,58.52204730608707,58.10015138386441,58.33453959686824,8203100
2024-05-28,57.95952224731445,58.25016494515748,57.565751730701926,57.93139680369374,12347000
2024-05-29,57.84701156616211,58.015771365297645,57.25635226918773,57.63137483981787,11861800
2024-05-30,58.10015106201172,58.20328244739894,57.7532539336219,57.987642145327314,9433800
2024-05-31,59.000205993652344,59.09395985577826,57.837638790295784,58.11890752963471,19816600
2024-06-03,59.000205993652344,59.15021431894216,58.550181017782876,58.793943205198616,9369000
2024-06-04,59.94712829589844,59.97525731357135,59.00957544035525,59.25334118562545,11895600
2024-06-05,59.928382873535156,60.06901724668902,59.39397797791957,59.99401487042612,9632500
2024-06-06,60.14402389526367,60.340909158772384,59.85338118974078,59.92838356687141,8658500
2024-06-07,59.919010162353516,60.20965287055124,59.82525629595722,60.087766406570694,9523100
2024-06-10,59.61899185180664,59.99401445999756,59.412729059653564,59.94713395161321,15685300
2024-06-11,59.581485748291016,59.67524318365779,59.13146078797187,59.61898872243773,8396000
2024-06-12,58.95332717895508,59.71274273676025,58.775189839534725,59.71274273676025,9569600
2024-06-13,59.056461334228516,59.10333826598794,58.55018188767326,58.934578450469516,9668900
2024-06-14,59.09897232055664,59.23124762278919,58.66435244058351,58.93835334048331,8179200
2024-06-17,59.16510772705078,59.42966192571082,58.7493848494872,58.928900809387756,10532700
2024-06-18,59.174560546875,59.3540765144348,58.99504097508352,59.080075613239565,10651700
2024-06-20,58.749385833740234,59.27849063569308,58.53207589835734,58.957249078120206,13306300
2024-06-21,59.30683517456055,59.61862644142872,58.7493866872686,58.7493866872686,28278100
2024-06-24,60.44063186645508,60.52566290325324,59.439113161461144,59.51470111092414,13212500
2024-06-25,60.31780242919922,60.535112374598,60.006007548258516,60.41228376050938,10235300
2024-06-26,60.51622009277344,60.57290745089822,59.74145802416044,59.90208061538824,9402500
2024-06-27,60.383941650390625,60.72407661448102,60.109940736549724,60.516220563585165,8494100
2024-06-28,60.13827896118164,60.52565453380214,60.015450362404835,60.37448586424326,17358800
2024-07-01,59.788692474365234,60.752420713068325,59.637520194697025,60.497313211103375,10033400
2024-07-02,59.66586685180664,59.88317677629532,59.39186597144774,59.7697948645549,8878200
2024-07-03,59.835941314697266,60.15717927984855,59.458008784517816,59.70366240617225,9154200
2024-07-05,60.242210388183594,60.270557669036265,59.52414294800602,59.8359378077648,11735500
2024-07-08,59.486351013183594,60.08159347222972,59.37297269858535,60.08159347222972,11235100
2024-07-09,59.23125076293945,59.74145861651229,59.13676942897346,59.58083962792372,11657500
2024-07-10,59.363525390625,59.39186906792214,58.85331757388698,59.25959376822671,11930400
2024-07-11,59.61862564086914,59.95876418505368,58.957249142989866,59.184005769625166,11431600
2024-07-12,60.18552780151367,60.57290703101903,59.89262990438258,59.95876755789093,9201500
2024-07-15,59.911521911621094,60.41227941919697,59.85483095436983,60.27055743241607,8207500
2024-07-16,60.72407913208008,60.76187310884544,59.89263326863408,59.93042724539944,9025100
2024-07-17,61.612220764160156,61.78229005868261,60.85636283953245,60.91305020155189,12508200
2024-07-18,61.59331512451172,62.1791036380635,61.149244987811045,61.224832927773434,11128200
2024-07-19,61.68780517578125,62.01849344933997,61.24373497623223,62.01849344933997,13775700
2024-07-22,61.19648742675781,61.68780187126647,60.77131784188135,61.65000789796093,11794200
2024-07-23,61.376007080078125,62.39642273530485,61.27207545546448,61.82007725643402,11810300
2024-07-24,62.17912292480469,62.33029885162128,61.2531956026804,61.49884567105994,13244600
2024-07-25,62.424766540527344,63.199524974750794,62.22635358635025,62.396422862568244,16328600
2024-07-26,63.3506965637207,63.40738391578694,62.36807494661644,62.424762298682666,13530100
2024-07-29,63.1428337097168,63.33179635672123,62.72710723615153,63.19007076723644,12140200
2024-07-30,63.945945739746094,64.08767135132234,62.698773333110395,62.8121552640642,13258000
2024-07-31,63.057796478271484,63.87979914362201,62.93497147660611,63.77586752357322,15576800
2024-08-01,64.21047973632812,64.35220531119009,63.01999499933463,63.303446149058566,16495900
2024-08-02,65.50491333007812,65.82615132312392,63.955396309408115,64.74904820408413,22514800
2024-08-05,64.34275817871094,65.71276252507458,63.99317657979878,65.18365416682335,25484300
2024-08-06,64.2955322265625,65.04193981670895,64.03097439752068,64.39001356127412,12969100
2024-08-07,64.68289947509766,65.3631765303635,64.08766065597146,64.29552389046523,13365300
2024-08-08,64.9380111694336,65.06083617572104,64.10655817775454,64.24828377483286,15240900
2024-08-09,64.8907699584961,64.9947015873531,64.48449373890874,64.9096633417139,12080400
2024-08-12,64.40890502929688,64.75849388664318,64.0876670591383,64.67345564200713,11012300
2024-08-13,64.68289947509766,64.82462506302186,64.25772991978792,64.3238675663575,9877600
2024-08-14,64.79629516601562,65.08918949046998,64.37111831182949,64.46560686284711,14328000
2024-08-15,64.86243438720703,65.1175347390848,64.72070876573514,64.83409070460556,11285100
2024-08-16,65.3631820678711,65.47656398950862,64.85297423319737,65.0419368941298,12651200
2024-08-19,65.17422485351562,65.58994418400113,65.05139262602741,65.52380652630134,9843900
2024-08-20,65.55213165283203,65.5615819465326,64.97578628095175,65.18364949159212,11957400
2024-08-21,65.7316665649414,66.26076780053339,65.50490992232537,65.64663552713428,8792400
2024-08-22,65.50491333007812,66.06235827393903,64.9947054513018,66.06235827393903,12509200
2024-08-23,65.93952178955078,65.99620914118158,65.13641973810887,65.57103958702493,11834700
2024-08-26,66.93159484863281,67.00718279922728,65.88284267010532,65.97732400411655,12912200
2024-08-27,67.55518341064453,67.58352708949063,67.1300138110259,67.38511412910437,16988400
2024-08-28,67.79139709472656,67.84808445806236,67.36622745277951,67.6591217746335,13272600
2024-08-29,68.07483673095703,68.23545570535458,67.3000783273454,67.93311113829792,17201700
2024-08-30,68.47166442871094,68.56614575682006,67.81973101037035,68.21655691350666,18624200
2024-09-03,68.98188018798828,69.24643082051942,68.26380903650082,68.44332862648871,14755800
2024-09-04,68.55670166015625,69.4731857634534,67.94256936768728,69.25587941000055,18140800
2024-09-05,67.2433853149414,68.67007715258761,67.06387295466824,68.61338979760275,23866100
2024-09-06,67.21504211425781,67.71579964274505,66.97883518886093,67.07331651732703,17485700
2024-09-09,67.88587951660156,68.32049946217477,67.06388390129622,67.30009086357283,12939300
2024-09-10,67.60242462158203,68.42442010477255,67.5740737355554,67.9992505243956,10277600
2024-09-11,67.15835571289062,67.43235661525893,66.67649155986614,67.42290631973908,11418200
2024-09-12,67.30007934570312,67.44179773204357,66.76152785221983,67.08276580587578,12337800
2024-09-13,67.93269348144531,67.98976945887937,67.04797954181169,67.39044266429717,11073800
2024-09-16,68.5890884399414,68.7222705581294,68.13246610840575,68.27515605083495,10786500
2024-09-17,68.3037109375,68.82692440197533,68.22760478554217,68.39883999850623,12974400
2024-09-18,68.25614929199219,68.85546896562064,67.79951959454944,68.3893314416874,10719700
2024-09-19,67.18116760253906,68.43689002231167,67.16213743645726,68.07538944557535,13635600
2024-09-20,68.15149688720703,68.30370918722227,66.9528504271738,66.98139567683812,48578500
2024-09-23,68.23711395263672,68.68422122638863,67.71389327564412,68.06587875451928,11613000
2024-09-24,67.8565902709961,68.32272770856723,67.16213439806315,67.75194613592564,13330600
2024-09-25,67.97074890136719,68.41786347547823,67.83756676327653,68.21809026834222,12329100
2024-09-26,67.92317962646484,68.12295280897465,67.39044388189075,67.40947404663338,10815200
2024-09-27,68.29419708251953,68.68422841702565,67.980264643458,68.05637079678485,11175700
2024-09-30,68.36077880859375,68.68421902920133,68.19905869828996,68.49396092977113,18015300
2024-10-01,68.21808624267578,69.20744439431002,68.14198009457736,68.5890946423034,13294500
2024-10-02,67.55216979980469,67.9517161562429,66.98138825376708,67.91366308545625,11155500
2024-10-03,67.08602905273438,67.53314358829654,66.7816117265042,67.40947654441231,9374800
2024-10-04,66.7530746459961,66.85771878374031,66.3249902700473,66.55330145336121,12684800
2024-10-07,65.64955139160156,66.6864702205526,65.51636928986254,66.63890933157734,14512000
2024-10-08,65.81128692626953,66.05862828379229,65.50686958542688,65.67810479326849,13549700
2024-10-09,66.18229675292969,66.34401688105886,65.70664419404478,65.8208034210147,9037700
2024-10-10,65.87788391113281,66.50574881558572,65.63054253138931,66.42964265906733,8635200
2024-10-11,66.18229675292969,66.20131966181698,65.64005312611619,66.07765260934444,8786300
2024-10-14,66.91481018066406,67.03848451260701,66.0871792287792,66.18230830558531,7659300
2024-10-15,66.91481018066406,67.74244839043226,66.74358219714306,67.02896942756139,10358700
2024-10-16,67.13359832763672,67.25726537358256,66.562816738675,66.67696870173833,7937300
2024-10-17,66.49622344970703,67.24775529888633,66.19180612858592,67.19067206138263,14674600
2024-10-18,67.00993347167969,67.11457761316214,66.22034849790556,66.46768985576243,15087500
2024-10-21,66.0681381225586,66.90529127880008,65.93495598549875,66.59135884520951,11981200
2024-10-22,66.0681381225586,66.35353256361948,65.33563636872942,65.64005371884939,18603300
2024-10-23,64.69825744628906,65.35465298491465,63.33789095626586,63.727922246419446,24655200
2024-10-24,64.02283477783203,64.72679850472265,63.689872193575084,64.3557901042072,17568800
2024-10-25,63.661338806152344,64.40335566084268,63.537671749664725,63.80403603002717,11138100
2024-10-28,63.42350769042969,64.11796358954629,63.356916625408786,63.69938703348249,10761400
2024-10-29,62.367557525634766,63.109574312536644,62.329504452219076,63.06201341417826,16525900
2024-10-30,62.71002960205078,63.29984136891197,62.13924800134611,62.31999829042396,14177800
2024-10-31,62.129737854003906,62.776625654961336,62.0821769505979,62.605390435358416,13383700
2024-11-01,61.8443489074707,62.46269869728621,61.730189678342825,62.28194839897095,12163100
2024-11-04,61.939476013183594,62.234378273430394,61.50187653550442,61.910938021273516,10984500
2024-11-05,62.18681716918945,62.28194622787213,61.492361250830214,61.492361250830214,8780200
2024-11-06,60.59813690185547,61.701650696481785,60.103457803720765,61.28307412093801,22899300
2024-11-07,60.56008529663086,61.254537615988355,60.50300568159585,61.15940855320448,14856100
2024-11-08,60.80741882324219,61.11183615778366,60.63618724788588,60.7979073691994,14719300
2024-11-11,60.274688720703125,60.997682592973966,60.17004458427386,60.87401192001749,13980900
2024-11-12,60.12248611450195,60.6457032204193,60.04637996072575,60.5791121503357,15021000
2024-11-13,59.932220458984375,60.17955818477951,59.44705646152659,59.97978498752872,13177600
2024-11-14,59.50413131713867,60.03686346199125,59.38997572500627,60.03686346199125,15910800
2024-11-15,58.733577728271484,59.580238675938126,58.400618770115905,59.447056544252256,26284300
2024-11-18,58.84773635864258,59.11410063575587,58.56234554331532,58.83822127506504,16062100
2024-11-19,59.54218292236328,59.57072091245735,58.62893094994563,58.88578374761448,16254800
2024-11-20,59.92271041870117,59.941733327415015,58.999943301616774,59.64683106611744,18904900
2024-11-21,60.655208587646484,60.702776743453114,59.88465381717379,60.07491555357795,17292300
2024-11-22,60.80741882324219,61.34015460210108,60.55056964573729,61.11183615778366,19562200
2024-11-25,61.24502182006836,61.55895425569818,60.731319806492145,61.18794583463827,36805300
2024-11-26,61.40674591064453,61.49235988419163,60.94060119505995,61.17842746542204,14473300
2024-11-27,61.29258728027344,61.92995994911083,61.121352073642896,61.796777817051726,13263400
2024-11-29,61.42198944091797,61.584936155018625,61.12484679839508,61.36447324370041,10648400
2024-12-02,61.00981903076172,61.527420874327646,60.72226001335967,61.393228616321245,16500100
2024-12-03,60.885215759277344,61.42198849530694,60.415539158193305,61.07692056903542,24874500
2024-12-04,59.62955093383789,60.72226356315784,59.332411961300195,60.65516743023223,28137700
2024-12-05,60.31010437011719,60.501809189538726,59.52411790130763,59.87877309700034,21040400
2024-12-06,59.936279296875,60.73185298205284,59.91710845014558,60.223838341351176,15581100
2024-12-09,60.00337219238281,60.31968566164157,59.33241087540655,60.08963916977475,22348300
2024-12-10,60.30052185058594,60.42513053390331,59.22697996171994,60.09923343201082,14949400
2024-12-11,60.041709899902344,60.99064658825012,59.8116670797642,60.386777786574264,32819000
2024-12-12,61.19194030761719,61.26862003553026,60.59765870454703,60.91396852394412,17542100
2024-12-13,60.50180435180664,61.19194018395472,60.49222075701125,60.933139246899195,13429000
2024-12-16,59.95545196533203,61.21111504077349,59.763747148678064,60.60724614807635,24559700
2024-12-17,60.77019119262695,60.91396705015976,59.73498746735905,59.8595961357261,21902400
2024-12-18,60.24300765991211,61.000239678383004,60.18549877415728,60.20466962156398,20946100
2024-12-19,59.859596252441406,60.549728414167376,59.81167096650369,60.099226338594924,21300600
2024-12-20,59.95545196533203,60.44429943062289,59.69665101131897,59.87877223254959,42458100
2024-12-23,59.792503356933594,60.156738474945364,58.97775882603696,59.9075247807023,13010800
2024-12-24,60.233421325683594,60.233421325683594,59.437847648573296,59.61996886242342,5019100
2024-12-26,59.9746208190918,60.13757118759404,59.81167410705468,60.02254610754594,7943800
2024-12-27,59.859596252441406,60.33885642474844,59.62954976088946,59.859596252441406,8542800
2024-12-30,59.4570198059082,59.75416244905419,59.121539125312076,59.75416244905419,8972200
2024-12-31,59.6774787902832,59.84042916045093,59.23656028165433,59.447435940766034,9256700
2025-01-02,59.27490234375,60.1471557712255,59.06402668332784,59.763746144360695,12991000
2025-01-03,59.18863296508789,59.50494644291951,59.06402429293012,59.33241248345954,10403200
2025-01-06,58.287628173828125,59.016102085649436,58.14384864795269,58.94900594863163,17924200
2025-01-07,58.31637954711914,59.159878497832004,58.10550389532467,58.575180486194625,17799600
2025-01-08,59.15029525756836,59.2078078000846,58.40265048718362,58.460163029699864,14412400
2025-01-10,58.53683853149414,59.09278209956487,58.21094146039251,59.0256859663791,22425000
2025-01-13,59.09278869628906,59.284489865954356,58.19177711041427,58.59435761093535,18016200
2025-01-14,59.46660232543945,59.495356765355154,58.75729567031126,59.1023635751593,16658300
2025-01-15,59.20780563354492,60.02254651215287,59.121538651159895,59.74457837465902,16187200
2025-01-16,59.66789245605469,59.715817742798684,58.776468228049445,58.872318801537425,12585500
2025-01-17,60.10881805419922,60.16633059897367,59.591216120625425,59.72541205843248,17948900
2025-01-21,59.83083724975586,60.607240033464436,59.71581583395399,60.290930225893085,19817100
2025-01-22,59.21738815307617,59.706235596533524,59.10236673080712,59.54328522989271,18191900
2025-01-23,58.977752685546875,59.409087550352375,58.82438958433434,59.23655360443018,16528400
2025-01-24,59.35158157348633,59.43784855597835,58.891492219017266,59.15988041813976,19244600
2025-01-27,61.22069549560547,61.5178381289991,59.87876916079839,60.26217511797253,20742900
2025-01-28,59.77333068847656,61.38364519802043,59.69664730399113,60.87562691696699,14956000
2025-01-29,60.223838806152344,60.731853450774814,59.955450606334196,59.96503785800547,11325600
2025-01-30,61.39323425292969,61.62327710021416,60.6072441647232,61.201525786084076,13201000
2025-01-31,60.84687042236328,61.27820530437322,60.760603445961294,61.0577460661159,12096800
2025-02-03,60.72226333618164,60.99065152334587,59.840426360189866,60.55931663010424,12067900
2025-02-04,60.07046890258789,60.99065122245202,59.763742681454836,60.97148037657308,15678000
2025-02-05,60.50180435180664,60.664754715048275,59.993789728955974,60.11839840008605,10686800
2025-02-06,60.73185348510742,61.09609226305321,60.300518571285465,60.98106718172391,13423400
2025-02-07,61.19194030761719,61.26862003553026,60.64558399155083,60.798947103841996,13184700
2025-02-10,61.87248611450195,61.96833667854558,61.019400006069276,61.44114760691172,16154300
2025-02-11,64.79597473144531,64.86307086398111,63.65534047833685,64.70012415824132,30589100
2025-02-12,65.85993194580078,65.96536976865454,64.09625802339224,64.09625802339224,26033800
2025-02-13,66.6171646118164,66.72260243580476,65.90786159738292,66.13790443475298,24393100
2025-02-14,66.01331329345703,67.1251933351719,65.9078754473119,66.48298631805623,20779100
2025-02-18,66.18583679199219,66.49256302861882,65.58196425746483,65.70657659020493,15569100
2025-02-19,67.16352081298828,67.2210296940057,66.30085103307741,66.33919272473233,16032300
2025-02-20,67.13477325439453,67.16352769785082,66.5404879422186,66.81845975051392,13398000
2025-02-21,68.39043426513672,68.63006438331375,67.22103811836391,67.40315934831631,21662300
2025-02-24,67.66194915771484,68.75466910336696,67.41273912774668,67.90157924932811,21418400
2025-02-25,68.52462005615234,68.79300459302233,67.79614983119954,67.92075484819485,21555600
2025-02-26,67.86324310302734,68.32332877170428,67.60443851558294,68.31374152066898,14531200
2025-02-27,67.93035125732422,68.57255824468622,67.49901263955141,67.78657171806661,16789500
2025-02-28,68.2562484741211,68.60131646214118,67.63320864503306,68.48629136182397,22167400
2025-03-03,69.32018280029297,69.3585244870772,66.8376189126784,67.32645896508707,21717600
2025-03-04,67.27854919433594,69.6365085000202,66.98140289763963,69.08056491309708,25411900
2025-03-05,67.1731185913086,67.80573832043225,66.94306840532627,67.0005846082874,23933600
2025-03-06,67.53734588623047,67.6044420210971,66.56923824350044,67.48942425442873,21694000
2025-03-07,68.46710968017578,68.84093203593918,66.76094460762899,66.76094460762899,28393300
2025-03-10,68.48627471923828,70.18285980021172,68.36166970887308,68.97512213562908,25251200
2025-03-11,68.09329986572266,69.05182040328137,67.68113574205516,68.89845360706492,28076400
2025-03-12,67.03890991210938,67.79614180169774,66.84720147067158,67.45107392003901,18923300
2025-03-13,66.7322006225586,67.33606591196083,66.40629984602562,67.33606591196083,15746600
2025-03-14,66.78047943115234,66.87703735033372,66.0273099809847,66.1528419061278,14205100
2025-03-17,67.70744323730469,67.75571850954078,66.70322475189904,66.85771593670952,15634800
2025-03-18,66.99288940429688,67.77502532421624,66.91564750581092,67.69777605883488,12657600
2025-03-19,66.89634704589844,66.99290496660764,66.18180959237378,66.19146759451384,14780000
2025-03-20,67.31153869628906,67.40809659685962,66.71286792571868,66.92529972711125,16295300
2025-03-21,66.30732727050781,67.56260221013271,65.83418835131225,67.31154574882845,47479500
2025-03-24,66.57769012451172,66.70322203438347,65.97902667827829,66.43285694680758,12575400
2025-03-25,66.4425048828125,66.70321932588583,66.23973107536425,66.57768742111134,12513900
2025-03-26,67.61087799072266,67.92952572859517,66.52941759585319,66.54872623137739,14478200
2025-03-27,68.30610656738281,68.54750502875585,67.65916045895821,67.76537637131406,11663400
2025-03-28,67.94884490966797,68.86615616135613,67.137742208676,68.37370121314304,17412900
2025-03-31,69.15582275390625,69.46481244013778,68.06469716901427,68.29644495885933,24016900
2025-04-01,69.39723205566406,69.43585669335997,68.74062794862651,69.21376686833263,15309100
2025-04-02,68.87580108642578,69.8703614287925,68.60543602639157,69.48412247150276,14606500
2025-04-03,70.66216278076172,71.40566685162943,69.83175142702032,69.9862499890638,24959600
2025-04-04,67.52397155761719,70.49800209000591,67.38878902131731,69.9282979439744,26517300
2025-04-07,66.01766204833984,66.99290664895979,63.777484343903325,63.95129155230345,34258400
2025-04-08,66.06592559814453,67.57225692583422,65.42863752507644,66.58734713077989,22774400
2025-04-09,67.54328918457031,68.04540212930753,64.96515528442468,65.58313478033457,27918700
2025-04-10,68.3254165649414,68.75993081046681,66.60666084972253,67.77502841605788,22450200
2025-04-11,68.97236633300781,69.3779139662701,68.11298842909176,68.47026079185872,19988200
2025-04-14,69.957275390625,70.16005659331273,68.4895758981352,68.84684829466019,13930200
2025-04-15,69.3875732421875,70.13107725016427,69.25239069528264,70.12142661602554,14965500
2025-04-16,69.21376037597656,70.16969612686864,68.93373730412016,69.87036442142366,15276200
2025-04-17,70.48834991455078,70.90355555803836,69.25239098516343,69.42619817003956,20754500
2025-04-21,70.26625061035156,70.94217062340135,69.34893953815688,70.8552633592413,16037200
2025-04-22,71.35738372802734,71.82086462938868,70.41109855682912,70.48834782935471,15613500
2025-04-23,70.77803802490234,71.4056681859658,69.88968601034583,70.76838002286992,16353900
2025-04-24,70.02485656738281,70.90355042927911,69.8124321273632,70.50765344968299,16893900
2025-04-25,69.43585205078125,70.41109646153511,68.68268271641372,70.1503893831395,16316000
2025-04-28,69.3199691772461,69.77379937249493,68.85648098274442,69.59999222041868,15997500
2025-04-29,69.86071014404297,70.20832450232723,67.8619312673565,68.74062516382395,16244100
2025-04-30,70.05384063720703,70.95184326202924,69.22342929094577,70.82631133977546,21074700
2025-05-01,68.83718872070312,69.5613841320863,68.77925544519941,69.52275949278493,18034200
2025-05-02,69.18479919433594,69.34894837690976,68.65371964260149,69.03995864687234,12629600
2025-05-05,69.23307800292969,69.32964328410347,68.56682323758976,69.2041113653362,11932700
2025-05-06,69.25239562988281,69.42620282641609,68.71166540373346,69.21377098988688,12705500
2025-05-07,69.90898895263672,70.18901202408111,69.20410227391177,69.2523849081557,15018200
2025-05-08,68.72130584716797,69.9765806767391,68.68268121290009,69.71586623715483,14371100
2025-05-09,68.09366607666016,68.7019948367143,68.03573281071041,68.54749630498772,11228900
2025-05-12,67.13772583007812,67.9102037028684,66.33628132626484,67.73639654983533,21539000
2025-05-13,66.58734893798828,67.29223566796773,66.50044903030523,67.19567039245828,14389100
2025-05-14,66.78047943115234,66.95427926554063,66.22043318624448,66.51010694378864,16286800
2025-05-15,69.14617156982422,69.26204547616813,67.2053259982154,67.30188390338736,19817100
2025-05-16,69.52275848388672,69.77381495225401,68.97237027389848,69.38757593174199,18441200
2025-05-19,69.45516967773438,69.68691015152396,69.17514656207757,69.55172759457197,13282800
2025-05-20,69.22342681884766,69.64828311167398,68.97237035020261,69.32964273377839,12137800
2025-05-21,69.3779067993164,69.59999659472004,69.11719973826426,69.22341563603617,12094400
2025-05-22,68.69233703613281,69.51309022935003,68.51852987088365,69.36824969715983,11101800
2025-05-23,69.30066680908203,69.50344799880062,68.25783105841015,69.07858435085139,12822100
2025-05-27,69.31031799316406,69.7351815993255,69.09788619008334,69.27169335924978,10666100
2025-05-28,68.70198822021484,69.42618344242324,68.60543033063267,69.23306029636414,8710900
2025-05-29,69.0302963256836,69.19445286488012,68.03573592458461,68.55715744268322,10291100
2025-05-30,69.61931610107422,69.97658848273461,69.14617717058081,69.14617717058081,28019500
2025-06-02,69.52275848388672,69.56138312262757,68.90477899782611,69.55172512121821,10202700
2025-06-03,68.7116470336914,69.31031037633375,68.04538506395606,69.24271911613558,20139800
2025-06-04,68.91443634033203,69.37791726699777,68.24817422049146,68.80822042653436,13565900
2025-06-05,68.47026824951172,69.00134048418063,68.39301896802996,68.92409120269888,13531400
2025-06-06,68.8951187133789,69.02065062685098,68.49922907147304,68.6344116191381,9524000
2025-06-09,69.30066680908203,69.35860744910008,68.64406270174976,68.89511916343761,12281300
2025-06-10,69.86071014404297,70.1890158677097,69.2910133366247,69.42619587963567,12265000
2025-06-11,69.59034729003906,69.8703703857992,69.2910155590421,69.78346310999267,12718500
2025-06-12,69.7544937133789,69.90899225674505,69.13651427370635,69.7641517140633,12806900
2025-06-13,69.06404876708984,69.90036426836417,68.78204212949082,69.79339316336805,17467200
2025-06-16,68.57781982421875,69.64753088439153,68.30553243409292,69.23909237992787,15045900
2025-06-17,67.7026138305664,68.51947601729034,67.66371457130217,68.44167749876185,15437000
2025-06-18,67.30389404296875,68.07213762938471,67.18719627895109,68.07213762938471,16227600
2025-06-20,66.944091796875,67.6442636501103,66.88574661553051,67.18720661151085,40859400
2025-06-23,67.81930541992188,67.88737727005096,67.07051506850198,67.235831358919,21822800
2025-06-24,68.27635955810547,68.41250325259621,67.77068403846482,68.01379883852329,15216100
2025-06-25,67.71233367919922,68.09159218628271,67.51784480043466,68.00407441662121,12540400
2025-06-26,67.5567398071289,67.99434346643818,67.24555316913073,67.78040126170043,14454100
2025-06-27,68.39305877685547,68.61672024283682,67.55674325345768,67.67343361161315,23470700
2025-06-30,68.80148315429688,68.84038240964402,68.15965656998037,68.19855582532753,15429000
2025-07-01,69.69615173339844,70.4546687511552,68.94736138540848,69.03487915548418,21729300
2025-07-02,68.95708465576172,69.85174532904846,68.79176095497682,69.71560163612547,13050200
2025-07-03,69.38497161865234,69.43359755279754,68.50975673897017,69.08351160092465,9440500
2025-07-07,69.05432891845703,69.40441481917803,68.85011337958225,69.40441481917803,16984700
2025-07-08,68.30552673339844,68.73341112175684,67.9554408555187,68.73341112175684,17115500
2025-07-09,67.56646728515625,68.31525759142838,67.07051102453329,68.22773982622861,33704100
2025-07-10,67.84847259521484,67.92627110894632,67.25527933101753,67.38169635137521,14608400
2025-07-11,67.94573211669922,68.22774619635348,67.34280469613401,67.65399136691192,12916700
2025-07-14,67.5567398071289,68.14994049507462,67.36224352133337,67.87765311423554,13983200
2025-07-15,67.44976806640625,67.63453768134465,67.24555253270967,67.5956384245537,12639800
2025-07-16,67.36224365234375,67.58591252662495,66.895467404076,67.44004216681327,13178300
2025-07-17,68.64588928222656,68.7431411346933,67.5956390167677,67.8873723163439,20464700
2025-07-18,67.92626953125,68.75285831744291,67.90682361290611,68.50002428260001,14928000
2025-07-21,68.14021301269531,68.67506851815607,68.00406932390068,68.25691078277983,17811700
2025-07-22,67.74151611328125,68.3249901897365,66.79822943702882,67.53729313821027,22339900
2025-07-23,67.25528717041016,67.81930791252006,66.71070493008698,67.74151680899574,21030000
2025-07-24,67.19692993164062,67.63454102773488,67.08995882499147,67.35252696650302,12511400
2025-07-25,67.26500701904297,67.3233596212991,66.85657589962774,67.22610775729738,12574800
2025-07-28,66.2147445678711,67.0024415792667,66.1855719784259,66.84684454319225,13668800
2025-07-29,67.46920776367188,67.50810701687584,66.273087259564,66.45784943819044,16223400
2025-07-30,66.8565673828125,67.42059547735886,66.64262518010356,67.20665327464992,10448200
2025-07-31,66.02024841308594,66.75931941440432,65.87437806266762,66.27308985919274,17193400
2025-08-01,66.96353912353516,67.13858207112519,66.38978435449438,66.71069766162186,16107500
2025-08-04,67.06078338623047,67.17748115741855,66.42868344269235,66.82739526312896,10701500
2025-08-05,67.1483154296875,67.57619246254212,66.85657468154875,67.00244505561813,11993400
2025-08-06,67.59564208984375,67.87765615241412,66.73987323258883,67.21638358966032,10783000
2025-08-07,68.49030303955078,68.77231710316218,67.42059938330841,67.54701641074455,15790800
2025-08-08,68.40277099609375,68.91818056231021,68.14993696656224,68.42222433330343,9232700
2025-08-11,68.80148315429688,68.90845425168295,68.03323955455788,68.36387951537151,10909400
2025-08-12,68.76258850097656,69.1029477339502,68.28608557481346,68.86955960552183,11061100
2025-08-13,68.51947021484375,68.82093017451922,68.29580876710854,68.7431390818534,10356500
2025-08-14,67.6345443725586,68.51947843945867,67.47894733000125,68.44167991817999,10722400
2025-08-15,67.99434661865234,68.45140363736765,67.65398737682446,67.81930366295872,12381100
2025-08-18,67.22610473632812,68.1207728777212,67.14831363560826,68.0527010275443,14094900
2025-08-19,68.19856262207031,68.28608781014285,67.33307450734513,67.39142710581851,13862200
2025-08-20,68.75285339355469,69.73503913325516,68.47084679175525,68.79175264673107,17530800
2025-08-21,68.7139663696289,68.95708115454391,68.39305307291524,68.65561377614269,8840400
2025-08-22,68.19856262207031,69.0640507367955,67.99434707560117,69.0057055575972,12999600
2025-08-25,67.0316162109375,68.29581620009569,66.8274006593243,68.17911841948447,13634600
2025-08-26,66.83712768554688,67.17748694005022,66.69125731382393,67.13858767963907,17964200
2025-08-27,66.93437194824219,66.97327120854948,66.58428602475186,66.92464527834655,11562700
2025-08-28,66.4773178100586,67.00244671817329,66.39951928605443,66.98299337753444,16209900
2025-08-29,67.08995819091797,67.23582855490409,66.54538341259635,66.7787715434092,14601100
2025-09-02,67.15802764892578,67.43031502839942,66.38006476746892,67.06078321615301,24770100
2025-09-03,67.08995819091797,67.19692929655614,65.51457903383762,66.76905229327839,33581500
2025-09-04,66.3703384399414,67.54701314687868,66.23419474950401,67.2066539207852,16736000
2025-09-05,66.08832550048828,66.69125286775295,66.00080773485419,66.13695142757932,23978000
2025-09-08,65.57292175292969,66.01052540920429,65.31036104301985,65.99107949039693,21671700
2025-09-09,65.99108123779297,66.23419603533294,65.42705312687427,65.42705312687427,14120600
2025-09-10,65.95217895507812,66.21473965989843,65.35897828274484,65.92300636779525,16041900
2025-09-11,65.75769805908203,66.29254620236269,65.71879879823474,66.04943138652364,15128700
2025-09-12,65.16448974609375,65.85493485256897,65.09641790233633,65.73823708358144,18712400
2025-09-15,64.88031768798828,65.43887019959712,64.77252619660982,65.34087997366443,15986100
2025-09-16,64.90971374511719,65.1742955778558,64.7333283486831,65.01750523605885,18555900
2025-09-17,65.69364929199219,65.78183825049771,65.07630415392892,65.07630415392892,17372300
2025-09-18,65.12529754638672,65.69365132828905,65.01750605408886,65.45847328880967,17722900
2025-09-19,65.09589385986328,65.3898719830779,64.7235280498091,65.15468649403651,31192900
2025-09-22,64.88031768798828,65.2526835370025,64.75293114189328,64.83132631310944,13298700
2025-09-23,65.37026977539062,65.41926862155853,64.57653930545564,65.01749901626968,15072800
2025-09-24,65.11549377441406,65.43886823886022,64.63533644840827,65.07630366615524,14759300
2025-09-25,64.65493774414062,65.57605479413007,64.62553394924579,65.40947067059923,14395000
2025-09-26,64.35115814208984,64.99790705664735,64.18457401907035,64.74312650156337,17821600
2025-09-29,64.71372985839844,64.7725224953635,64.03758462860179,64.35115781937314,14818500
2025-09-30,64.98809814453125,65.30167129997683,64.63532741013324,64.74311888320895,13815000
2025-10-01,65.4388656616211,65.48786450927703,64.95870835452578,65.17429132233272,14877500
2025-10-02,64.77252197265625,65.31147939440201,64.53734395051924,65.19388664524624,14350700
2025-10-03,65.31148529052734,65.64465356228432,64.71373517832788,64.77252782012611,12249200
2025-10-06,64.77252197265625,65.16449032700093,64.51774142090602,65.15468906219432,14333300
2025-10-07,65.44866180419922,65.90922402189203,64.54713989681164,64.89010937503801,13328300
2025-10-08,64.79212188720703,65.52705971837518,64.7333217769151,65.33107181102581,12606700
2025-10-09,65.03710174560547,65.45846640495527,64.79212246635964,64.95870658196498,12705200
2025-10-10,65.69364929199219,66.04642007836401,65.04690035825222,65.18408816671072,17991700
2025-10-13,65.45846557617188,65.45846557617188,64.67452890204109,64.89991312561031,13690000
2025-10-14,66.15421295166016,66.21300559189413,65.40947377860472,65.52706653524768,14245600
2025-10-15,65.73284149169922,66.35998784361045,65.57605116563428,65.91902065868352,11193700
2025-10-16,66.23259735107422,66.74215846166473,65.81124014879597,65.83083520250732,15707200
2025-10-17,67.06553649902344,67.12432913947032,66.4383900803399,66.63437053261288,15541800
2025-10-20,67.06553649902344,67.2615169512964,66.55597536123368,67.05573523355727,17786800
2025-10-21,69.7896957397461,69.95627984931726,68.81957992240194,69.15274814154425,33651300
2025-10-22,69.38793182373047,70.18166980846195,69.09396116094165,69.92688925310526,18293000
2025-10-23,68.53541564941406,69.50553164479624,68.3198326557346,69.38793888201415,13989400
2025-10-24,68.31002044677734,68.64319614986536,68.25122781289237,68.50600835335094,15688200
2025-10-27,68.65299224853516,68.71179236057321,67.85926175967863,68.37861664627238,13800000
2025-10-28,68.75099182128906,69.47612842938857,68.54520263779597,68.64320033514493,12730500
2025-10-29,66.97733306884766,68.62359411504399,66.79115390148044,68.51580263469621,19789600
2025-10-30,67.59469604492188,67.8984680038675,67.01654097253697,67.07533361590055,14751700
2025-10-31,67.51629638671875,67.68288051597163,66.53637918945483,67.17332686291137,16742700
2025-11-03,66.60497283935547,67.50649486310667,66.30120090174199,67.41830590425431,15660400
2025-11-04,67.28111267089844,67.34970656986725,66.79115411364286,67.09492602676555,12743800
2025-11-05,67.1341323852539,67.44770560384544,66.8107579009071,67.28112146688203,12850100
2025-11-06,67.6730728149414,67.7514679775491,66.55596791439153,66.92834119869096,15906700
2025-11-07,69.1331558227539,69.44672900218079,68.01605090378472,68.40801177093759,25108300
2025-11-10,69.10375213623047,69.24094741135572,68.04544732663392,68.60399978698393,15318000
2025-11-11,70.17186737060547,70.30905517284877,69.2409490730724,69.5545222605106,16160200
2025-11-12,70.07386779785156,70.4462335719265,69.90727622350033,70.05426527090506,13612600
2025-11-13,69.64270782470703,70.2306565880096,69.57411392692464,69.98567731361902,14002800
2025-11-14,69.73091125488281,70.20126732229785,69.18215254133207,69.97589055387915,13172000
2025-11-17,69.26054382324219,70.09347189783703,69.20175118715945,69.77009744703302,14772300
2025-11-18,69.7896957397461,69.90728100477325,69.15274814154425,69.56431152148734,12838900
2025-11-19,69.6819076538086,70.01507588916476,69.387929524586,69.77009660687074,12401500
2025-11-20,69.77989959716797,70.04448141524637,69.19195080035703,69.52511904395256,15396500
2025-11-21,71.48495483398438,71.72014033852818,70.05427665746251,70.24046331284934,26492500
2025-11-24,71.1321792602539,71.69073918877703,70.13266709990427,71.69073918877703,39818600
2025-11-25,71.15178680419922,71.46536000172232,70.69122453492395,71.33797346016362,17451200
2025-11-26,71.4163589477539,71.62214065138447,70.9362016392826,71.14198334291316,11795100
2025-11-28,71.65155029296875,71.75934178597755,71.2987794933354,71.53395753436592,7423000
2025-12-01,71.00025177001953,71.94758632563475,70.98051908409195,71.64167322861248,14388100
2025-12-02,69.73715209960938,70.85224088449384,69.50032221475122,70.85224088449384,19871300
2025-12-03,69.87529754638672,70.45751339427578,69.67794058058216,69.94437323728688,17001700
2025-12-04,69.52005004882812,70.39830135886356,69.44111177850974,69.89503882975501,17710000
2025-12-05,69.07598876953125,69.77661575217998,68.94770750071454,69.39176441704456,13978200
2025-12-08,69.32269287109375,69.4509741475746,68.57272284018585,68.91810129893102,17775100
2025-12-09,69.164794921875,69.69766772158269,68.90823239247449,69.44110519218218,13010600
2025-12-10,69.2832260131836,69.59900170709838,68.85890171867125,69.46085031155356,29789400
2025-12-11,68.19773864746094,69.756884226757,67.88196299470222,69.61873284921789,23124200
2025-12-12,69.58912658691406,69.68781260121206,68.12866693100831,68.1977426238054,18444500
2025-12-15,70.03319549560547,70.37857398144007,69.39177400552045,69.5003226051665,18660100
2025-12-16,69.44110870361328,70.35883287251339,69.39176569924918,70.35883287251339,17370000
2025-12-17,69.73715209960938,69.98385209220345,69.38190350797899,69.638473608309,13672700
2025-12-18,69.43123626708984,69.86543059913025,69.24374189122055,69.34242036795195,15524800
2025-12-19,69.13520050048828,69.83582754545967,69.10559770725773,69.13520050048828,36911100
2025-12-22,69.2832260131836,69.29309612106148,68.7404905388822,69.00692322209395,12828500
2025-12-23,68.94770812988281,69.33255946853012,68.77008385599288,69.27334635810989,9471000
2025-12-24,69.1845474243164,69.23389043495087,68.82929882807016,68.97732033128716,4515300
2025-12-26,68.94770812988281,69.23388098941024,68.8095567533779,69.0266463959675,5711400
2025-12-29,69.23388671875,69.49044927995605,68.92797362087204,69.07599511614383,9686900
2025-12-30,69.14506530761719,69.31281947552205,68.8786326602792,69.07598961914546,8610900
2025-12-31,68.9871826171875,69.2338825850155,68.95757229695229,69.14506668168093,8127800
