Date,Close,High,Low,Open,Volume
2020-01-02,207.95384216308594,207.96374966670473,204.47440252196083,204.95021983697868,12077100
2020-01-03,206.85353088378906,208.56846704037827,205.14850223209564,205.40624861900196,11188400
2020-01-06,210.74929809570312,210.9277239141144,204.7222233942496,204.90064921266088,17058900
2020-01-07,211.20526123046875,212.71203351581175,209.90666750220223,210.96736016633307,14912400
2020-01-08,213.34649658203125,214.35762164844684,210.7592162031763,211.14582062181162,13475000
2020-01-09,216.39967346191406,216.4789788667449,214.39725358632398,215.6462796790009,12642800
2020-01-10,216.1617431640625,217.96590697301042,215.5273150927095,217.29181863884628,12119400
2020-01-13,219.97824096679688,220.0377162368791,217.3017479313842,217.68835231287758,14463400
2020-01-14,217.1530303955078,220.44413629993724,216.72678090388717,219.68083509001343,13288900
2020-01-15,219.22483825683594,219.75022328905106,218.2236359574362,218.689545721998,10036500
2020-01-16,219.8394775390625,220.69199177101737,218.4714857160289,220.6325164962698,10015300
2020-01-17,220.2062530517578,220.3549412394602,218.61026762459173,220.09721000545602,15905900
2020-01-21,219.51234436035156,220.4342413538847,217.21253293939026,220.22607789610095,14275800
2020-01-22,219.39340209960938,220.81094659506738,219.35374183170325,220.37477440386175,12212800
2020-01-23,217.8469696044922,219.56192073379037,217.36124476665748,218.82835703609265,11195000
2020-01-24,216.04283142089844,219.84940053253646,214.2287597834863,218.87793568264115,11905800
2020-01-27,212.99952697753906,214.17917031016634,210.6501629417429,211.24494592278575,13810700
2020-01-28,215.8941192626953,216.8358615605444,211.66130074124504,214.2584886549919,13413800
2020-01-29,221.2867431640625,222.24830037009562,216.54835503324057,219.5123320537504,33181300
2020-01-30,207.7060089111328,209.58946307756923,202.96762073363075,204.7321243582591,48775500
2020-01-31,200.15237426757812,206.87335306305428,199.30976747903438,206.61560668606103,31359900
2020-02-03,202.41250610351562,203.35423322426226,200.73721531848193,201.6690349356694,15495600
2020-02-04,208.00340270996094,208.7667039889746,203.4137026585634,204.8213395474977,19628900
2020-02-05,208.28097534179688,210.8781631806116,206.89316851020735,210.66007708908182,12538200
2020-02-06,209.0145263671875,209.35156298788317,207.5176614545207,208.63782948172818,10567500
2020-02-07,210.48162841796875,210.9673683192804,208.10251180296524,208.46930116761217,12242500
2020-02-10,211.20526123046875,211.93882480545525,208.82615983336527,209.6786739404196,11856400
2020-02-11,205.3863983154297,209.02444888187566,204.71230989966838,208.36028309599743,25030800
2020-02-12,208.92529296875,209.38129524606632,205.59454173422142,206.04063650858083,13813700
2020-02-13,211.2845916748047,212.46423501084925,207.35905726566108,207.69610902307352,15396600
2020-02-14,212.31553649902344,213.05900768129823,210.79885649725966,212.13711067573826,10741700
2020-02-18,215.9040069580078,216.08243275864947,211.54230083328522,211.6910041264446,15609200
2020-02-19,215.5967254638672,216.41950201628228,214.228733710941,216.09237289597561,12135100
2020-02-20,212.7120361328125,216.86556368947035,211.0962207978753,214.63515043001087,13109200
2020-02-21,208.35035705566406,212.3750270986265,207.0121180018901,211.62163328593365,14092300
2020-02-24,198.97271728515625,201.87720413639323,196.44491221736035,200.0433176124331,23080100
2020-02-25,195.0570831298828,201.7284929361897,194.24421412884456,200.48937442921064,21433500
2020-02-26,195.4833526611328,199.4584549193443,193.78824684047552,195.47344515740704,16524500
2020-02-27,188.09820556640625,194.1748480885161,187.85038184365735,190.15019325122768,21682600
2020-02-28,190.7945098876953,191.0621637168897,180.2372263998823,181.1095555314714,32568900
2020-03-02,194.72998046875,194.85885365128047,187.2060555030283,192.34095603269014,24949000
2020-03-03,184.27178955078125,195.5229915679651,182.36850535212912,194.511866637883,27984100
2020-03-04,190.09072875976562,190.1601266720543,184.76747930991147,187.52327827239506,23062500
2020-03-05,183.55807495117188,187.34482873238224,182.2892186883273,185.15406034636916,19333400
2020-03-06,179.5135955810547,182.18018136792298,174.72563924503544,176.77762701445522,24559600
2020-03-09,168.0244903564453,173.47661246240665,163.75201163538196,168.12362589966506,29949000
2020-03-10,176.63885498046875,176.73797540293373,168.02449918050053,173.14949241413558,24517800
2020-03-11,168.75802612304688,174.3489279887689,166.2004838159884,172.49519649384075,20373900
2020-03-12,153.1252899169922,165.1496991854389,152.99641676871764,158.1511460622676,43266300
2020-03-13,168.7976837158203,169.30323863758935,156.22807243704884,162.10644356283814,35028600
2020-03-16,144.73899841308594,157.7448009775072,141.85434104211015,150.99408347247865,39120400
2020-03-17,148.11927795410156,152.5999350106582,138.78128207529338,149.42779444555768,34255600
2020-03-18,145.68069458007812,146.8900603543709,135.9065269708406,138.53345221468916,37553100
2020-03-19,151.79698181152344,158.53777453936144,143.53949408136737,145.3436428023484,39862300
2020-03-20,148.42657470703125,157.88353611358346,146.71163883964718,154.66182782825337,32568400
2020-03-23,146.810791015625,150.98413436617852,141.0117093943652,148.35720874770473,29830800
2020-03-24,159.5786590576172,159.9057882108282,151.2418799067256,153.85889800645307,30440400
2020-03-25,154.85018920898438,161.5711676910729,151.72760107288883,157.53659002543301,35184300
2020-03-26,161.91812133789062,162.5723796667803,155.65314481623162,156.87243342846332,26556800
2020-03-27,155.42510986328125,158.69638583006187,153.40287506390268,156.8228392049175,24879900
2020-03-30,164.50537109375,165.29840996886728,156.6840556288971,157.79430097848623,22515200
2020-03-31,165.3479766845703,169.44201394815866,162.7706041382974,164.03946028004327,23676300
2020-04-01,158.21067810058594,162.72105796616114,156.66424529203292,160.21308298396346,19507600
2020-04-02,156.81292724609375,159.9454224525926,154.56268380888545,157.71500914670497,20886300
2020-04-03,152.8378448486328,156.53538582342665,149.5170159130177,155.7819919969896,25983300
2020-04-06,164.10887145996094,164.75320708570277,157.13014698953972,158.75586999811065,28453600
2020-04-07,167.3603057861328,171.88060773195613,164.56484714145031,170.29452997421248,31411900
2020-04-08,172.7628631591797,173.4765966526272,166.2798015739834,169.75924101007092,21664200
2020-04-09,173.66494750976562,175.53849417465915,170.07646498649927,174.36875838401778,23534300
2020-04-13,173.2684326171875,173.4766112060572,167.97492136833023,172.15818714577597,19355400
2020-04-14,176.6190185546875,179.65237866656275,175.08250836457879,177.4219650400709,21011800
2020-04-15,175.429443359375,176.63882423505683,171.3155759570851,173.6649398114376,17423000
2020-04-16,174.71572875976562,176.50006263186586,171.00828033251065,176.40092708998696,23593200
2020-04-17,177.6796875,178.71062744877847,175.12214507061915,177.64002723699403,20974800
2020-04-20,176.6884002685547,178.92872119383586,175.23119562271654,175.86562372440423,16110700
2020-04-21,169.31317138671875,173.85330382885846,166.87457928534005,173.72443065197643,24850500
2020-04-22,180.69325256347656,183.17149007957204,176.5892918418609,176.89659087370293,33242000
2020-04-23,183.51840209960938,185.42168620648368,181.5556276018686,182.47753958583002,21426600
2020-04-24,188.4154510498047,188.7524877251896,179.25587965184354,181.6349816410992,28792000
2020-04-27,185.8677978515625,192.06339111328126,185.77858493882417,190.98288327866794,29197800
2020-04-28,181.3177490234375,187.55298712512695,180.97078976717316,187.01769454861898,21731000
2020-04-29,192.4995574951172,195.19588081139872,188.34602947753794,189.26792646662525,45954500
2020-04-30,202.92799377441406,207.86463833916753,199.815328268595,205.11874712075365,46230100
2020-05-01,200.50924682617188,205.47562940366856,197.3172756692778,199.84508098154578,30415600
2020-05-04,203.47314453125,204.11749516136356,197.02972898585458,198.45719577298757,19250700
2020-05-05,205.26742553710938,208.5486089695455,204.7023802295266,205.21785777094198,21071200
2020-05-06,206.6552276611328,209.75798521785813,204.86098649767018,206.30826843159727,21857000
2020-05-07,209.42095947265625,209.75801124137712,207.22028353893103,209.32183905617606,15152000
2020-05-08,210.50149536132812,211.35400965041373,209.01455288915287,210.39245230833018,12506000
2020-05-11,211.32423400878906,213.1283979401851,208.53869783260805,209.05417540242968,12911900
2020-05-12,208.27105712890625,213.4059572677164,208.17192159205015,211.43327504157023,14704600
2020-05-13,203.31459045410156,208.94513823709826,200.35061325172475,207.6068840689912,20684600
2020-05-14,205.0096893310547,205.1286398749658,198.94296957623862,200.79668613999704,17178900
2020-05-15,209.04428100585938,209.50026820601656,202.3431175559014,203.483115808215,19383200
2020-05-18,211.33416748046875,212.77154209652375,209.10375389922334,210.30321228793318,20151900
2020-05-19,214.99205017089844,218.5706254884204,210.9773026621722,211.41347485337647,31843200
2020-05-20,227.9680633544922,229.3261323722447,221.24708590935668,221.55438487314376,50162900
2020-05-21,229.375732421875,235.1351535242866,229.18738396569944,232.67674634200608,47782600
2020-05-22,232.8650665283203,233.93566673401017,226.74877938987345,229.4946551120467,33925600
2020-05-26,230.1786651611328,238.8029274814234,229.65328009154226,237.6827745670303,33178300
2020-05-27,227.14532470703125,228.55296172382285,219.20505758647988,227.07594192588746,34697600
2020-05-28,223.4973602294922,229.6136480957041,222.05006298497125,222.3474544873753,29377200
2020-05-29,223.1305694580078,225.50968633673713,220.93981615980846,223.23961250402408,23241500
2020-06-01,229.8911895751953,230.41657462940574,221.55439635505033,222.63490409854282,18223800
2020-06-02,230.69412231445312,230.9716836426595,224.5877428419967,228.9296188168734,20919000
2020-06-03,228.1564483642578,230.62476309877923,226.54063276223485,230.08947048344942,15380300
2020-06-04,224.3201141357422,229.61364034721157,222.65474598001492,227.56165266323373,17041500
2020-06-05,228.76112365722656,229.3360765026521,223.34864695784768,224.73646886520714,16750400
2020-06-08,229.3856201171875,229.534323418887,225.43036338289795,227.03625618473225,15466500
2020-06-09,236.5923614501953,237.68279193428225,228.40427069337295,229.50460868151143,27462900
2020-06-10,234.6692352294922,239.11024723031758,233.23186066323433,238.86242350765383,20720700
2020-06-11,222.476318359375,230.86268029147104,221.60398908906214,227.93836321427702,26708200
2020-06-12,226.59019470214844,229.64338487185313,222.5457096121225,227.89869613147326,22091400
2020-06-15,230.47605895996094,231.73500768933346,222.84309143034983,223.13056028932934,15340300
2020-06-16,233.5986328125,236.38418413576704,230.9717074264881,235.07566763151695,15236700
2020-06-17,233.4796905517578,235.52175566028157,229.71276684259786,232.95430545591276,19578100
2020-06-18,233.88612365722656,234.0843796141801,230.12910747503136,232.94439651722732,15782500
2020-06-19,236.71127319335938,238.733523009394,233.49948779582823,235.71997841615436,30081300
2020-06-22,237.13754272460938,238.60465478999114,234.8476541619913,236.4832845278733,18917800
2020-06-23,240.13125610351562,243.05557271769652,237.77196965585082,239.1796064468067,24017900
2020-06-24,231.98284912109375,241.10275966290268,230.65450238843093,239.10033962270523,20834900
2020-06-25,233.62838745117188,235.2342955619814,230.71399299280617,232.57761722029736,18704300
2020-06-26,214.19900512695312,231.06092603450634,213.52491672530047,230.61484635194967,76343900
2020-06-29,218.7193145751953,218.8283576234436,205.30709527045812,207.9241133024566,58514300
2020-06-30,225.0933380126953,225.51958755508608,216.56819590528403,218.66973623252326,33927100
2020-07-01,235.48211669921875,236.91949134115922,225.57907477480111,226.51089444123383,43399700
2020-07-02,231.38804626464844,237.91076831095558,230.58509984175245,236.91947344299328,30633600
2020-07-06,238.18833923339844,238.30728978202592,230.2480724673563,231.7250921993472,26206200
2020-07-07,238.76329040527344,245.49417612610122,236.7410554631184,237.32591582434424,27887800
2020-07-08,241.4595947265625,244.8399137021741,234.53043847059658,236.03721083635764,29791300
2020-07-09,242.37159729003906,244.3839246791393,237.15739168530018,242.86724472826,22174900
2020-07-10,242.9366455078125,243.3529875457348,237.23669990075217,241.56865372181096,22982700
2020-07-13,236.9194793701172,247.97241137402958,236.34452651720005,244.85974601579528,24674900
2020-07-14,237.64312744140625,238.23791044505438,230.0101595663755,234.6989803126721,23378100
2020-07-15,238.18833923339844,242.6888265852968,235.97775582429836,239.4472880015589,19133600
2020-07-16,238.83265686035156,239.6554333868777,234.27270970400994,235.92817026004732,18880700
2020-07-17,239.923095703125,242.0345586123702,235.78939791848782,238.90206319911425,18152400
2020-07-20,243.28359985351562,243.9081204995895,233.58873665026343,237.97025842481224,20872200
2020-07-21,239.6455535888672,244.76063914885387,237.9900928414451,244.07664321483745,19364200
2020-07-22,237.78189086914062,239.79421820490197,236.0471248813492,238.1684952556672,15427900
2020-07-23,230.5751953125,240.309703175952,229.73258861347995,237.54399711408567,21771800
2020-07-24,228.70167541503906,231.4574742966432,224.92482877063276,228.18619778132597,18325800
2020-07-27,231.4673614501953,232.90473604428718,228.82060585600848,229.44512648952175,13163100
2020-07-28,228.1167755126953,232.91465428162354,227.82930664968208,232.58752515242662,14170100
2020-07-29,231.2591552734375,231.6655897682173,228.30510102978255,229.12787752191306,13588300
2020-07-30,232.45864868164062,232.84525307867406,227.006526857551,228.21590781769854,20615300
2020-07-31,251.4617919921875,253.62282288169436,246.8324463200946,253.593085242817,53005100
2020-08-03,249.7666778564453,253.17671971855233,248.1508622761092,250.45065865408648,23124900
2020-08-04,247.65521240234375,250.59935953342313,245.27609551181612,249.37014838368583,17183500
2020-08-05,246.9513702392578,250.07395811822374,245.61313125623738,248.01206299801274,13050100
2020-08-06,262.970703125,264.27921961993843,246.50529465278117,246.87206891607784,45241600
2020-08-07,266.1031799316406,276.4622227468874,261.1367832769081,261.7811188499135,72766400
2020-08-10,260.7105712890625,271.47601990197774,257.42938743177587,265.7067062968509,30248800
2020-08-11,253.90037536621094,263.6051612054622,252.909080435801,257.9250303635218,28238300
2020-08-12,257.6275939941406,261.6026651681457,255.86306038705558,256.7155895596873,21415700
2020-08-13,259.0252990722656,262.85171243482586,257.31037856234894,259.27312275306645,17374000
2020-08-14,258.9658508300781,260.3635801658666,256.42813849404035,260.02654355504006,14792700
2020-08-17,258.88653564453125,261.80094457457125,257.14184723691153,260.2148669541819,13351100
2020-08-18,260.0563049316406,262.8418412286436,257.00312989770174,258.67842072781787,18690400
2020-08-19,260.3040771484375,265.57777232444016,259.0748813750512,259.1145416344258,23291500
2020-08-20,266.6682434082031,267.2828413890221,259.18394896753364,259.22360923298226,20299700
2020-08-21,264.6856994628906,268.13538685587196,264.10083901697624,266.35106787687636,15538600
2020-08-24,269.02752685546875,274.8365002201754,266.4303089079624,268.71030523947917,23685600
2020-08-25,278.37542724609375,280.6256556665897,267.9073560424017,270.03863392111543,42127200
2020-08-26,301.2644348144531,302.01782861437897,281.5277498480447,281.5277498480447,69015200
2020-08-27,290.6674499511719,298.60773063791044,289.47788414162295,297.5470379871194,30301300
2020-08-28,291.1036071777344,294.64253654084496,288.4469446244386,292.43193845438225,17157400
2020-08-31,290.6476745605469,294.2956325042199,289.0120137865058,291.39114572986756,17345100
2020-09-01,292.8681640625,298.8654860327322,290.1619181282009,292.14450790373803,17295900
2020-09-02,299.8667297363281,300.95716025848094,290.49898012809393,296.27824676954305,24341400
2020-09-03,288.58575439453125,295.00935596893214,281.1609655842515,293.413355515593,32294100
2020-09-04,280.268798828125,286.48420653598356,268.77969535194666,284.7494405794508,30333700
2020-09-08,268.7994689941406,276.868591956398,267.0746259319691,268.91841951540584,24864000
2020-09-09,271.3372497558594,276.05582330859846,268.98788560941557,273.3693922638843,22918800
2020-09-10,265.7562561035156,276.7298983195981,264.705485890159,273.1116778489327,24814700
2020-09-11,264.28912353515625,269.0275422844676,260.3537117530146,267.7091031026115,18913900
2020-09-14,263.8331604003906,274.2318656084392,263.3870957978233,268.5913945912352,24093800
2020-09-15,270.0486145019531,272.1303099337052,266.95574849230314,268.3138481408767,18478500
2020-09-16,261.22601318359375,270.0683767325323,259.51109242016884,264.9632142037472,29183400
2020-09-17,252.60177612304688,259.2236188586699,248.01207585132232,256.0316480397024,31281400
2020-09-18,250.33172607421875,256.943677059742,247.87331870031255,256.1506229056286,28130800
2020-09-21,245.9898223876953,247.7741562256559,242.0048277965363,245.38513189610754,24709400
2020-09-22,252.5323944091797,253.09743980433467,246.05923944460713,251.1049272276944,30293100
2020-09-23,246.8522491455078,255.74415008323095,245.9898123355929,253.03791936305436,19641300
2020-09-24,247.3578338623047,250.04424989954992,243.48186688044095,244.3542112986096,20006800
2020-09-25,252.60177612304688,253.52367312850794,244.4632382598628,247.228944402206,18351300
2020-09-28,254.58438110351562,257.3401799062247,252.60179116625955,257.14190881173045,18826300
2020-09-29,259.5111083984375,261.03768081045007,254.6636616660201,255.56574368325687,20200200
2020-09-30,259.6201477050781,263.76375343697214,257.8358288522011,259.6994682440942,20142500
2020-10-01,264.3089599609375,265.99414311385937,262.4948733807721,263.04010371853553,20009800
2020-10-02,257.67718505859375,262.84182274311667,256.92379129394055,258.9361186241271,16367600
2020-10-05,262.34619140625,262.56427749613204,258.5693602261399,259.91753703229796,12822300
2020-10-06,256.4083557128906,263.3771580098929,255.99199852253278,259.5011911203908,18696900
2020-10-07,255.87298583984375,257.91505052336765,252.60172539588396,256.95349344408396,23133400
2020-10-08,261.4638977050781,262.3163966194837,256.89401344287006,257.488796308595,16312800
2020-10-09,262.14794921875,262.44532558890444,259.88779804981755,262.21731687050624,14107800
2020-10-12,273.3495178222656,277.74094615184305,265.5381106231581,267.84784425154044,31019300
2020-10-13,273.7361755371094,276.67039983476207,271.01011468828443,275.16361229527485,18063300
2020-10-14,269.4538269042969,276.3234943187368,269.1366052288324,275.2033260754507,15577800
2020-10-15,264.3981628417969,266.69797414764406,261.374725658758,265.2705071475953,15416100
2020-10-16,263.61505126953125,269.00769806378014,262.9905306285475,265.0524410067769,16622700
2020-10-19,259.12445068359375,266.212202344182,257.6176935014616,263.21850298492296,13587000
2020-10-20,265.2308654785156,267.3522511210666,260.591612529058,260.77003835359403,18763200
2020-10-21,276.30364990234375,280.586021057658,273.9641781096813,277.12641139284636,28998600
2020-10-22,275.69891357421875,279.9912371337842,272.6457388053963,277.4336795285745,16720000
2020-10-23,282.3109130859375,282.75697768725735,274.41029068205205,276.3730354317049,17535200
2020-10-26,274.69769287109375,282.7470322158828,271.87252683746,280.69504467935377,21322900
2020-10-27,280.8239440917969,282.033325094517,273.9046947153265,276.3333793505012,16287200
2020-10-28,265.33990478515625,276.3630986342593,264.9334702679964,276.3630986342593,23121800
2020-10-29,278.38531494140625,281.131220993011,271.3966984619704,274.14257426165767,32368100
2020-10-30,260.819580078125,274.2913040530158,256.84450820010375,272.1104432269322,47247800
2020-11-02,259.0848388671875,268.11555177589446,255.09984397803464,262.29665514165265,27165700
2020-11-03,262.9905090332031,267.69915952467073,258.6090027801114,260.8691538059391,17961900
2020-11-04,284.87835693359375,286.42477468626174,276.1946032055948,278.5538901044381,35364400
2020-11-05,292.1147155761719,294.79122337280705,286.4346162939396,289.35891751420473,23823600
2020-11-06,290.85589599609375,292.03553957338414,285.55246121404525,291.39120381524936,13891000
2020-11-09,276.34326171875,290.03304153749013,276.10536062910086,287.34664089380567,25117700
2020-11-10,270.0584716796875,271.6148119869349,261.701862644346,270.722652596486,29067700
2020-11-11,274.07318115234375,275.9764501158663,270.10800218443785,271.08937429838187,14957000
2020-11-12,272.6853332519531,277.31469282005935,272.04099774618555,274.7670581760521,12899500
2020-11-13,274.5390930175781,275.34203934464506,270.7226021810253,275.30237908412266,10391200
2020-11-16,276.5316467285156,276.9777415825095,272.23935265833245,272.65567962026546,12970400
2020-11-17,272.6060791015625,275.26274199380117,270.91097340750423,275.26274199380117,15040300
2020-11-18,269.60247802734375,274.9753097532695,269.4736048486675,272.13026794843125,12152900
2020-11-19,270.56402587890625,271.08941095311593,266.8466700938607,268.66072640611867,12963700
2020-11-20,267.352294921875,270.6235565819862,267.06481087841007,270.187384327048,18114700
2020-11-23,266.0932922363281,268.59137483464673,262.2272480388358,268.53189955867924,20990800
2020-11-24,274.5093688964844,275.4015281647024,265.53813281939904,266.15273075412887,16930400
2020-11-25,273.19097900390625,277.74101931681827,270.27656935219704,275.7187993456942,12467000
2020-11-27,275.3916320800781,276.70014860060974,272.4276700276529,274.9753051656759,7808400
2020-11-30,274.5589294433594,275.2825855577572,268.65082074499577,273.62710988582904,16693300
2020-12-01,284.0555725097656,286.7816337824195,276.53164702747165,276.72991812988835,20738900
2020-12-02,285.0170593261719,289.23998469655885,278.3852949425003,282.8758590081693,17361600
2020-12-03,279.3964538574219,284.1546569401702,278.62324510017737,283.7581450585941,12921700
2020-12-04,277.26519775390625,280.9924460351421,276.86865558933414,277.8599504969249,10880300
2020-12-07,283.093994140625,285.9786660308309,275.7782629341563,276.7596352388942,13007700
2020-12-08,280.9329833984375,283.93660589347684,279.09908168651367,283.5202789546356,10747700
2020-12-09,275.5007019042969,285.1261672616319,269.38439883876845,281.190725155916,25189700
2020-12-10,274.70758056640625,276.3035807536108,269.4933607990471,273.14134826183744,20065100
2020-12-11,271.1687316894531,274.0732489938562,267.8974703319594,272.14021166775035,14391400
2020-12-14,271.8031311035156,274.806753220003,269.19602086754435,270.9902620847114,16376900
2020-12-15,273.15130615234375,273.6766912557278,265.1416564202378,272.43757259190494,23979500
2020-12-16,273.270263671875,275.44117155415506,270.1377683264025,272.36818173124277,15885000
2020-12-17,272.0906066894531,277.9987152072604,271.2281548047126,274.6580565826813,16377800
2020-12-18,273.9938659667969,275.57994363522437,268.77967609377816,273.36934542688545,26693200
2020-12-21,270.4153137207031,272.2789527626678,265.45883978012307,270.6036621505985,16553700
2020-12-22,264.76495361328125,269.1365677921802,262.32637660769075,269.1365677921802,17312900
2020-12-23,265.7760925292969,269.80077813072745,263.91248330865534,264.56674165021036,14329000
2020-12-24,265.07220458984375,268.0460887780288,263.88266906571835,266.53933168003755,6702000
2020-12-28,274.5887451171875,274.886121549035,263.34746221446227,266.4006378384919,23299700
2020-12-29,274.37060546875,278.068146393808,273.8749580110601,274.5391389152094,16383000
2020-12-30,269.5033874511719,275.6593214021214,269.34477660879304,275.5304784538682,11803800
2020-12-31,270.7820739746094,274.67785503035066,267.4612305554548,269.6321684495214,12900400
2021-01-04,266.598876953125,272.60612217062203,262.89144337221967,272.3880360628086,15106100
2021-01-05,268.61114501953125,270.02868928007945,265.87516177389597,265.9544822965635,9871600
2021-01-06,261.017822265625,265.41917344429424,257.7465616404671,259.7192285430629,24354100
2021-01-07,266.40057373046875,269.24558516756673,262.4750545151092,263.5852999293993,15789800
2021-01-08,265.2407531738281,266.6087448189351,260.88895454198536,265.9743016349195,18528300
2021-01-11,254.60418701171875,261.17647725911263,253.67236735436126,258.2125150894725,30412300
2021-01-12,248.9042205810547,257.4590999880245,248.1211043039548,254.39600252775776,26383500
2021-01-13,249.44944763183594,251.7393364270185,247.03068565955243,249.36023472120903,19528900
2021-01-14,243.50167846679688,252.809936966483,242.48064593056202,251.19412144026523,29739400
2021-01-15,249.17185974121094,251.6500967233896,245.00842463634237,245.74197310245407,24942900
2021-01-19,258.8271179199219,259.9175484170947,250.52006138498896,254.6636670223244,28028500
2021-01-20,265.15155029296875,267.9668239616114,261.3053215373007,266.58890963596116,25199900
2021-01-21,270.4946594238281,271.2183156581373,265.1614875305611,266.91609902631524,20838700
2021-01-22,272.11041259765625,276.0458540190724,269.6321756887523,269.64209831700083,21954000
2021-01-25,275.58990478515625,277.6617074955917,269.1464879361957,275.7187779624426,19087000
2021-01-26,279.5946960449219,282.905647414727,275.39161562612856,275.71875986267514,19373600
2021-01-27,269.7709655761719,280.9825066866827,265.7859413525884,280.07050221331053,35346200
2021-01-28,262.693115234375,284.2934368405983,262.3957389028005,274.7670783269518,37758800
2021-01-29,256.0812072753906,264.23957548201406,252.63152026244686,262.9905341831644,30389500
2021-02-01,259.72918701171875,261.870387630748,252.69098715556086,257.2608421338814,22914300
2021-02-02,264.7550354003906,266.5096467798123,260.9782041542652,261.7018603405953,17320800
2021-02-03,264.32879638671875,266.85661669881154,261.54325995501324,263.3077637827689,14223400
2021-02-04,264.1701354980469,265.8256110868303,261.70182118340733,264.6856281434221,16060000
2021-02-05,265.7661437988281,266.8268365027452,263.357304678353,264.4774423986181,12454400
2021-02-08,264.2593994140625,267.51084570093855,262.6931666745466,266.4105228067336,13755200
2021-02-09,267.10443115234375,271.01013559908193,263.43662780833625,264.12062373060746,14613400
2021-02-10,269.5033874511719,271.41657968724337,265.3895189364719,270.0783555362858,14687200
2021-02-11,268.0362548828125,271.1984579277582,266.1527702844874,269.5231973013296,12828600
2021-02-12,268.1452941894531,268.8193675206695,266.0040933856579,268.16510919851635,9097600
2021-02-16,271.5850830078125,274.19219360834205,267.6991934307805,268.4426646551784,15417200
2021-02-17,271.18853759765625,271.58504948467396,267.23325060077394,268.8788036712196,12763200
2021-02-18,267.0449523925781,269.5826649616648,263.7141857382018,267.22337821729826,15249100
2021-02-19,259.2830810546875,267.9172508111953,257.8853516724328,267.5108162885324,25622600
2021-02-22,258.06378173828125,260.779950269616,255.2881681864634,255.7045253451955,17434900
2021-02-23,263.545654296875,265.1317322276039,252.74056078837012,257.2410330934261,21924600
2021-02-24,262.0091552734375,264.0611429978449,256.14070634660726,260.04638046071045,15736100
2021-02-25,252.47291564941406,264.61627890301037,251.82856485017743,260.0166557701137,19053100
2021-02-26,255.37738037109375,263.23834145442027,254.2373973173974,254.2373973173974,26619500
2021-03-01,262.60394287109375,264.3287863643085,255.6549557487879,258.549550247898,22157300
2021-03-02,256.7453918457031,264.3882674335836,256.398432563095,263.4663703912783,15191700
2021-03-03,253.1866455078125,258.71805798952397,252.87934649504635,258.0241696792447,15513500
2021-03-04,255.3972625732422,264.170199267772,251.29328668398887,254.2374340930853,31626500
2021-03-05,261.9794006347656,263.13922891518143,253.38487613689907,258.4008407623917,26820100
2021-03-08,253.08749389648438,263.2680814436607,252.82976267251672,263.2383438072783,18391800
2021-03-09,263.4267272949219,266.19244885404976,257.54835512336365,258.90642445200484,22039700
2021-03-10,262.593994140625,266.62857135494477,260.58166684791667,266.3014573722322,14210300
2021-03-11,271.4958801269531,275.4808751463395,265.4886348319139,265.7760886012566,21834000
2021-03-12,266.0635070800781,267.39183842598396,261.72163119837296,266.79708577253,20600200
2021-03-15,271.36700439453125,273.5577578590137,266.1627056801156,266.7376434653385,16844800
2021-03-16,276.84881591796875,279.68393483210156,272.4078042369118,273.6766603955113,22437700
2021-03-17,281.5376892089844,283.7383652141493,273.01254656501544,273.30992295006973,21315000
2021-03-18,276.194580078125,282.7073948287662,275.85754344250125,277.4336987025886,18728300
2021-03-19,287.5845031738281,290.2510884508248,278.75209364143296,278.77190864559003,38930500
2021-03-22,290.9846496582031,297.1009209099775,284.2537502914889,287.9215527185959,28273100
2021-03-23,288.10003662109375,295.4058750668356,287.287167556758,290.59808883499494,23000900
2021-03-24,279.6839904785156,289.18058342581696,278.7125104716454,288.4668498038542,18675000
2021-03-25,276.3135681152344,285.55244509320096,275.33219571212356,278.53408956285267,24505600
2021-03-26,280.5563049316406,282.0234324480734,275.3520060903317,275.8773912394726,17629200
2021-03-29,288.2884216308594,290.62786332998365,282.2217010191801,283.28236368680797,21718800
2021-03-30,285.492919921875,289.92400915990584,284.20424870355055,287.30697620636784,17474500
2021-03-31,291.966064453125,293.91891647417685,286.09758576107686,287.46557746389414,19498200
2021-04-01,296.0600891113281,299.7675217386888,294.0180243778917,295.8023427996799,17616000
2021-04-05,306.2208557128906,308.0646493719393,298.06248927320576,298.27068294587053,28237000
2021-04-06,303.5939636230469,308.63965066599314,302.59274616641994,306.1514909677622,17335200
2021-04-07,310.364501953125,311.51440761304855,302.8405776476892,303.6732616941335,22855200
2021-04-08,310.29510498046875,313.1302240000469,307.3509580476352,312.1091915082921,20894100
2021-04-09,309.7399597167969,312.00011061408475,307.62849698671556,308.68918966598244,15988600
2021-04-12,308.8280029296875,309.43267826117784,305.249412826226,308.3422478867747,10881900
2021-04-13,307.06353759765625,311.6928681364762,306.62736539352943,309.4921921072625,14036900
2021-04-14,300.1839294433594,305.3485674115409,299.32150771904355,304.62491124248805,17421400
2021-04-15,305.1403503417969,307.44016137052574,301.45273274466757,303.6732232541082,14558300
2021-04-16,303.5146484375,306.2605545198828,301.9583082701033,305.4873457507172,13059200
2021-04-19,299.60894775390625,305.02143945188504,297.9435796554135,302.3548538676935,14553500
2021-04-20,300.0154113769531,302.44409611177736,294.62276441424297,299.36115307795654,16796400
2021-04-21,298.845703125,299.35127325267996,294.80123285932785,299.3215356129295,14863500
2021-04-22,293.93878173828125,300.28309392317766,293.4629795007598,298.70690825562025,16375400
2021-04-23,298.5086364746094,299.9559185503014,294.56327190310105,296.1592724145303,17536800
2021-04-26,300.4020080566406,303.1379613464025,298.9348807476967,300.6993844190325,16172600
2021-04-27,300.9273986816406,302.6819797559511,298.48879145737527,301.6312095868947,15309300
2021-04-28,304.4266357421875,308.21338909650177,302.71168486658456,304.6843518160159,33907200
2021-04-29,326.6416015625,328.92156779722495,318.81034742600906,327.2462769479481,56526800
2021-04-30,322.2501525878906,326.9489112739997,321.67521482139733,323.30095307824286,26332400
2021-05-03,319.7718811035156,325.6899125995795,319.03833259122655,323.33065625563813,18719500
2021-05-04,315.588623046875,319.3852993731885,310.3942475633502,317.2341761756683,24032600
2021-05-05,312.2776794433594,318.2651085526417,311.75229440533417,315.4200972947365,15577600
2021-05-06,317.23419189453125,317.45227798871764,310.54295113207814,311.7820697917917,19012200
2021-05-07,316.3023376464844,320.1287513801617,315.9752236669433,319.57362870148063,15916700
2021-05-10,303.3065490722656,311.8415849716232,302.17645818907476,311.61360647029204,24239200
2021-05-11,303.8616027832031,304.1689017601003,297.08114978173637,298.1319198805301,18920100
2021-05-12,299.9162292480469,302.3052533431608,295.5941984466041,298.5086075749561,24645500
2021-05-13,302.6026916503906,306.17132909823965,300.13434677159415,303.41553047906933,18079200
2021-05-14,313.1896667480469,314.09174860369416,306.3893690100581,306.8453863779117,19245700
2021-05-17,312.71392822265625,312.9320143438868,308.8676985856401,310.82055104559214,15401300
2021-05-18,307.2617492675781,313.7448261843899,307.1130610875427,312.8427442229503,14522400
2021-05-19,310.86016845703125,311.92086127549254,300.9274043092507,301.54200231563533,19106200
2021-05-20,315.8364562988281,316.47089956123494,310.43391719826906,310.8502441187937,17320200
2021-05-21,313.4771728515625,317.14494554649013,313.0608157149479,316.5105325905979,13600900
2021-05-24,321.8040466308594,323.11256307150484,315.26149467954974,315.4399204891148,16445400
2021-05-25,324.93658447265625,326.3144687405678,321.97259196124674,324.2327432673688,16437000
2021-05-26,324.8077087402344,326.95880185253304,322.98372965239616,325.4917046796638,9686900
2021-05-27,329.85333251953125,330.874364915751,323.9154865674109,325.1446823934072,20477700
2021-05-28,325.868408203125,329.97235367090116,325.4718660113677,328.1186369069308,12037400
2021-06-01,326.2648620605469,328.53493562097003,323.7965476914582,327.27597186491556,11765900
2021-06-02,326.2846984863281,328.9810217269072,324.2723711221696,327.50400205992975,11654300
2021-06-03,323.2017822265625,324.5301136988752,320.6640698239475,322.94403588426127,12610800
2021-06-04,327.4742431640625,329.565860670719,322.34923573825716,323.0629692041893,13289400
2021-06-07,333.6499938964844,334.7503468667708,326.0665946490602,326.6118249458043,20136700
2021-06-08,330.7752380371094,335.3550151234234,329.34777112034703,333.76896766205743,14580500
2021-06-09,327.3750915527344,333.86806007171225,327.1272678649579,332.81729005569315,13727900
2021-06-10,329.5658874511719,331.03301476478316,325.6899208387667,327.91044194205926,13240200
2021-06-11,328.3763122558594,329.9326220393936,326.06657852133054,329.6847983491086,13587900
2021-06-14,333.8383483886719,333.8879312812303,326.9389448552168,329.0107474158406,12250800
2021-06-15,333.818603515625,336.961022091934,332.1135748428996,334.05650464375105,15795200
2021-06-16,328.1978759765625,334.6115546775463,325.858434720274,333.7689782813565,17232200
2021-06-17,333.5806579589844,335.0378626785236,327.2760066360262,327.61304327329054,17794100
2021-06-18,326.7903137207031,333.2238085977751,326.1360553896907,331.6179155361639,23039500
2021-06-21,329.3973388671875,330.0218593960487,324.79771673532474,328.20777307393615,11337500
2021-06-22,336.0787353515625,336.9610024033521,329.7047159002539,329.7939288180885,15345300
2021-06-23,337.6250915527344,340.43047277158377,335.25591271698704,336.3958956840747,14817800
2021-06-24,340.19256591796875,341.8975943029009,338.8146817809146,338.87415705290726,12329100
2021-06-25,338.3983459472656,341.1244070090632,336.72305509277095,339.607726973849,14594400
2021-06-28,352.5440979003906,355.02233490536383,338.7948135851893,339.4788094187152,29156100
2021-06-29,348.8267822265625,353.6345383636902,346.0114780457379,353.1686285434748,21417300
2021-06-30,344.6831359863281,349.8478041184627,344.1478585298199,349.1043329547267,15107500
2021-07-01,351.30499267578125,351.5825540207523,343.4836618715518,343.80088348063805,17137000
2021-07-02,351.61236572265625,353.33720942603287,349.5504550811741,352.00887769158004,11521300
2021-07-06,349.70904541015625,355.6667379814897,346.14037739528163,353.39666398353967,13488500
2021-07-07,347.43890380859375,353.3866725921118,346.953179038553,352.1673993527171,14218900
2021-07-08,342.64111328125,345.29777664080524,339.57801533840177,342.7204338229243,14406500
2021-07-09,347.3695983886719,347.6570521499871,342.2644050667908,342.3139879666851,13018700
2021-07-12,350.0857238769531,351.106756452849,346.59637658645624,348.17253190738757,10018600
2021-07-13,349.0250244140625,355.36930584552533,345.76365565988795,348.44016404206013,11456000
2021-07-14,344.6038513183594,352.10796098033563,343.71169195773086,351.4735177226943,13894200
2021-07-15,341.4613952636719,346.18989077833317,337.25831503012074,346.18989077833317,14781600
2021-07-16,338.19012451171875,342.97806489960266,337.17901474553435,341.907479867873,11026100
2021-07-19,334.0168151855469,336.8320889577822,331.627790942661,334.6314131584542,14372300
2021-07-20,338.685791015625,340.4602172096877,331.5881164912914,335.85067210625715,11024300
2021-07-21,343.216064453125,343.5035182097744,338.27940466793854,338.52722840762203,9279700
2021-07-22,348.1328430175781,348.47980226768016,342.20488888598493,343.66209353487886,12385400
2021-07-23,366.5709533691406,372.0627053911015,354.0806314483372,357.7682497249188,33694300
2021-07-26,369.2176513671875,371.18042595459303,365.0145711113997,366.36271751347635,14925200
2021-07-27,364.6081848144531,369.9016960963588,361.3765536706244,368.67250006703915,15705400
2021-07-28,370.03057861328125,374.26339716924025,363.73584961530185,371.2994349422472,29676900
2021-07-29,355.20074462890625,362.338048728965,353.6344819715964,357.8574073175073,33413200
2021-07-30,353.1983642578125,357.58982369964633,349.86762788183586,350.91839806606083,15976200
2021-08-02,348.8862609863281,356.2713900270993,347.6867723455861,354.9827187252499,13180400
2021-08-03,348.182373046875,350.69034766045326,344.6732112647218,349.6594228581962,12406100
2021-08-04,355.79559326171875,357.3420109483392,348.45009412431125,349.35217615015995,14180600
2021-08-05,359.8103332519531,360.7322303053442,353.7931655774242,356.5093343422309,10247200
2021-08-06,360.3455810546875,361.9712887894924,358.2539333036659,358.2539333036659,8925000
2021-08-09,358.46209716796875,362.59580978398236,357.6095981631221,360.59340518391826,7798900
2021-08-10,357.986328125,360.9304751555723,355.91452543710386,358.6802163961875,7469900
2021-08-11,356.82647705078125,359.2055785824935,354.6951992255373,358.9478624990702,8400300
2021-08-12,359.49310302734375,359.84006230584646,354.0013206031575,355.32968244107315,7170700
2021-08-13,360.01849365234375,361.48562107299557,358.33331038394755,359.81033018281977,7195700
2021-08-16,363.3690490722656,363.75566859668425,354.2689693273235,359.36420928344654,11222100
2021-08-17,355.3296813964844,361.495537099571,351.979099677339,359.82024623999826,12328700
2021-08-18,352.35577392578125,356.72735768431033,352.05836731339076,353.1487977216519,10042400
2021-08-19,352.02862548828125,354.45730999360205,347.9444955095023,348.29145476053645,12004500
2021-08-20,356.2416076660156,356.85620560210634,350.23436359428507,351.51314235764846,8697700
2021-08-23,360.18701171875,362.50663817869156,355.97400834984796,356.31104498912975,10942000
2021-08-24,362.3282470703125,364.75690168216056,358.6901810899904,360.4943452601103,9235100
2021-08-25,365.18316650390625,367.63163602444916,362.21917398865673,362.4174450823312,9684500
2021-08-26,361.2080383300781,366.2239880737597,360.96021460656846,365.17321790623237,7888700
2021-08-27,369.38623046875,370.48655330780355,360.9106407610319,361.9217809395353,11219100
2021-08-30,377.34625244140625,378.16901374968154,367.2945094411481,369.31675914421385,13547300
2021-08-31,376.0774230957031,379.4280043335616,375.50245517516845,376.6424683877028,12345400
2021-09-01,378.7242126464844,380.984363857357,375.5124267815391,376.28563561020815,11567200
2021-09-02,372.0131530761719,378.42683236190425,370.80377207439494,378.1790086340969,14832900
2021-09-03,372.9845886230469,373.8767478866704,369.8619858224901,371.48772380448895,7509600
2021-09-07,378.85308837890625,379.6262972127844,369.9016963878122,372.6079424323459,10793800
2021-09-08,374.2831726074219,377.5544332392482,371.52737436398115,376.85062242489346,11067200
2021-09-09,374.7094421386719,376.52349834929333,373.2918978058561,374.3525905242219,9098900
2021-09-10,375.39349365234375,380.4491040368382,374.96724407679176,378.04023427441945,11549600
2021-09-13,373.2324523925781,378.4268279867525,371.0912517788471,378.35743008330803,13026300
2021-09-14,373.25225830078125,375.2943233243702,371.84460626658046,374.114680002249,8711600
2021-09-15,370.6650085449219,374.27330631053246,364.4694153158542,373.7181835773616,17940300
2021-09-16,369.8125,370.30814748622225,366.4916557919265,369.54486124813184,11934200
2021-09-17,361.5450439453125,368.1768086376163,358.4422863528636,368.1768086376163,26299000
2021-09-20,352.6036071777344,357.88719567110746,346.7549430803481,356.17224460756535,19822800
2021-09-21,354.3681335449219,356.90584622489916,352.09805961371984,355.3792435144386,11751900
2021-09-22,340.2222900390625,346.7945796004399,337.7242379588481,344.20731461578043,43692900
2021-09-23,342.9483947753906,346.6261208464097,340.01417017387416,342.3536117509413,21806300
2021-09-24,349.88739013671875,351.26530437450145,339.3895822550185,340.2520038562021,18801900
2021-09-27,350.50201416015625,352.0583543102863,344.0585977379562,346.7648435259705,15205800
2021-09-28,337.6845703125,346.5566709453313,335.9696496557969,344.94085556790003,21710300
2021-09-29,336.6536560058594,342.2247589133075,335.93003006958673,340.1628485218163,14452200
2021-09-30,336.4355773925781,339.8158662468685,335.2063511936451,337.4863475250749,16547100
2021-10-01,340.0240478515625,342.0165298799602,335.69209430346353,338.63621089401767,14905300
2021-10-04,323.3901062011719,333.0155700215492,319.89083684616867,332.60913553248565,42885000
2021-10-05,330.0615234375,332.26219920558924,323.3207305857964,325.7196471719252,35377900
2021-10-06,330.73565673828125,331.46920530979725,322.96387782374825,326.86958228902955,26443000
2021-10-07,326.35406494140625,335.89031577540686,326.11616387754583,334.066337031341,28307500
2021-10-08,327.1768493652344,330.4976931247865,325.84851791179705,328.6241616109095,15946100
2021-10-11,322.6169128417969,327.5832793428931,322.4781170454003,324.77792829946685,14708200
2021-10-12,320.9515380859375,321.5562437044352,314.60725679206337,320.21798954237187,31658700
2021-10-13,321.71484375,324.15342064578897,319.8512045646959,324.1236830099349,14761500
2021-10-14,325.6700439453125,327.6427107017356,324.25249979624374,325.50151053683453,14302200
2021-10-15,321.9329528808594,326.20543163201086,319.70253927634974,325.8188120863073,21596400
2021-10-18,332.4208068847656,332.96603719606185,324.6490589958284,326.0864486097068,21585000
2021-10-19,337.03033447265625,339.4788340210917,334.34393383511576,336.6932978457845,18786300
2021-10-20,337.8134765625,340.9856323597062,336.4950676495125,340.4602472700604,13639500
2021-10-21,338.90386962890625,339.330119130641,334.85936992096316,337.31779190524065,16354400
2021-10-22,321.78424072265625,326.7605607564553,318.31470838122334,323.5091145151321,35224500
2021-10-25,325.8287048339844,326.6911265083267,316.9367888694215,317.51172656834376,38409000
2021-10-26,313.0608215332031,327.3354612031208,306.9048890368602,325.4024544129807,65654000
2021-10-27,309.5021057128906,316.4709078935472,309.3434948931129,311.4549579442683,29971800
2021-10-28,314.16119384765625,322.68630580861134,305.42785792385024,310.2653818889196,50806800
2021-10-29,320.75323486328125,323.16207373526584,316.81779367550837,317.40265392105727,37059400
2021-11-01,327.10748291015625,330.54727722256507,323.16211854762673,323.20177881185055,31518900
2021-11-02,325.2239990234375,331.875609206315,320.9812583023062,328.4952901589308,28353000
2021-11-03,328.7332458496094,329.25863099399135,320.38655881984874,324.6391926245561,20786500
2021-11-04,332.9263916015625,334.33401339052415,329.7542358838118,331.1024126520275,22495300
2021-11-05,338.160400390625,343.7711325959284,336.6833808173762,337.3475313931403,26872800
2021-11-08,335.6722412109375,341.7885434537286,335.3946798762904,341.4217692170789,18342500
2021-11-09,332.45050048828125,338.33879345813114,331.5583413038614,337.0401998142938,17556700
2021-11-10,324.78790283203125,330.2895778882843,322.6764396774072,329.5956592992424,21872600
2021-11-11,324.8869323730469,329.56584481304134,324.15338393710476,326.9488423984899,12376600
2021-11-12,337.92254638671875,338.88407343601807,326.9092438798421,327.3057558051871,25414300
2021-11-15,344.5344543457031,350.57143667963453,340.2124230860424,341.3424835453799,25076600
2021-11-16,339.9745178222656,343.632398718103,337.90271494458875,340.83693961443635,18181100
2021-11-17,337.8035583496094,344.2767129547134,337.1394076955589,341.2433529254867,13602800
2021-11-18,335.74163818359375,339.47880868836324,332.38113429115987,336.7626706173694,17487200
2021-11-19,342.2940979003906,349.0349209979875,336.94111178741986,339.2211080822215,26488500
2021-11-22,338.04144287109375,350.7498189691129,337.5457954807086,346.01143112710747,27116800
2021-11-23,334.3141174316406,338.42798413838597,330.5967625306217,335.97948516683834,17225000
2021-11-24,338.0910949707031,338.8048286329041,329.91291062344874,333.0751443245411,13566200
2021-11-26,330.2200927734375,334.8097921741173,329.01071200317614,332.87675536649886,14750700
2021-11-29,335.0874328613281,337.70446606683015,332.3911093701691,333.95737234216773,16650900
2021-11-30,321.6355285644531,332.8867315122885,320.61449604727216,332.08378507896754,25390000
2021-12-01,307.896240234375,327.6230051442653,307.58894119735874,327.41484165994666,30329600
2021-12-02,307.68798828125,311.8613306581349,304.5257556465427,308.68917539543384,24396200
2021-12-03,304.1689453125,311.018797193266,296.8928438546077,310.9989821845351,27471000
2021-12-06,315.1029052734375,317.3135037928877,303.6732762774191,305.4477026203686,21758300
2021-12-07,319.9998779296875,323.6974184932654,318.20563672841274,318.7706820353999,18794000
2021-12-08,327.68243408203125,329.85337229580705,320.25764508948055,322.1708369530798,19937700
2021-12-09,326.9488830566406,333.2039513001033,325.1447191229976,326.6713217016124,16879200
2021-12-10,326.8794860839844,332.1135218307641,323.5289045553866,329.66502227155183,14528000
2021-12-13,331.5782165527344,338.120768847072,326.72087766442525,328.0690544396318,22948700
2021-12-14,330.8347473144531,332.7777070826221,324.7977650571663,325.19427696326966,20461000
2021-12-15,338.685791015625,339.1318555324003,321.1597059007008,329.59560422727736,24681300
2021-12-16,331.98468017578125,341.46145769089816,330.8347743776726,336.0291806038767,22635000
2021-12-17,330.88433837890625,334.17541450753987,327.87079336466917,329.90293584106695,40012600
2021-12-20,322.6169128417969,327.02815666114145,319.7223186424487,326.9092061224686,17901800
2021-12-21,331.290771484375,333.0750902240933,320.9317275596732,323.56857565417766,16116800
2021-12-22,327.57342529296875,331.59808033252256,325.402486952431,330.8942391431612,16764600
2021-12-23,332.3216857910156,333.73926046044926,325.50157217835203,327.2264458403401,13987700
2021-12-27,343.1664733886719,344.8417642492237,335.0676107095978,335.90029482489064,17795000
2021-12-28,343.20611572265625,349.6396098349676,342.19500583233264,343.61255025505903,16637600
2021-12-29,339.95465087890625,346.64589097074906,338.6659797027257,343.8900925578149,10747000
2021-12-30,341.36224365234375,344.2072849803108,340.232183374751,341.00539206528754,10593300
2021-12-31,333.4220275878906,340.4503044176008,333.3427070591163,340.03394727133025,12870500
2022-01-03,335.5929260253906,338.11079285566626,334.25467209086094,335.3549947191294,14537900
2022-01-04,333.6004638671875,340.103355842502,328.9810261084693,336.9907056585959,15998000
2022-01-05,321.3480224609375,332.8371246272023,321.02087826250215,330.12095652506423,20564500
2022-01-06,329.5658874511719,336.2174978797131,319.9106849971609,320.0098205355799,27962800
2022-01-07,328.9017639160156,334.0664021975525,326.0170919463344,329.8434759787728,14722000
2022-01-10,325.214111328125,325.4817500490974,312.68412980194535,322.4781278394008,24942400
2022-01-11,331.4592590332031,331.71700537861085,322.4483923442952,323.9353346411827,16226800
2022-01-12,330.35894775390625,333.44186036917864,327.15705433912973,332.2622170190989,14104900
2022-01-13,323.6379699707031,332.7083122589069,322.92423643234406,332.06397662403594,14797100
2022-01-14,329.0107421875,329.8335338228713,318.4137982227158,318.98876615498534,16868500
2022-01-18,315.3804626464844,321.38770724912837,314.8749228247817,320.4757328930127,22645600
2022-01-19,316.80792236328125,324.25255648211686,316.5501760176956,316.7979997340146,20814700
2022-01-20,313.80438232421875,324.96637511142364,313.22944446261334,321.08048491089335,16925000
2022-01-21,300.5308837890625,315.5390726265912,300.4020106136228,312.06954052686575,28710700
2022-01-24,306.02264404296875,306.8355131318804,286.4941524130444,295.24727318173785,38878100
2022-01-25,297.5371398925781,303.56422945511866,294.98950489574133,297.3388990759173,25108500
2022-01-26,292.0652160644531,304.83309899106166,288.3181226187675,304.33745154982324,28348800
2022-01-27,292.07513427734375,299.08356599902004,291.69843738739166,295.15804679430795,21629900
2022-01-28,299.0835266113281,299.2718750314997,290.47909555515713,293.04654529359937,21871600
2022-01-31,310.53302001953125,311.0584050556387,296.71436802993236,298.0625144426168,21579500
2022-02-01,316.22308349609375,316.87734178183337,309.40296951956975,311.8217315752421,18023800
2022-02-02,320.1882629394531,325.1447375979586,314.11162016781816,324.96631177071333,58458300
2022-02-03,235.69027709960938,245.8411426276449,233.6977797357552,242.52029856192772,188119900
2022-02-04,235.026123046875,240.49807556869192,228.10688832560353,232.92458253075475,89342200
2022-02-07,222.95213317871094,236.22557090302277,222.05995871878767,235.6307879297406,88613800
2022-02-08,218.2633056640625,223.8046556975706,214.26838839341522,218.92748656351395,94729700
2022-02-09,229.9804229736328,231.33849218278192,220.27565229753864,222.24831952087897,86563300
2022-02-10,226.08462524414062,232.9542913411008,224.72654100471263,226.28288119030293,49310400
2022-02-11,217.63882446289062,228.41419647991736,216.86561555808981,226.4712667130708,46156900
2022-02-14,215.8048858642578,219.0761618951234,212.9103067167767,217.4008711781249,38184000
2022-02-15,219.076171875,219.22486005892043,213.18787777639622,218.55078679053494,42685500
2022-02-16,214.6549835205078,215.56698810761435,210.51137824316746,210.56094601163443,45817500
2022-02-17,205.90188598632812,215.60665713962692,205.3566707246909,212.15695486066195,38747500
2022-02-18,204.3653564453125,208.91539632217007,203.39387657053754,207.56723467799455,37128400
2022-02-22,200.3208465576172,205.67383220165968,198.31842691073064,200.57857774941147,39852400
2022-02-23,196.72244262695312,205.1385406073783,196.32593077226764,202.38274237722837,44481400
2022-02-24,205.7928009033203,206.5362719829913,188.5640929101041,189.39677688910578,49957200
2022-02-25,208.64773559570312,209.48043476464565,201.4112801723448,203.15596878731102,37627600
2022-02-28,209.19297790527344,211.2945184174018,205.02954202469644,205.87213368004936,34239800
2022-03-01,201.7185821533203,209.90667166894585,200.4596335354331,208.04303262444745,27094900
2022-03-02,206.29837036132812,207.32931034252405,200.2613883982864,202.99735671935014,29452100
2022-03-03,201.203125,207.25993738193364,199.66661489556296,207.20046210869705,27263500
2022-03-04,198.31845092773438,204.09770188319834,197.05950219705525,200.60833967639832,32130900
2022-03-07,185.83804321289062,199.1412180323185,185.6496947748115,199.0420824988162,38560600
2022-03-08,188.63348388671875,194.98768728769406,184.489878816178,186.21473724141336,37508100
2022-03-09,196.77203369140625,197.36681666982452,192.23190132562794,194.03606526779308,31894700
2022-03-10,193.51068115234375,194.57135881377323,189.40672093356542,193.1438917592487,24853000
2022-03-11,185.97683715820312,191.87503879956054,185.04501753022495,190.96304930488995,34694500
2022-03-14,185.00534057617188,190.6160572606137,184.2023942638273,185.40185241838046,31010500
2022-03-15,190.3583526611328,190.60617637861344,184.29163289751435,189.1390642063968,31721700
2022-03-16,201.85739135742188,201.95651177480704,192.82669394360815,193.00511977047762,40640300
2022-03-17,206.03070068359375,206.228956611745,199.35929113887715,199.9441514210085,29499700
2022-03-18,214.60540771484375,214.91270666982817,204.20672025274516,204.90062355850955,52128000
2022-03-21,209.6489715576172,212.84094246310048,205.82257249783686,212.632763871021,30142300
2022-03-22,214.7640380859375,217.54958951329053,208.3503587518727,209.53000212527914,31998800
2022-03-23,211.601806640625,214.91272782980164,210.3131203024904,211.47293346902381,23717300
2022-03-24,217.65863037109375,218.74904569512475,212.9202267914641,213.12840537772053,31502300
2022-03-25,219.8890380859375,223.53699599289988,216.98453621485453,218.59042908411953,40039000
2022-03-28,221.6436004638672,222.08968009819674,217.6288535029848,220.19631852795726,26224100
2022-03-29,227.85903930664062,228.8800718121414,223.3288144925983,224.1020384066852,31417900
2022-03-30,225.86654663085938,229.1378076655561,224.73647106182824,226.9173167936126,25588000
2022-03-31,220.42433166503906,226.50097416228894,220.3251961259612,226.46131389627396,24192300
2022-04-01,222.8926544189453,225.30149365853208,220.7613614029989,222.59526293695754,19544800
2022-04-04,231.8539581298828,232.3099604286333,223.89386147924975,224.01281202415882,28054800
2022-04-05,229.82179260253906,234.7980969460223,229.00893869737314,232.0422984945777,29727200
2022-04-06,221.3561553955078,226.99662582724713,219.4826086293868,224.9347306089512,28995100
2022-04-07,221.0092010498047,223.55683627381228,216.6574169233372,221.9806658434369,21037200
2022-04-08,220.3945770263672,223.17020552086805,218.11459593710012,220.44414479208226,18375700
2022-04-11,214.57568359375,218.68955105022263,213.34647257045273,216.51861297223437,20516600
2022-04-12,212.27589416503906,220.09721050095476,211.27469173834876,218.32279924455113,20128800
2022-04-13,213.11849975585938,214.72439268188097,209.49035672762682,209.97609668254103,19231800
2022-04-14,208.35035705566406,213.1184982815987,208.1719312322115,213.01936274015176,18379500
2022-04-18,208.93521118164062,211.52249123883075,206.48671179270767,208.17190994324702,16580800
2022-04-19,215.4182891845703,216.52853461621248,207.1806311048147,208.68740356630022,20089900
2022-04-20,198.67532348632812,212.29572095663042,197.18838112552498,211.7505057324773,43036500
2022-04-21,186.4328155517578,201.20310164547175,183.96448611723164,199.84503264434116,49954100
2022-04-22,182.50730895996094,191.04235885583572,181.67462485450002,188.71280973536275,36426800
2022-04-25,185.36219787597656,185.5505311595941,180.07859541026406,181.13927285361092,29281100
2022-04-26,179.3748016357422,185.56048699865713,177.93742711598594,185.00536429800306,31747400
2022-04-27,173.42703247070312,179.6325479655742,167.52883108777505,172.91155490901065,71062900
2022-04-28,203.93910217285156,206.71473100829363,191.22078637719784,201.15356583343285,100890600
2022-04-29,198.724853515625,210.6302976447287,198.15980826537083,202.6801248895331,49193400
2022-05-02,209.2920684814453,210.03553955486385,199.2403401738651,199.41876597102583,49915300
2022-05-03,210.1842498779297,213.02926131184137,206.27854567365722,208.61800216969073,41556300
2022-05-04,221.4652099609375,222.34746186757863,205.15841094441203,208.81627662972593,41375900
2022-05-05,206.46688842773438,218.25338349099627,204.36534820355035,216.83583912776692,41129200
2022-05-06,201.99615478515625,207.55731947021067,199.27009396161898,205.53506951603146,34747200
2022-05-09,194.501953125,200.80658845582457,193.87743258072413,198.10034284793426,36303200
2022-05-10,195.92942810058594,201.19321664925386,192.49955626673494,197.77323719295447,34452500
2022-05-11,187.0970001220703,198.92314071841457,186.6310903208202,194.62092459185249,31153400
2022-05-12,189.57522583007812,196.32594109879756,183.17145467096796,185.43160563866368,38262200
2022-05-13,196.89100646972656,198.14995534482927,189.61490485871443,190.90359137350006,24549800
2022-05-16,198.29859924316406,203.5822021852509,194.2243771312112,195.334637559866,27112600
2022-05-17,200.8561553955078,203.67144423340272,196.6332448276037,200.36050797611236,24872700
2022-05-18,190.56654357910156,199.25028175657994,189.96185306425463,198.25898682246762,23960000
2022-05-19,189.6248016357422,193.58998137940185,187.94952589985266,189.5355887217403,24446900
2022-05-20,191.85519409179688,196.18716276985003,186.23455423988324,193.2727535593855,31465600
2022-05-23,194.52178955078125,195.27518333819546,189.57523779332573,193.49084953374,25059200
2022-05-24,179.7019500732422,182.08105193923015,174.57695691850554,178.97830898394798,50406300
2022-05-25,182.22972106933594,183.8356137712795,177.75898706063882,178.8295721112959,28030200
2022-05-26,189.9618377685547,191.15138856851496,180.67339469817318,181.28800779348728,23056500
2022-05-27,193.4313507080078,193.62960663414896,188.14774783987775,189.69416524011922,22562700
2022-05-31,191.95436096191406,195.87989577167042,190.3385452904036,193.19347969749913,26131100
2022-06-01,186.9978790283203,197.79308044410078,183.38956601023835,194.79936545558363,36623500
2022-06-02,197.12889099121094,199.19078605787604,186.09577466544653,186.80950815490593,31951600
2022-06-03,189.1192626953125,194.89851447671586,188.12796767536602,194.27399377384188,19465000
2022-06-06,192.55902099609375,195.20577638077057,186.75994018212134,192.30128978527938,30574200
2022-06-07,193.94683837890625,194.81918271881858,189.8230631492287,190.2592201932253,18828700
2022-06-08,194.92820739746094,200.27128572414287,192.71762424539412,192.9753554461062,22267200
2022-06-09,182.3982696533203,197.71377350934452,182.08104801085352,192.58878046517898,23501600
2022-06-10,174.04164123535156,181.50609012398724,173.49642605155532,181.44659972815228,27450800
2022-06-13,162.83010864257812,171.07769017073412,162.6021150315047,169.10500770703328,31749300
2022-06-14,162.3046875,165.29840192301938,159.95532374925665,164.58466848275043,27244300
2022-06-15,167.87579345703125,170.661329641027,162.55252968231065,165.74450039607447,30008300
2022-06-16,159.46958923339844,163.64294698629192,158.22056323389432,162.29478545665458,26944100
2022-06-17,162.3146209716797,164.45580630957073,158.5080373272939,160.27254091529267,31374200
2022-06-21,155.68287658691406,166.29963714436744,154.61227621435427,164.48556555136005,50724900
2022-06-22,154.4933319091797,159.39031650682068,154.08689732866276,157.00130705086892,47267800
2022-06-23,157.36805725097656,158.3593520998016,152.90723043126386,154.90965026115896,40499200
2022-06-24,168.6787567138672,168.76796963145938,159.8958826231622,160.32213220229877,68736000
2022-06-27,168.0145721435547,170.25489309350084,166.54744485240766,169.8286435619368,29174600
2022-06-28,159.28125,169.8088116430463,159.21186722566654,168.42098977082756,27744500
2022-06-29,162.5128936767578,164.8820879607232,158.92441086091708,162.1461193919892,28595200
2022-06-30,159.84628295898438,163.7916319403162,157.11031481693823,160.7384422088374,35250600
2022-07-01,158.6369171142578,159.2217774583534,153.6507051194892,158.9144784682679,31423900
2022-07-05,166.7259063720703,166.78538165116808,155.65314317652565,156.76338872224667,28618600
2022-07-06,168.29214477539062,170.09629368542892,164.0196660402876,166.7358044722956,23085900
2022-07-07,170.6910858154297,171.21647094718156,166.3194713031898,167.9749321123274,24083400
2022-07-08,169.39247131347656,170.89922861706972,166.686225442263,168.50029685970665,19249200
2022-07-11,161.4621124267578,166.0319823587457,160.50055519777845,165.61564033062461,21885600
2022-07-12,161.84872436523438,164.46574232541377,160.68891113440077,163.3654043690906,16639700
2022-07-13,162.06680297851562,163.54382264724677,158.2205740607195,158.7657892618441,16555100
2022-07-14,156.67417907714844,161.1746517591242,155.91087768553626,159.81658243814633,23765200
2022-07-15,163.26626586914062,163.54382722913314,158.42875707644262,159.14247548359506,23342800
2022-07-18,165.77423095703125,170.19541257482624,164.198075800227,165.29841367168555,23574300
2022-07-19,174.24978637695312,174.95361229046276,168.03436418645316,168.88687825903523,25933700
2022-07-20,181.4961700439453,182.00174009691054,175.16179657187416,175.9449279721321,24784300
2022-07-21,181.5754852294922,182.24957362777684,177.31291412933265,179.05760283598016,27195800
2022-07-22,167.7964630126953,174.0713604623651,166.94394894071905,171.56338600807769,42583900
2022-07-25,165.1992950439453,169.08518450414397,163.37531599182617,167.52884419406948,26166300
2022-07-26,157.7645721435547,164.55494803766118,156.57502132751043,164.49547276575285,28468400
2022-07-27,168.10377502441406,169.38253866879188,160.60958871085882,161.17461888480676,43846600
2022-07-28,159.32090759277344,160.1040238594666,153.50201173331402,159.65794420750422,73214300
2022-07-29,157.7150421142578,158.74598226905744,153.81924486012792,156.31731252016746,42065400
2022-08-01,158.53778076171875,163.7520014408737,153.87869791368956,155.88111777957656,40596700
2022-08-02,158.79551696777344,160.8276743398196,156.63448643098596,156.9318778971807,27374500
2022-08-03,167.33056640625,168.0641148826389,160.1635091886448,161.27375453190913,31721900
2022-08-04,169.08517456054688,170.65140715656858,165.34798863611059,166.83493095275554,23938200
2022-08-05,165.6552734375,170.1161000053061,164.35667967902532,165.53632290266512,25832700
2022-08-08,168.76795959472656,175.96475524575519,165.67512429444318,166.53754603180064,27299100
2022-08-09,167.06295776367188,168.05425283857693,165.1497655295671,167.4792998800165,18655100
2022-08-10,176.78750610351562,178.90887631170045,172.43572265712888,174.457972463635,30262100
2022-08-11,175.94493103027344,181.50609582783787,174.8346704958459,178.14560684060112,24079100
2022-08-12,178.9287109375,179.88036059846178,177.35255583980407,179.23600990455236,21274000
2022-08-15,179.3153533935547,179.86056867315145,176.64876740185895,177.40216128856045,15878700
2022-08-16,177.90769958496094,179.41447209085894,175.49884507628477,177.8779619475911,21156700
2022-08-17,173.32791137695312,176.5892647931606,172.65382301032733,175.2212730535076,20118100
2022-08-18,173.13955688476562,174.22997211114853,170.36392836368074,172.82233528191773,18844500
2022-08-19,166.49789428710938,170.81994055822395,165.59581231831734,168.71838513218586,26240800
2022-08-22,161.630615234375,164.0493768927399,160.84748389572914,164.0493768927399,19499700
2022-08-23,159.70753479003906,163.61323943034614,159.30110021811734,161.0656040719676,18111800
2022-08-24,161.83880615234375,164.01966711697898,158.3791964989149,159.20197311267086,20891500
2022-08-25,167.3107147216797,167.40985023996825,162.5921574946981,163.7420478266809,15550500
2022-08-26,160.3717041015625,169.4321398084809,160.26266104638015,167.01337758513512,24023600
2022-08-29,157.78439331054688,161.6306220189667,157.62578251049774,159.26142802483227,20052700
2022-08-30,155.7919158935547,160.25274310903546,154.5527972225878,158.95414916201582,19567900
2022-08-31,161.5116729736328,166.3789346284713,160.72855664749912,165.61564843587365,40953000
2022-09-01,163.92051696777344,165.9031066673711,158.95413521562654,162.15601334520824,30145700
2022-09-02,158.92442321777344,166.46816372077225,157.8339926567037,165.99234635137884,22634200
2022-09-06,157.15989685058594,160.2824850610427,156.3173052072264,158.7063296993813,19339800
2022-09-07,158.99378967285156,159.55883503081463,155.44495208745863,156.38667922477052,16831200
2022-09-08,160.64923095703125,160.81774925591185,156.36684533746566,157.32840249210523,22530800
2022-09-09,167.67752075195312,168.06412514515839,161.60089350110928,161.82888708531772,22086800
2022-09-12,167.4892120361328,169.8980516570345,165.82382854894965,165.93287160540785,23220400
2022-09-13,151.79698181152344,160.2229878472796,151.34097953534305,160.13375981705477,44444100
2022-09-14,150.1514129638672,152.20338517581285,147.75248154834776,151.99522175443428,43064200
2022-09-15,148.24813842773438,152.85765313710925,147.40553180836312,148.49596212449558,34606300
2022-09-16,145.0165557861328,147.28663007108983,143.03396555520033,146.76124486996977,40122800
2022-09-19,146.7314453125,147.2865679227702,143.8368666118364,143.97564726440396,22169500
2022-09-20,144.81825256347656,147.54431324204933,143.955830934562,144.51095359804532,23217400
2022-09-21,140.88282775878906,148.29772457574842,140.76387720990476,145.11566125945427,38338600
2022-09-22,141.57675170898438,143.32142537181252,139.64371445995508,140.3178028899763,34418500
2022-09-23,139.18771362304688,141.37846677265173,137.68094121464907,140.188915976952,31710700
2022-09-26,135.1829071044922,141.00181959089466,135.00448124806596,138.90026370633277,30497000
2022-09-27,133.2300262451172,138.2063307938041,132.95246488791165,136.71938846907756,30826500
2022-09-28,140.3772735595703,140.79361560887784,133.10117251155577,133.44811665633205,32658500
2022-09-29,135.22254943847656,138.6226838987271,134.02307587866284,138.14686655208894,38985400
2022-09-30,134.49888610839844,139.76267478552438,134.32046028508566,134.8656755106968,33166400
2022-10-03,137.40338134765625,138.40458371235383,134.9152366908158,135.94617669127948,27723100
2022-10-04,139.058837890625,141.15047059220228,138.12701832793766,139.26701646086826,34670700
2022-10-05,137.77015686035156,138.9894604417,133.60672142963895,137.03660833682997,27979300
2022-10-06,137.859375,140.21864633669762,135.41087563563656,136.52112097055306,36231100
2022-10-07,132.2882843017578,137.08614736813666,131.28708202735578,135.5694675770126,33214800
2022-10-10,132.62533569335938,134.92514708155127,130.72205133380032,132.3874346021392,24024000
2022-10-11,127.42101287841797,131.50515728947235,125.88451064572533,130.47420234067937,38481400
2022-10-12,126.39009094238281,128.54119891036558,125.150972403732,127.20295996419793,34605200
2022-10-13,129.1558074951172,129.99841422113215,121.46336441940831,122.45465933191532,34325700
2022-10-14,125.65653228759766,130.642736410999,125.4186160877497,129.85962016618188,23559400
2022-10-17,132.87315368652344,133.61662481645823,129.0467549994207,129.1657206658623,29612200
2022-10-18,131.64398193359375,136.64010218854972,130.2561598273559,135.89663092212427,25445000
2022-10-19,132.07022094726562,135.80740711556882,131.06901850073749,131.73318429706333,30691000
2022-10-20,130.38502502441406,135.57941606596407,130.1669389228935,131.7728319195805,26356300
2022-10-21,128.87823486328125,128.987277899163,124.3480253746499,125.21044703283174,46348600
2022-10-24,128.59075927734375,132.31802218177478,123.48558967928369,126.14225997579203,63563400
2022-10-25,136.31295776367188,137.1456569846256,129.45319879479754,129.74068278951964,38433200
2022-10-26,128.68992614746094,134.37004234989396,127.411147107178,130.53372035500666,82791500
2022-10-27,97.08743286132812,101.60773555462907,95.54100754810898,97.12708556812662,232316600
2022-10-28,98.3364486694336,99.97208672735346,96.66116547189773,98.71314556260309,95928300
2022-10-31,92.34903717041016,98.45540986504903,91.7939068796394,97.36498697989708,121361400
2022-11-01,94.37127685546875,96.64134321393725,92.73564622724912,93.50885508342138,110189600
2022-11-02,89.75183868408203,94.37126885823125,89.69236341187202,93.38988905186778,71821100
2022-11-03,88.13602447509766,89.67252688039356,87.64037707410301,89.29583757831013,60664000
2022-11-04,89.9996566772461,90.59443205045059,87.32315615335703,89.56348454083917,55638100
2022-11-07,95.87803649902344,96.03663973796807,92.289546516777,93.95492212208184,81987300
2022-11-08,95.63021087646484,96.94863477985906,93.96483530454036,95.08499570950359,52088300
2022-11-09,100.5866928100586,103.98683455524989,99.86304421903829,100.83451653036997,107677300
2022-11-10,110.89615631103516,111.76849304628479,103.69935366554259,106.18750582793226,80671000
2022-11-11,112.03614044189453,113.89977959725059,107.86279003756002,108.27913962176521,59961700
2022-11-14,113.2257080078125,115.25785807460645,109.83548116552747,110.02382205922324,53395000
2022-11-15,116.0608139038086,117.70635957873935,113.41405821741367,115.05960389234444,50670500
2022-11-16,112.24433135986328,115.06952047600194,111.67929353663554,113.50327262811443,33287800
2022-11-17,110.47980499267578,111.35214927717924,108.84417458519039,109.44886503222872,35093800
2022-11-18,111.07459259033203,113.32482860499377,109.65704063160446,112.80935860317447,33357700
2022-11-21,108.90364074707031,111.39179266223302,108.23947508635084,110.5491860828065,24351100
2022-11-22,110.46990966796875,110.64834305828951,107.37706675673539,108.90366185992863,29029000
2022-11-23,111.26293182373047,111.68918891166292,109.76608204588022,110.74746182954631,21343100
2022-11-25,110.44017028808594,111.74867927547221,110.05355831267225,110.33112724222208,12007600
2022-11-28,107.83306121826172,111.06468480598609,107.43654173387552,109.8156510772126,23309400
2022-11-29,108.50714111328125,109.97426092364222,107.59515160134391,108.5864465220532,23899200
2022-11-30,117.07191467285156,117.13139750383256,108.42782278422197,108.55669594886484,43348600
2022-12-01,119.39154815673828,120.14492675954844,117.36930585676437,118.1623371591402,36551400
2022-12-02,122.41500091552734,122.96021611715648,116.58618982465244,116.80427590530408,39950500
2022-12-05,121.36422729492188,123.58472561396967,120.29362705497797,120.69014650269564,35474900
2022-12-06,113.12657165527344,119.5005978799502,112.74987476980014,118.8661697773399,43689200
2022-12-07,112.938232421875,114.87125452292487,111.8973697133219,112.76971409777941,29461100
2022-12-08,114.3260498046875,116.31854723334702,113.59248608731976,115.37682004445702,30619400
2022-12-09,114.89108276367188,116.51680582776,112.8787552857445,114.29630732414842,26033400
2022-12-12,113.71144104003906,114.71265104161625,112.15510829524132,114.17735086937637,24747100
2022-12-13,119.10408020019531,122.22666055478824,117.6072228281434,121.06683980846766,44701100
2022-12-14,120.53153228759766,123.05933707765865,118.35068673133345,118.35068673133345,36922000
2022-12-15,115.138916015625,117.59732338575841,113.01754531600153,117.29993942289329,34531000
2022-12-16,118.39034271240234,122.23656395816606,117.78565225665622,119.1833816073748,67064000
2022-12-19,113.48344421386719,116.77454300063903,113.33474846530926,115.81298573134167,29769900
2022-12-20,116.07072448730469,116.30864072561505,111.48103149570495,112.27407049744532,28742500
2022-12-21,118.71746826171875,119.29241350219432,114.61350836378021,115.68410100799696,20392800
2022-12-22,116.10045623779297,117.58739852154194,113.38430288746622,116.17975407839512,23618100
2022-12-23,117.012451171875,117.15123185315484,114.53421391619223,115.01994630067168,17796600
2022-12-27,115.862548828125,117.56757731975019,115.0397797831497,116.90341153100645,21392300
2022-12-28,114.61351776123047,117.12149261971926,114.50447471842836,115.23803081847723,19612500
2022-12-29,119.21311950683594,119.97641320548192,114.76220023247431,115.38672082161865,22366200
2022-12-30,119.29240417480469,119.37170956831744,116.7150393894688,117.13138892392148,19583800
2023-01-03,123.65411376953125,125.26992916696545,121.21552941909272,121.75082952962498,35528500
2023-01-04,126.26122283935547,127.92659842487713,124.75445049089438,126.27113034212354,32397100
2023-01-05,125.83495330810547,127.4012007700059,123.4558444839367,125.0319994476242,25447100
2023-01-06,128.88816833496094,129.1954673366725,124.94281126846515,127.84730565506447,27584500
2023-01-09,128.3429412841797,131.79264301521917,128.15459284862445,130.01823194659175,26649100
2023-01-10,131.8323211669922,132.27840087038675,126.04315471213991,126.16210526612231,28684400
2023-01-11,131.73316955566406,132.68481924934517,129.20536471009615,129.8199777912905,25423000
2023-01-12,135.5199432373047,136.4814854510704,130.61302099038483,132.27840442063882,30757700
2023-01-13,135.7875518798828,136.19398636138445,133.66618170023415,133.79505485923653,22423800
2023-01-17,134.18167114257812,135.55957037535876,133.08133325697926,134.99452505190794,21147600
2023-01-18,131.86203002929688,136.05520252766846,131.6439439772816,134.62773568755287,20215500
2023-01-19,134.96478271484375,136.25346899669938,130.98969596078695,131.33665519565676,28625200
2023-01-20,138.1567840576172,138.72182948749708,133.4382251408043,134.70708157433316,28688600
2023-01-23,142.0228271484375,142.50855197768175,137.45295697105522,138.07746248379212,27470100
2023-01-24,141.89393615722656,143.73774507844354,140.1294326346161,140.45656173163377,21970200
2023-01-25,140.2682342529297,141.92369499048152,139.088590852133,139.9906728793258,26622000
2023-01-26,146.0177459716797,146.22590943609623,142.05256625826522,143.14298160387807,25482100
2023-01-27,150.4190673828125,151.8564417123682,146.10692926818828,146.94953583687118,35771900
2023-01-30,145.77981567382812,149.80447027435721,145.67077263719494,148.1093645810106,28040100
2023-01-31,147.6731719970703,148.57525380019487,146.2357977138026,146.66204717240367,29842100
2023-02-01,151.7870635986328,152.24306588807985,145.77981918793483,146.7413764088904,55661000
2023-02-02,187.12672424316406,195.4436870373218,178.59167538221652,181.78364585873078,150475700
2023-02-03,184.90625,195.05711596317784,181.29793690534038,181.87288980447352,76809700
2023-02-06,184.4403076171875,189.03991487291054,183.90501508191707,184.90621738212576,42483800
2023-02-07,189.95191955566406,192.09312012094964,182.79476933118949,183.96450515195008,47080700
2023-02-08,181.8332061767578,189.16879710609436,181.32765125110058,188.34602056954392,36139100
2023-02-09,176.37118530273438,185.02518547134846,175.72684967356224,184.50972301839462,37118800
2023-02-10,172.63401794433594,177.33276168273383,171.84099404627764,174.81487904188006,33433600
2023-02-13,177.8680419921875,179.42438229242248,174.2894818165588,176.66858359767645,31463200
2023-02-14,177.91758728027344,179.9299145233757,174.34893505957058,175.61779119928158,24034600
2023-02-15,175.6177978515625,176.6388303288191,173.80372647545715,174.8842342230846,25308900
2023-02-16,170.9388885498047,174.3192076619539,170.29453781345282,171.2461875370984,25827500
2023-02-17,171.37506103515625,171.67243739377372,168.22273550017792,168.73821306504692,24171300
2023-02-21,170.5819854736328,176.6189662720434,170.383729568491,172.79256831157815,34592600
2023-02-22,169.63037109375,171.25609405423205,168.21282670866515,169.58081845166606,22433200
2023-02-23,170.54237365722656,172.17801937262993,167.90554063056828,170.50272851531994,20017800
2023-02-24,168.90673828125,169.2338674150604,166.20050742549483,167.17197219726032,19791300
2023-02-27,168.06411743164062,171.61295470878045,167.5883001524476,170.3837588103686,19277000
2023-02-28,173.41714477539062,176.00442525665616,170.37386195170444,170.4035995907796,46051100
2023-03-01,171.9103546142578,176.3017987557463,171.54358035250698,173.07016779754176,30998400
2023-03-02,173.01071166992188,173.48652902510946,169.9376911811716,170.87943351305253,17352000
2023-03-03,183.63735961914062,184.99542863944524,175.50874537644046,177.3624617911287,45877700
2023-03-06,183.29043579101562,188.00900957744497,183.03270454150618,186.3634562800606,33209400
2023-03-07,182.90380859375,188.7028895567601,182.4081611653204,187.35472794639318,36701500
2023-03-08,183.35980224609375,183.64727108561956,179.7613972448921,181.27807709436618,19432400
2023-03-09,180.10838317871094,187.28534898762197,178.73048379335697,184.72782130910593,26582800
2023-03-10,177.94737243652344,183.16159418141785,177.2435614078917,179.43431504040515,25665000
2023-03-13,179.32522583007812,182.1801597351484,173.29816667086516,176.41083178227044,24728000
2023-03-14,192.33102416992188,192.62841563950278,184.93595819735492,185.94708314354665,41642600
2023-03-15,196.02853393554688,196.05827156753384,189.1786836833468,191.2703161801879,42123600
2023-03-16,203.1460418701172,203.96881839258782,194.38299921959626,196.53410718154342,50447100
2023-03-17,193.9071807861328,200.14241856268836,193.72873985262865,198.81408713109815,50141100
2023-03-20,196.08804321289062,197.62455334455456,191.95434526414255,196.75220898573428,25186300
2023-03-21,200.40017700195312,201.77807628307767,196.22681889275694,201.4311170239478,31827000
2023-03-22,198.0706024169922,205.56478833860777,197.9318217564422,200.73718772594938,28477800
2023-03-23,202.50172424316406,206.07039199137296,200.39026123164382,201.07425714388052,27389700
2023-03-24,204.2166748046875,205.77301519457242,201.7780976074665,203.39389815045016,27716400
2023-03-27,201.0742645263672,204.06797951805956,199.60715223199819,203.02711679278647,18527200
2023-03-28,198.9330596923828,199.28001896896532,196.17726099151233,198.40767458850203,19127300
2023-03-29,203.5624237060547,203.92919799665844,200.7768721952202,201.7879972778657,18851100
2023-03-30,206.03070068359375,206.27852437527224,201.05441184537938,201.60953449458594,22608300
2023-03-31,210.09503173828125,210.3230253172204,204.9700392079461,205.43594899488193,25440300
2023-04-03,211.21522521972656,211.63156728945143,206.38760845985527,207.02203663171613,17924600
2023-04-04,212.850830078125,214.35760247602127,210.6897994530681,211.53240612071065,21026400
2023-04-05,209.63902282714844,213.31673323896115,208.11243547048335,212.2857781628593,19396600
2023-04-06,214.2188262939453,215.0515103499927,206.8336674517872,207.4284504209406,26104400
2023-04-10,212.8805694580078,213.78265140351988,208.82617714372924,212.84092431935147,16106100
2023-04-11,211.98843383789062,214.13954209197752,211.55226163411987,213.6042343415459,16710100
2023-04-12,212.13710021972656,214.95237399428152,210.7294633324491,212.96978427260183,18972200
2023-04-13,218.43182373046875,219.224847500562,213.81238615247736,213.85203129059846,23310400
2023-04-14,219.5618896484375,220.17648758119475,215.6561857349428,215.983314832495,21591200
2023-04-17,216.9547882080078,219.056328418045,215.23985237860873,217.87668514416077,15481900
2023-04-18,215.9932403564453,218.52104532046772,214.32787222191163,217.99566024521894,12281000
2023-04-19,213.82229614257812,215.4381115885571,211.07640517251718,211.61171286211123,15898100
2023-04-20,211.21522521972656,214.86318342643628,210.91783370536288,211.6216446591975,16475400
2023-04-21,211.03675842285156,211.55223597623976,207.7555749142046,208.3800955053103,17717200
2023-04-24,210.93760681152344,212.05777473852407,208.87572700703544,211.81985854910266,15750900
2023-04-25,205.7432403564453,209.42093562235263,205.32689835234027,208.98477861278425,19198200
2023-04-26,207.5771484375,212.24615412653236,207.06168597416203,210.65016871382687,41992700
2023-04-27,236.4832763671875,239.58603381733792,234.708865395893,237.80170021779523,71196500
2023-04-28,238.2279815673828,238.3370094781109,233.69775691934507,236.92937263012743,39554000
2023-05-01,241.0630645751953,241.87593357965255,234.40157736953907,236.54276266287647,29143900
2023-05-02,237.15737915039062,242.78792649051843,236.90955544437884,241.06306805133124,24350100
2023-05-03,234.9666290283203,239.6455421682171,230.72388806474677,237.38539100541473,34463900
2023-05-04,231.4871826171875,236.12643535513135,230.9023071473006,234.00506493525833,17889400
2023-05-05,230.75363159179688,232.63708590022182,227.84914471998914,230.21833898734732,27000500
2023-05-08,231.23934936523438,233.56888314152786,228.26546487348705,229.40544787827335,16400500
2023-05-09,231.33848571777344,233.8266455946459,229.0684270546972,229.4451239565892,16865600
2023-05-10,231.05101013183594,234.6890604898904,228.71155363342422,234.1141076501327,19119000
2023-05-11,233.73741149902344,236.13635840303854,230.2778020721307,231.02127322703902,20449000
2023-05-12,231.77464294433594,234.8972307500688,229.43518652876685,234.67914467629853,16161400
2023-05-15,236.7806854248047,238.16849214653735,233.28141585947415,234.85757102043314,20653200
2023-05-16,236.74102783203125,237.55388169029442,233.46975201609268,233.7373907173731,18163800
2023-05-17,240.37908935546875,241.71732830364155,236.06695078411929,236.37424976201174,21193100
2023-05-18,244.70115661621094,244.93905771597244,239.09042374878152,239.19946679482555,22943300
2023-05-19,243.50167846679688,246.52513093495048,241.29109507655596,245.31574994768903,21733600
2023-05-22,246.15834045410156,251.36263833291363,242.9861848843443,243.27366885675846,27738500
2023-05-23,244.5921173095703,249.41971879486397,244.50288926983555,244.66150008940815,17748100
2023-05-24,247.04063415527344,247.41731597045813,242.81770776525903,243.14483693110247,17724300
2023-05-25,250.4903106689453,253.39479746511117,247.00094838612523,251.19412157731733,22371400
2023-05-26,259.7589111328125,260.0265498517954,250.51012836120594,250.7281993124649,25727200
2023-05-30,260.2347412109375,266.31138413742116,259.015467775104,262.94098733413506,23816500
2023-05-31,262.4155578613281,262.6931191922848,256.20015042244955,257.7366452452606,25473700
2023-06-01,270.23687744140625,271.6147918186333,263.5754050196668,263.5852973969688,25609500
2023-06-02,270.23687744140625,272.9530459308971,268.7598577796487,270.2864603355899,19416900
2023-06-05,269.02752685546875,273.1711321141078,267.2134403187121,267.9469888352594,20742900
2023-06-06,268.7597961425781,274.1623639948797,267.3422520774042,267.7883467631581,19419000
2023-06-07,261.3053894042969,271.8626759666553,260.5123351883348,269.3051479684997,26163600
2023-06-08,262.2768249511719,265.3201079447365,256.6264614480304,258.35130511451564,20899400
2023-06-09,262.6435852050781,265.61746978448156,259.42187691072445,260.1950856912926,16949800
2023-06-12,268.6904602050781,269.38437870914413,263.0202523851898,264.8442615526915,15442500
2023-06-13,268.9581298828125,273.3198212360052,266.7475314444002,272.4871371800981,16164000
2023-06-14,270.9704895019531,272.5961975421648,265.98427695032746,269.5232072981204,19175100
2023-06-15,279.3766784667969,281.51787946508557,269.0573233285459,269.9296375853969,25973500
2023-06-16,278.55389404296875,285.3442708200235,277.6914722362394,282.27125028019697,43127700
2023-06-20,281.8548889160156,282.3207987676239,273.8155011330665,276.30366121845566,20701600
2023-06-21,279.1883544921875,281.52779630677077,275.9368776620084,281.06188641970726,20556200
2023-06-22,282.4001159667969,282.7768128958016,275.37183825791345,276.6505869881599,17563100
2023-06-23,286.2165832519531,287.1484028647073,276.5217204794401,279.05943296679476,51092000
2023-06-26,276.0458984375,287.26736422711815,275.183476694736,286.18685639120184,24232700
2023-06-27,284.55120849609375,286.83120507390686,278.2069267505543,279.55510363818735,26108300
2023-06-28,282.8065490722656,287.02944505240964,281.5872453744649,282.340639228578,16722100
2023-06-29,279.0792236328125,284.0753578917488,278.2465396316425,282.0233703967676,15395700
2023-06-30,284.4818115234375,286.53376890451335,281.9440990867374,282.2811357109331,19694900
2023-07-03,283.5301818847656,286.88076378814935,282.3703836886234,284.2042854687981,8629300
2023-07-05,291.8074951171875,295.52485125008354,283.8672127367066,285.14599171696096,33865500
2023-07-06,289.4482116699219,295.5248547405756,288.7741383436563,293.31428629533394,47600500
2023-07-07,288.0008850097656,293.62153999226626,286.1471685227358,289.63651542467915,25586000
2023-07-10,291.53985595703125,295.53477346549835,284.5512082858447,292.97721550858023,37058300
2023-07-11,295.693359375,297.56689097448395,289.35897054625923,291.3415603139649,27585900
2023-07-12,306.64715576171875,306.75621392994793,297.48760071490796,299.1232312229929,36677100
2023-07-13,310.6817321777344,313.4870833791565,307.58889699038366,310.88989563213556,30281000
2023-07-14,306.1812744140625,312.13896690077314,304.68440931960316,309.0758690549912,23054100
2023-07-17,307.9159851074219,308.9964928062854,302.05742922495097,304.86281044247795,25323100
2023-07-18,309.3335876464844,311.46489606355357,304.9421581279669,308.17378945631805,20731900
2023-07-19,313.25909423828125,315.90583453833557,307.81686495769065,310.3050247039344,21763700
2023-07-20,299.88653564453125,312.7932151799263,299.5891592620239,310.77096502311366,23836900
2023-07-21,291.6983947753906,302.8008775182186,288.66503534415375,301.91864094603187,42139300
2023-07-24,289.0715026855469,294.93005940617286,285.7903188571034,293.2052158926609,24915700
2023-07-25,291.9066162109375,295.703262442502,289.31932073955034,292.62034976319046,19585600
2023-07-26,295.970947265625,299.1430730271776,289.3589964867336,298.56813525384524,47256900
2023-07-27,308.99652099609375,322.51779778619095,307.14280439627186,322.28978907131307,64229200
2023-07-28,322.64666748046875,323.3604010020382,311.51441512024616,314.12152548725567,39220300
2023-07-31,315.82659912109375,322.82513953546345,314.82538147123347,320.8722871378495,25799600
2023-08-01,319.9007568359375,321.31833148178566,311.92084528786495,314.7757793342165,22817900
2023-08-02,311.57391357421875,315.61841391466794,307.94577042396213,315.2317943629233,20461100
2023-08-03,310.46368408203125,313.1996679680387,307.23205269504695,307.23205269504695,15180200
2023-08-04,308.0250549316406,315.6381920030264,307.4996698792332,312.21821272193796,17612800
2023-08-07,313.80438232421875,314.3099525185439,307.7574760118273,310.50338286908595,16236500
2023-08-08,309.91845703125,315.1227553397813,307.4104518521526,311.66311551194724,15183500
2023-08-09,302.5531005859375,310.89981675139177,300.21365919986573,310.1563455945085,19955800
2023-08-10,303.0784912109375,309.6210435617212,301.22477459946464,305.2593520785052,14358900
2023-08-11,299.0142517089844,302.0674271348413,297.74536501032554,299.93614883979996,14046300
2023-08-14,303.52459716796875,303.5444121758859,295.6537130002151,298.3599590509755,15641900
2023-08-15,299.3215026855469,304.5555384693023,297.4182031951271,303.4750306746695,11623600
2023-08-16,291.72821044921875,298.45908163543555,291.718287818725,297.58676745772937,18547700
2023-08-17,282.6082458496094,293.47282896172703,282.4694803012663,290.49894440443103,23950100
2023-08-18,280.7843017578125,283.20306391773346,271.991520167081,276.60103575190874,35347900
2023-08-21,287.37640380859375,287.97118683695453,279.39649145484435,280.98256944649927,20181500
2023-08-22,285.0964050292969,290.35025563572106,284.2537983560618,290.0032963876927,12980200
2023-08-23,291.6786193847656,294.81111508897186,285.1658344882448,285.98859599429807,18287000
2023-08-24,284.2537841796875,296.8531326295478,284.1447562725001,295.9014980911481,18360900
2023-08-25,283.0146789550781,285.8795355852113,273.6271155393811,283.6391995492964,23701400
2023-08-28,287.7332763671875,288.91291975529066,283.3120791933217,285.49294014239996,14239300
2023-08-29,295.39599609375,296.5459019579426,285.6713942766928,286.0679062380191,20844500
2023-08-30,292.5311279296875,295.69336104721475,290.87565215344677,294.5831156113279,17717000
2023-08-31,293.3143005371094,298.4789391656425,293.086291789836,293.22505736284154,17229900
2023-09-01,293.79998779296875,299.1133139449209,291.90661090057637,296.76394986830445,12842300
2023-09-05,297.5371398925781,298.7663660643128,292.9375475703508,294.43438220602286,14956000
2023-09-06,296.5657043457031,300.65972681313633,293.08624961534355,299.0835715746785,15418100
2023-09-07,296.070068359375,304.3770944136162,289.6762039967024,295.40588744923144,33748700
2023-09-08,295.296875,302.5927915043755,294.19652184534834,296.6152840075846,17548000
2023-09-11,304.88262939453125,306.3497566042671,298.6572991967648,298.78617236239313,19489300
2023-09-12,299.0339660644531,305.97302903945666,297.61642188859025,303.6632954224195,13480400
2023-09-13,302.40435791015625,304.50589782793134,298.6969254232102,299.727850126929,13210900
2023-09-14,309.0064392089844,310.1464222632418,302.37467408444013,304.06977984776057,19343100
2023-09-15,297.6957702636719,309.2840101140606,296.14935263325515,308.89739058049656,28131100
2023-09-18,299.9162292480469,300.9571069378391,295.2075789541885,295.5941984466041,14234200
2023-09-19,302.4143371582031,303.50476757967397,297.2001163940275,299.84688704196486,15924400
2023-09-20,297.0613098144531,305.3782570015516,296.82337850413523,302.3944501357823,19379500
2023-09-21,293.1556396484375,297.64620415124955,290.7170325130372,293.1259020127335,21319600
2023-09-22,296.4764709472656,302.7216470856656,295.6735244833445,296.6945570394368,25369600
2023-09-25,298.211181640625,298.33016242036194,291.1432755959158,293.06638980081726,18987000
2023-09-26,296.3575134277344,297.6858449572033,293.4332116377571,295.0688421646148,19417200
2023-09-27,295.1481018066406,298.67710884740836,284.29344198108106,297.83453247540683,36429800
2023-09-28,301.31396484375,303.66332872549503,294.11718502598364,296.33767574089586,22167100
2023-09-29,297.5966796875,307.93591009206773,296.7540728412245,304.7042785354478,25373700
2023-10-02,304.1490478515625,304.5058994235089,299.004225925941,300.10454852468916,16265600
2023-10-03,298.3202209472656,304.0994555729332,297.03154997470955,301.6113265180523,17362300
2023-10-04,302.91986083984375,304.2283772759008,295.9015067543039,296.1295154558936,16880500
2023-10-05,302.13677978515625,303.54440159622794,296.89282131542484,301.97816897158543,19130000
2023-10-06,312.6842041015625,313.5565486242045,298.29061023374635,298.81599542325677,21803900
2023-10-09,315.588623046875,317.5414751678971,309.10557632186953,309.7796495788927,22503700
2023-10-10,319.03839111328125,321.8338503783934,315.3904326371778,316.34206740226483,19038000
2023-10-11,324.96630859375,325.9774185235088,320.13870716386896,320.1981824390359,22036300
2023-10-12,321.338134765625,327.66260060248845,319.88093015978995,325.1447032712535,20530500
2023-10-13,311.9505920410156,322.22039260310345,309.65078063069194,320.71363525767725,21341000
2023-10-16,318.3543395996094,319.0185204694929,312.7733446736432,315.8662100616769,16536100
2023-10-17,321.1795959472656,321.5761079165688,314.5379070167223,315.4102515003437,16387800
2023-10-18,314.2107238769531,323.10263972349975,312.8129945346358,318.5922603419994,16851000
2023-10-19,310.08697509765625,319.08795030688776,309.03620485654955,317.09543774973184,18709200
2023-10-20,305.963134765625,312.55523915239206,303.80211935646275,311.40536380308697,22312300
2023-10-23,311.2765197753906,314.59733347334077,304.5852792316508,306.80577011666287,17796800
2023-10-24,309.8291931152344,315.5787213935738,307.9259239452391,314.0223812193745,19525500
2023-10-25,296.9225769042969,308.17378070314754,296.2385809646329,307.3014363017255,42192500
2023-10-26,285.8398132324219,292.43191648587367,276.96771417386555,292.43191648587367,66684100
2023-10-27,294.1469421386719,296.70446963131815,290.41966369017985,291.9165286472556,29596300
2023-10-30,300.0252685546875,306.7065853975363,296.4466788252207,296.48633908521356,28435100
2023-10-31,298.6474304199219,301.0364549734393,294.2758158885733,300.669680667848,19434200
2023-11-01,309.13525390625,310.0174904458716,299.22230704539163,299.22230704539163,20434600
2023-11-02,308.163818359375,316.0446243432361,305.64592102556026,314.53783684335446,21631800
2023-11-03,311.8614501953125,312.80316240632357,308.312596731542,309.82927705211256,16764300
2023-11-06,313.0509338378906,315.5589088571514,311.7127098538126,313.22938992076604,12887700
2023-11-07,316.044677734375,318.2056935641624,312.37687415015614,314.2999888616323,14055600
2023-11-08,316.9963073730469,318.53280249069024,312.1389680232896,315.37059933746826,13609700
2023-11-09,317.75958251953125,321.35798801019484,316.0248163657783,316.6394446432929,16103100
2023-11-10,325.9079895019531,326.23513373605715,316.67903707934255,317.1548694871678,19096200
2023-11-13,326.3243713378906,329.43702160039675,322.86476180916407,323.36040926035906,16908900
2023-11-14,333.38238525390625,335.1568115946723,330.4283155624995,331.62780417236013,17179400
2023-11-15,329.813720703125,335.4541911554932,327.1471349777592,334.9882813381861,14531200
2023-11-16,331.2808532714844,331.667442561079,323.5388423305294,326.5028044744622,18932600
2023-11-17,332.1234130859375,332.57940021629366,326.4829433416986,327.38502522586845,14494400
2023-11-20,337.010498046875,338.8939521370626,331.2808152503726,331.97473371871814,16960500
2023-11-21,334.04656982421875,336.94113402174503,332.9759543798253,335.3847937518308,12027900
2023-11-22,338.51727294921875,339.9348475941971,335.6326012688178,336.25712187256374,10702700
2023-11-24,335.2857360839844,338.8841117085022,333.8384235277351,337.1691906310251,5467500
2023-11-27,331.78643798828125,336.94115367224947,331.290790504135,333.25353518012435,15684500
2023-11-28,336.0390625,336.42568204806275,330.4977274078799,330.4977274078799,12637200
2023-11-29,329.3081970214844,336.94115004399055,327.90054487082136,336.7329865734287,16024500
2023-11-30,324.3021240234375,330.5968527575102,319.5934731970562,329.0008824720162,23146400
2023-12-01,321.992431640625,324.01465154921027,317.96777657976315,322.64668993525703,15276400
2023-12-04,317.23419189453125,318.0668760036283,310.92957067483053,314.52797610294596,19037100
2023-12-05,315.519287109375,319.0780324511932,312.6445377227283,316.2032830645465,16952100
2023-12-06,314.6865539550781,319.4447570091409,314.2801194470397,319.12753540502547,11294300
2023-12-07,323.7469482421875,325.38257852662645,315.0037213010435,315.0037213010435,15905100
2023-12-08,329.85333251953125,330.2696896309997,320.18820857643453,320.27742147491017,14087400
2023-12-11,322.4484558105469,327.0183417667845,317.214419105385,326.5325866162208,25802500
2023-12-12,331.310546875,331.55837057321145,321.7346355458796,321.77429580813003,18485500
2023-12-13,331.8260498046875,335.4244551825213,329.74435468699323,331.02310334456655,16353300
2023-12-14,330.2697448730469,331.786424904649,325.779180053839,330.94381816444326,19607300
2023-12-15,332.0044860839844,335.7119191603619,328.33668302041815,329.0999691679317,31776900
2023-12-18,341.6199951171875,344.5344041297469,334.08614889595844,334.5421662666255,18993900
2023-12-19,347.31005859375,350.5218745666176,342.11568311875016,342.57167029164464,17729400
2023-12-20,346.23944091796875,351.8699880301821,344.7624213705391,345.6149203637917,16369900
2023-12-21,351.00762939453125,353.30744096637494,346.17010514062605,349.9073065078524,15289600
2023-12-22,350.3136901855469,354.09052102123616,348.1625671200634,352.48459800477934,11772800
2023-12-26,351.7411804199219,353.8724888040851,350.3732187747808,351.8997912451386,9898600
2023-12-27,354.7149963378906,355.87482453649875,352.21694439339376,352.9703381036662,13207900
2023-12-28,355.20074462890625,358.74956654852525,354.6951746221661,356.56873623402754,11798800
2023-12-29,350.87872314453125,356.8661526201397,348.7573678571759,355.8649351224526,14987100
2024-01-02,343.2755126953125,350.08570368515996,337.0501820548259,348.2617247349704,19042200
2024-01-03,341.47137451171875,344.921091847354,340.19259554865863,341.97694461960975,15451100
2024-01-04,344.0982360839844,345.11926848808156,340.41061832562946,341.50104862415935,12099900
2024-01-05,348.8862609863281,350.4227560194501,343.2457904424102,343.96941637649724,13920700
2024-01-08,355.5378112792969,355.8550328888557,348.98533664973183,351.61229217973874,13890200
2024-01-09,354.3185119628906,357.50059022164334,352.2665243572093,353.2974794746207,13463900
2024-01-10,367.2449951171875,369.69349454560995,355.9541325367698,357.0346705179699,22117200
2024-01-11,366.4519958496094,369.5349084412359,359.7706477096314,368.8905728121484,17205400
2024-01-12,371.23004150390625,373.7776768226446,366.3231495817238,366.93774761928864,19310000
2024-01-16,364.26116943359375,372.3402157968574,364.03319099664327,370.39728650901986,15306900
2024-01-17,365.16326904296875,365.3318024736922,355.48822189160364,363.1112814992652,12724800
2024-01-18,372.8557434082031,373.5694769229854,367.7208432542545,368.25612070140227,16354300
2024-01-19,380.1120910644531,381.01414291937266,374.6797834135025,375.70081608354707,21670800
2024-01-22,378.45660400390625,386.95200941692633,377.84200594402876,384.5729074665943,17680500
2024-01-23,381.8468322753906,384.99914300079473,378.75396657575783,381.2718642551316,15506100
2024-01-24,387.29888916015625,392.70142765086376,384.434032676857,386.60497070171994,15698500
2024-01-25,389.75726318359375,392.0471516396951,382.3027375420606,386.7734865525037,15091100
2024-01-26,390.70892333984375,393.3358483504294,388.18110360172517,390.9170867647052,13163700
2024-01-29,397.5290832519531,399.42246020474215,389.6780443214767,391.5515760143711,18742400
2024-01-30,396.5774841308594,402.82263066947263,396.09175925063397,400.0767543488809,18614700
2024-01-31,386.7437744140625,394.5353371545359,383.7302296999333,385.61368380179516,20180800
2024-02-01,391.3433532714844,397.0135606410284,389.6284024059907,390.5106692838904,29727100
2024-02-02,470.8550720214844,481.72957637114706,449.0664333145142,455.5990619258408,84707600
2024-02-05,455.4107360839844,467.7919981396143,455.22238765663445,465.78959358537116,40832400
2024-02-06,450.7615966796875,463.05364680414374,449.05656832277816,459.96081170368444,21655200
2024-02-07,465.50213623046875,467.415327994543,452.2088689116338,454.01303276517825,23066000
2024-02-08,465.90863037109375,466.49349076622264,460.9818932185822,464.2432621017178,18815100
2024-02-09,464.0350646972656,469.4673719159905,463.4006516600271,468.832958878752,18413100
2024-02-12,464.81817626953125,474.9789490756288,462.5183648227148,464.1143653554513,19382000
2024-02-13,456.1145935058594,463.8169740536251,451.1283814896447,452.892885158852,20916600
2024-02-14,469.1600646972656,469.98282618084056,462.0326517085822,463.8566307551382,16858400
2024-02-15,479.81646728515625,484.3665072274175,468.1092769839316,471.1426369454391,24212300
2024-02-16,469.19970703125,474.7905945088787,465.12546928119934,473.9479877976202,23324600
2024-02-20,467.6433410644531,472.03476994795795,462.49851842146023,465.63101374806274,18015500
2024-02-21,464.447998046875,465.41057550181085,458.25576468630754,462.92970889465835,12921800
2024-02-22,482.4095153808594,486.2399591800924,472.41657665178604,476.56457866928184,21625800
2024-02-23,480.32550048828125,490.5764270483582,478.6583655486156,484.3147227261983,18374300
2024-02-26,478.0530700683594,482.41941959747976,476.92181062419036,479.7698406915825,12101400
2024-02-27,483.3224182128906,483.5407356847416,476.2470121182993,476.30655049389355,10809600
2024-02-28,480.31561279296875,487.29180850441577,479.0553434545367,481.2881234084936,12715500
2024-02-29,486.3788757324219,487.93686726454155,478.91640943030325,484.70180744595217,17732000
2024-03-01,498.4556884765625,500.3907764734073,488.0856846060254,488.34367413066025,16273600
2024-03-04,494.377197265625,500.5595280134549,492.62075453598,499.1503823962354,12324100
2024-03-05,486.46820068359375,491.7871644614326,484.15604619661946,491.21161670016596,15325300
2024-03-06,492.2932434082031,499.120593170195,490.50703156108455,493.8214657207925,11757900
2024-03-07,508.27001953125,515.8713680175964,497.542754953555,499.4282074814689,18586400
2024-03-08,502.0777893066406,519.5629320729014,495.52829549516997,510.254715842795,18597100
2024-03-11,479.8889465332031,493.51387789657764,472.3570385649575,493.2062528362001,20428300
2024-03-12,495.92523193359375,498.46563690206807,481.0201963453091,489.48491194914317,15448200
2024-03-13,491.7772521972656,497.14585137802413,487.27198978393096,491.59863706276775,12090700
2024-03-14,488.0658264160156,497.5129856516663,484.4239312675284,496.43133146634375,12620000
2024-03-15,480.3949890136719,488.0658087524492,477.61640039856326,485.2674143918524,29153600
2024-03-18,493.1764831542969,493.61311813323977,483.0843037003027,488.14527802239974,11755300
2024-03-19,492.44207763671875,492.82910735533255,477.59658066238825,484.4338634191074,10903100
2024-03-20,501.6510925292969,504.31060469928195,491.3803284187274,495.6771763017406,11711100
2024-03-21,503.8739318847656,511.09818381772453,502.13732529141583,510.7707530405325,9712500
2024-03-22,505.6800231933594,506.0670529466161,500.4801361234696,503.11978200634246,8120600
2024-03-25,499.1701965332031,503.33806453967446,496.4114740821437,501.91901611098194,8380600
2024-03-26,492.0948181152344,506.09681547367757,491.41999934541593,501.2640919046953,11205400
2024-03-27,490.080322265625,496.0642018848251,484.3346567294072,495.4786906872178,9989700
2024-03-28,481.8636779785156,489.1177599265289,481.4369761827551,489.06812442310434,15212800
2024-04-01,487.58953857421875,493.62299295598973,478.0927737479156,483.4713059825083,9247000
2024-04-02,493.5634765625,493.7222556696209,480.94082524456064,481.3873933760893,11081000
2024-04-03,502.8617248535156,503.3578981717305,494.9328849193272,495.11150004572073,12099200
2024-04-04,507.009765625,525.9437264523161,506.672341112813,512.4676419362434,26476300
2024-04-05,523.3040161132812,526.6382857287307,510.4729229079318,512.9041838822052,19263300
2024-04-08,515.2760009765625,527.4223143515474,514.9187707168354,525.2292670059732,13260600
2024-04-09,512.9439697265625,521.845289446962,502.86169458913326,518.2331333714253,10863800
2024-04-10,515.8515625,518.5606494016819,501.928910292975,505.3922206037786,11418500
2024-04-11,519.156005859375,519.8506605732492,513.3309363282792,517.1217075007655,10369500
2024-04-12,507.9822082519531,516.2087698797866,505.43187027315577,513.7874418018332,11984500
2024-04-15,496.40155029296875,514.5615112314049,493.4741157112928,512.7653057412805,13512900
2024-04-16,495.9351806640625,500.90681687935023,493.3054377657289,494.2977844340761,9847900
2024-04-17,490.3879699707031,499.30915689281545,483.41177405310106,499.2496185150052,12193700
2024-04-18,497.9595947265625,508.28995847169983,495.2207382473986,495.9947675129914,14808700
2024-04-19,477.38818359375,498.9518557154104,472.0890564119866,498.9518557154104,25215400
2024-04-22,478.0431823730469,488.24450514549414,469.7769174777012,485.97202274350616,17271100
2024-04-23,492.3031921386719,494.94283793154807,485.22775549164936,487.4903047021122,15079200
2024-04-24,489.72308349609375,506.09680361298444,480.87133784126775,504.17164864318624,37772700
2024-04-25,438.0019836425781,442.35836983181287,411.32769996695043,418.17488602057387,82890700
2024-04-26,439.8973388671875,443.02322464354364,428.65403477490287,438.0813276050655,32691400
2024-04-29,429.30902099609375,436.3943909124522,425.2800958497785,436.19590946046895,21502600
2024-04-30,426.87774658203125,436.25540370111094,426.4311785022593,427.7509861439616,18429500
2024-05-01,435.8287658691406,446.5163293249573,423.8412003264866,425.3198175578289,20344900
2024-05-02,438.2996520996094,440.562201203768,428.9715998380439,435.48139130558843,15221300
2024-05-03,448.5009765625,450.694084429791,440.4530598909977,442.5171275663126,16489100
2024-05-06,462.115966796875,462.592304076786,449.8704131384758,452.093259876696,15094600
2024-05-07,464.6563720703125,467.9212009325345,457.7794172557727,462.7213143300044,13406800
2024-05-08,468.9830322265625,471.9402058578811,459.4564983423583,459.9526716667021,11683900
2024-05-09,471.7814636230469,472.4363857703792,464.05107464244514,466.4029313871889,9437700
2024-05-10,472.5555419921875,473.8455806741321,466.0060472810395,473.43871486606776,10750000
2024-05-13,464.42816162109375,469.7272890553807,459.30764931420595,469.13187501336745,14668800
2024-05-14,468.23876953125,468.9234911376046,456.55883016199584,459.82365909681533,10478600
2024-05-15,477.8546142578125,478.8072585621629,467.59375353224107,471.34482265738814,13100500
2024-05-16,469.60821533203125,474.0340729044409,469.1318780385458,471.36465799748123,16608200
2024-05-17,468.2983093261719,469.18148209338233,464.8350292226781,467.22655798949256,10807300
2024-05-20,465.2518005371094,469.5784476860999,463.4655886777014,466.3533210681569,11745100
2024-05-21,461.07403564453125,467.0975871671568,458.73208176825443,463.5449691486391,11742200
2024-05-22,464.1999206542969,470.09446225330197,462.0862174173585,464.28922821985554,10078600
2024-05-23,462.2152099609375,470.72953068178265,458.0076699601858,469.26087705798136,11747900
2024-05-24,474.5600280761719,476.17755800168163,462.73124238654253,464.0411472655585,12024300
2024-05-28,476.24700927734375,477.17978725076165,471.2058714243165,472.93254487428226,10175800
2024-05-29,470.72955322265625,476.17755705003367,470.07463106847433,471.0272753949379,9226200
2024-05-30,463.4754943847656,468.1196997588506,461.1534068397315,468.06016138210737,10719600
2024-05-31,463.2571716308594,465.52965393072293,450.9818484598858,462.2350557963907,16919800
2024-06-03,473.83563232421875,475.9294996806374,464.6564250347683,467.25636863239123,11279400
2024-06-04,473.33941650390625,475.22489935660434,469.60821371186694,473.3493496612414,7088700
2024-06-05,491.2711486816406,492.84897628065335,480.2064891730306,480.7423648637953,15690500
2024-06-06,489.9811096191406,498.9717681761462,487.13307947431673,489.20708041502814,10667300
2024-06-07,489.1872253417969,495.091700375797,486.41859982731586,492.11466024786785,9380700
2024-06-10,498.75347900390625,498.81301738575456,489.6338100145634,490.080347878426,11220900
2024-06-11,503.586181640625,503.71519155721654,494.4565798764981,496.33212967798784,9673700
2024-06-12,504.9457092285156,510.0761551757221,500.6091588400746,510.056288859241,11983200
2024-06-13,500.2419738769531,505.46169688773693,497.5229233456596,501.8396375159677,9954600
2024-06-14,500.7982482910156,503.76830117284993,497.41098264470133,499.29830731982713,10243300
2024-06-17,503.25177001953125,507.3442927979167,492.70258957460356,498.3248520419291,11266600
2024-06-18,496.15936279296875,502.62596344611273,491.7191677926502,501.195563022246,13060400
2024-06-20,498.3546447753906,500.31150990328194,493.45749528868265,498.652632230771,11801200
2024-06-21,491.4807434082031,500.09294409403304,489.1066959926516,500.09294409403304,22359200
2024-06-24,495.5832214355469,504.4139262555408,490.9940329117928,495.8712961742398,13525300
2024-06-25,507.1952819824219,507.3045339423374,492.1959639995384,493.73561634252076,12063200
2024-06-26,509.6984558105469,510.38385724147327,501.3147322130294,503.27159725374554,8882300
2024-06-27,516.0955810546875,519.3934506311559,510.4733485069415,510.8209904621114,10121200
2024-06-28,500.8578186035156,518.4000638324243,500.48034762615777,513.7016232829023,15855100
2024-07-01,501.3147277832031,503.2020522993896,489.8814984155555,501.58294679281164,10328200
2024-07-02,506.1025695800781,507.0959014143864,496.11959677091244,497.42085904872977,7739500
2024-07-03,506.5595397949219,507.87074521081,502.6458095867641,502.9934818232005,6005600
2024-07-05,536.309814453125,537.2634349299381,508.18862031678924,508.18862031678924,21354100
2024-07-08,525.7904052734375,539.1904418001548,523.1382262947874,538.7334873376542,14917500
2024-07-09,526.4659423828125,533.8960460931625,524.6680139481037,530.1909372581625,8753200
2024-07-10,531.1246337890625,535.2866968575805,524.8368259127777,527.2506151441854,10983300
2024-07-11,509.28131103515625,531.8895562792189,504.9801666469837,527.3500219197413,16458300
2024-07-12,495.54351806640625,504.70204009860527,490.9344734606303,494.4409341236974,19750500
2024-07-15,492.8515625,503.30140324613546,490.0801579921721,495.3050935222818,12539200
2024-07-16,486.5240783691406,500.5896628261979,482.5507504540652,498.15598735257976,14075800
2024-07-17,458.9093933105469,475.9748583365877,456.0585356169319,475.9748583365877,28076600
2024-07-18,472.6770324707031,476.04441214611455,461.442450113497,471.8326942182321,19267200
2024-07-19,473.61077880859375,483.46461539838543,472.53796325902186,472.88563552627363,15149400
2024-07-22,484.14996337890625,488.77889368380687,480.67330171898413,483.3354239432015,12023100
2024-07-23,485.431396484375,491.91785295092694,484.4678632735356,486.5737221720912,9455500
2024-07-24,458.1942138671875,473.12399173942754,457.5088124022394,469.1606069922724,17649700
2024-07-25,450.3865661621094,460.4589346514456,439.6983065051344,460.1708902612844,18240500
2024-07-26,462.5946960449219,466.63753399730916,456.3565726815499,461.1046981366571,14222400
2024-07-29,462.6046142578125,470.7996028508264,461.9192127867245,466.74682183029705,11339600
2024-07-30,460.1014404296875,469.57783596951856,453.6547256053789,463.88603283345884,11390400
2024-07-31,471.663818359375,473.32269613102295,463.6377091692654,467.8792258794459,24285800
2024-08-01,494.4210205078125,523.6547716585801,488.8186442383986,517.5259306837595,43083100
2024-08-02,484.88507080078125,497.8082988081169,472.97500015148046,485.7393217238086,24044700
2024-08-05,472.55780029296875,480.2561225927905,447.79401274658,448.34036348534045,21396200
2024-08-06,490.79541015625,499.20893351019396,475.4583614663161,475.8060337333228,20955000
2024-08-07,485.6598815917969,506.74829997819876,483.6135898383969,499.77512044060245,20105300
2024-08-08,506.23175048828125,506.55953668319745,491.4211679453795,494.18262946631637,16156800
2024-08-09,514.3175048828125,514.8837113715979,502.3279809305961,504.3245575432351,13696600
2024-08-12,512.5095825195312,514.5657867339853,505.70525325253175,513.4134878308477,9767400
2024-08-13,525.015625,527.9559092747828,514.6949525499102,516.5425353486345,13743800
2024-08-14,523.2474975585938,530.4392104871642,519.6416980752537,524.538816844259,11444200
2024-08-15,533.7470703125,536.1708026803833,523.1879469001557,528.2439725420813,13482100
2024-08-16,523.903076171875,530.1014573197285,521.1614705192093,528.3532441619528,14776700
2024-08-19,525.7508544921875,528.1149291639845,519.2743096574726,523.3568901270303,9879700
2024-08-20,523.2177124023438,527.5486857302659,522.3734045061494,524.8269052919596,7944400
2024-08-21,531.5914306640625,535.803208512871,523.4163291780279,523.6348937052984,13423300
2024-08-22,528.3831787109375,540.6011523872514,525.0654831847928,533.4193801339532,15708300
2024-08-23,524.4793090820312,536.2701553658752,521.5589105040611,533.3398137671492,11323900
2024-08-26,517.6451416015625,524.479270276633,511.5163004380435,524.081913244852,9584000
2024-08-27,515.6385498046875,520.5158432413665,511.87384384105246,515.5193548304624,6282700
2024-08-28,513.3341064453125,517.615364659823,509.0329621910887,514.2181257900095,9106100
2024-08-29,514.764404296875,523.684565573268,512.2413632137636,515.5888867116108,8317400
2024-08-30,517.8338623046875,520.0489730917525,511.7646188064961,517.8735737554629,9157500
2024-09-03,508.3475341796875,521.9859615332059,505.22845751609213,516.1749942685213,12459100
2024-09-04,509.3209533691406,513.1453172957093,500.7087833695343,502.69544703170084,8335200
2024-09-05,513.4135131835938,518.1517257651456,507.74159650154314,508.307802962019,8640900
2024-09-06,496.93414306640625,521.0820696565472,494.9276235238455,518.4000613773472,14744500
2024-09-09,501.42401123046875,507.92037993887993,498.7320599932226,502.7848710640587,11047800
2024-09-10,501.42401123046875,510.7513818768451,496.6957417525211,504.7715348360927,9899000
2024-09-11,508.4170837402344,509.6984904565573,492.29532543071457,503.6292467318183,10782500
2024-09-12,522.09521484375,523.1978593142228,511.7844250205015,513.6022393471186,11970500
2024-09-13,521.1217041015625,524.0619879430583,513.6617728688468,516.8702756870789,10321400
2024-09-16,530.2294311523438,531.0446869851908,514.4402669362904,521.5393768501115,9527600
2024-09-17,533.251953125,538.9988566946421,527.5348463816464,534.5245992433219,11690800
2024-09-18,534.8726806640625,541.0869276726933,530.845860739671,533.9977098303668,10323500
2024-09-19,555.901611328125,558.8546528253562,543.3936196511286,546.8536926871561,15647000
2024-09-20,558.1387329101562,561.2707373843093,553.1176339334665,556.7964799560907,22066800
2024-09-23,561.1813354492188,570.696598725916,559.1927762027452,566.2422454333392,12830700
2024-09-24,560.1075439453125,564.5022427843289,551.0198138385321,563.4383563302257,12993000
2024-09-25,565.0589599609375,573.5799422527921,560.4951905177006,560.8233197330189,16543400
2024-09-26,564.591796875,574.0971081324976,559.1331504876267,572.436617382725,14400800
2024-09-27,564.1144409179688,567.5745750797583,561.2807684246667,566.8387572234752,9398400
2024-09-30,569.1654052734375,571.392581823153,561.5690947166503,564.4525297734127,12792300
2024-10-01,573.17236328125,579.7047878934193,566.8388067371769,574.6737352692572,15259300
2024-10-02,569.5332641601562,572.705018338464,566.0831432657689,571.5715250916941,6524700
2024-10-03,579.4362182617188,580.0228091163762,565.476496817631,566.8884172422595,11581000
2024-10-04,592.5308837890625,593.4356513652355,578.1038796024136,580.3907101459058,14169500
2024-10-07,581.4348754882812,599.5009195077625,580.6990575803541,594.7979355563699,12014200
2024-10-08,589.4984741210938,590.1646244921006,582.6180152740485,586.3167671153983,7857400
2024-10-09,587.1318969726562,590.989705628623,578.2827866596821,590.5919696221545,9529700
2024-10-10,580.490234375,586.8535869486327,579.1877306195246,584.2088301034865,7740400
2024-10-11,586.5752563476562,587.82805834101,579.376681824714,581.4845497009563,8587100
2024-10-14,587.0425415039062,596.6671607014488,586.5852117292404,590.8207918278077,8252000
2024-10-15,582.9163208007812,587.2314602827565,576.821381994876,586.7840223253323,9564200
2024-10-16,573.4904174804688,578.7501945674716,570.7462571969033,578.0740918292597,11268400
2024-10-17,573.6297607421875,581.6237474143095,571.9096763385753,579.9931748825336,8701200
2024-10-18,573.17236328125,580.6294606897518,571.9593712320872,577.7758829363129,7694300
2024-10-21,571.8697509765625,573.9378692579733,565.8543723443174,572.7348299431258,8171900
2024-10-22,578.6806640625,580.1919884331684,568.8472245196812,571.0047942012734,8544500
2024-10-23,560.4654541015625,581.6535493433651,559.2822589840049,576.6522939692993,14248400
2024-10-24,564.5320434570312,565.6257266322763,558.3078440792799,563.885737507838,7184700
2024-10-25,569.970703125,577.9646881740268,568.4494264147659,570.6468058786587,11337900
2024-10-28,574.8526000976562,580.410649118249,570.8357328269512,578.67066002025,10925100
2024-10-29,589.88623046875,590.2739533915471,572.1085063582906,576.8313344603039,13019100
2024-10-30,588.4146118164062,597.7608636426235,586.0084723536592,597.5420905900066,26864900
2024-10-31,564.3331909179688,586.5255172425846,559.7893261973286,581.6535232859577,26838400
2024-11-01,563.91552734375,570.3882965161611,559.3418659763402,564.3629652502584,15303200
2024-11-04,557.47265625,565.4368452329544,554.6986381254013,560.87307535209,12064600
2024-11-05,569.1554565429688,570.1994379718212,563.4283964137084,564.0547974082218,9775400
2024-11-06,568.7776489257812,569.7222267093605,551.9942039542266,559.530860524769,18305400
2024-11-07,588.3152465820312,591.3974890420855,571.9195858236583,573.5899682554951,14653700
2024-11-08,585.96875,589.707190216614,581.1763151778936,588.1561165108458,9415700
2024-11-11,579.8339233398438,583.6420305825735,573.212048979197,583.0056771770936,10209100
2024-11-12,581.4745483398438,596.2296222338206,577.059944903041,585.1732389751623,16287700
2024-11-13,576.6820678710938,582.2898184060665,571.8796812448458,579.2771226118736,10757600
2024-11-14,573.8583984375,577.4378414789874,569.7321744285508,573.6993404002395,11053700
2024-11-15,550.9103393554688,569.2945554984724,548.3450815467248,567.9522419153632,17712900
2024-11-18,551.228515625,556.6970522455416,546.9431739007064,553.8533670815018,14327300
2024-11-19,557.8802490234375,558.2182700315069,547.4502072575692,548.7030089973512,9522400
2024-11-20,562.284912109375,563.1101203268514,551.0296618909093,559.7097017322158,9797300
2024-11-21,559.8688354492188,566.739279664007,545.9091133005595,566.2620449532839,11154700
2024-11-22,555.9415893554688,560.6047637716225,551.4176286678019,560.3263363146489,9164000
2024-11-25,561.8773193359375,569.3145718667378,553.207230520728,558.8845280879963,13599800
2024-11-26,570.259033203125,574.1964018053228,561.9667762936829,562.7621877433986,10356600
2024-11-27,565.9440307617188,571.6909360069037,560.8731677601833,571.6014848159576,7200200
2024-11-29,571.0346069335938,575.1509386081322,563.6570700717043,565.7450327371056,7130500
2024-12-02,589.4387817382812,591.0992116485587,572.2775064388576,574.196458750282,12522400
2024-12-03,610.1396484375,610.6864900333547,587.8677630350062,591.5963112149323,14907200
2024-12-04,610.2688598632812,614.2459775975443,601.6384609762498,609.4535434454373,14697000
2024-12-05,605.4466552734375,616.353933785045,603.5774048146206,613.5500580968196,8081200
2024-12-06,620.2017822265625,626.1873039273537,605.0489714012239,606.6099369109293,16935500
2024-12-09,610.0601196289062,622.8167434326103,602.7024265777296,620.350888846341,11426000
2024-12-10,615.7772827148438,622.0114355661352,609.2349055981941,614.0273408137083,10938900
2024-12-11,629.0607299804688,634.7480401253283,617.9745502630952,619.8039905100828,10837200
2024-12-12,627.1815185546875,633.017934128409,623.6220417827839,627.887478818055,7474700
2024-12-13,616.80126953125,627.469929936179,613.3611012669363,623.6319649076017,8453300
2024-12-16,621.1697998046875,628.0458484641597,615.537664023434,626.8815591289001,10885600
2024-12-17,616.393310546875,629.2597075495864,613.507549791668,623.0901898648054,12897800
2024-12-18,594.2527465820312,624.2743396016706,593.3870305020766,617.9456355913278,17075500
2024-12-19,592.6408081054688,608.5123731732531,592.0736042552132,607.3879260072148,14958100
2024-12-20,582.3714599609375,600.143601343373,577.1472819775203,587.6752614717944,48989400
2024-12-23,596.8997192382812,598.133671534272,583.3666327345034,586.7001320561428,10205800
2024-12-24,604.7608642578125,604.99967413285,596.3325519539701,599.7555744761255,4726100
2024-12-26,600.3824462890625,603.3179490935831,595.994163249834,602.5019749107529,6081400
2024-12-27,596.8598022460938,598.8897465400247,586.8990272114817,596.4617453720124,8084200
2024-12-30,588.3319702148438,594.0039468527602,582.6998357068834,585.8542270232425,7025900
2024-12-31,582.6302490234375,591.0486006579675,580.9783795227164,589.3570104919964,6019500
2025-01-02,596.2926025390625,601.934697394125,584.9287893065956,586.8194076338101,12682300
2025-01-03,601.6561279296875,606.5021699414652,593.4765264756181,601.7854933825649,11436800
2025-01-06,627.100341796875,627.8864342776167,602.6412227555535,608.8207004232554,14560800
2025-01-07,614.8510131835938,628.9910845111622,605.2384904660217,628.5930882935072,12071500
2025-01-08,607.7161254882812,613.4080230721381,599.82513672869,610.382997271492,10085800
2025-01-10,612.8308715820312,626.8117543633127,594.4020036952091,607.0295902270824,19256600
2025-01-13,605.3379516601562,605.9747576676493,595.5065414878209,604.1139601037415,10785000
2025-01-14,591.3271484375,602.5118541569082,585.6551720564437,602.093936955974,13598000
2025-01-15,614.0846557617188,619.3984173951854,603.516895686969,607.2086697081857,15524300
2025-01-16,608.2932739257812,613.2189392153532,606.7111284430702,608.4923023613607,8355300
2025-01-17,609.7561645507812,621.8961113451103,600.7008856525179,620.9806532892833,17280600
2025-01-21,613.4280395507812,618.443229069153,606.0146693079478,614.7912965163201,11674000
2025-01-22,620.4332885742188,630.583131584813,616.3832997551551,620.2342601357851,12274000
2025-01-23,633.3197021484375,633.4689279487995,618.0949656788501,624.27438359991,9910200
2025-01-24,644.3053588867188,648.7931865048288,631.0807466276091,633.2699382382675,19065300
2025-01-27,656.6343994140625,660.6047649681485,622.0254349357211,623.5280177511174,28399200
2025-01-28,671.013427734375,679.2228513674787,656.2264682196907,662.7243805632816,20950100
2025-01-29,673.1627197265625,677.7002892439266,662.3959298804792,671.6800579089199,21377800
2025-01-30,683.6209716796875,707.2939380483791,672.7745593343109,693.3926790288638,29322900
2025-01-31,685.7903442382812,701.8310551092019,682.2080746968453,687.6014000766061,19303900
2025-02-03,694.0296020507812,700.5374135449807,671.9288188867163,672.5855459885331,21415700
2025-02-04,700.7265014648438,704.2292080677055,688.2083581609453,699.0448111623289,13826300
2025-02-05,701.4031372070312,714.6078889974233,695.5719738179728,700.0896222542642,17778200
2025-02-06,708.4881591796875,715.364207246352,700.0399258686745,702.4082250040422,13080700
2025-02-07,711.0056762695312,721.4440718312758,708.249280988419,713.2744305821955,16427100
2025-02-10,713.8715209960938,717.652818700605,707.8313687608933,715.0257888589608,12904300
2025-02-11,716.2597045898438,720.1007048878689,706.5476987131067,709.8115954275665,12998000
2025-02-12,721.812255859375,723.523766963731,709.0950845634602,711.7818168815365,12016500
2025-02-13,724.9766845703125,725.4145229257568,714.5084061760308,717.9713316181679,12569100
2025-02-14,733.0466918945312,737.2658278537506,722.0510531620941,722.5685149916063,16901200
2025-02-18,712.8465576171875,733.3750946365709,702.9654052178096,732.3800130970368,21938700
2025-02-19,700.3084716796875,703.5225652370291,691.9696845059179,700.6368048197288,17535500
2025-02-20,691.4224853515625,702.1593933249234,690.228375354197,693.8504867433877,12587400
2025-02-21,680.18798828125,700.4080528713276,679.0038387952945,693.1539301625503,15660400
2025-02-24,664.8438720703125,683.8897484077801,659.1918158891808,682.9046273446285,15677000
2025-02-25,654.26611328125,664.7144694629277,638.703023401866,662.6944247816905,20579700
2025-02-26,670.386474609375,679.6506817176414,654.763681609393,656.4055905153153,14488700
2025-02-27,655.0025024414062,685.2629678985895,654.3358147754243,679.0934498337167,12500000
2025-02-28,664.9135131835938,666.3364725318584,639.4393887052988,654.8034504822056,17534200
2025-03-03,651.828125,677.8992724698688,647.638870751695,670.3664982200642,10843800
2025-03-04,636.8521728515625,646.554217672348,620.5826142922276,642.3350817447994,21495200
2025-03-05,653.2411499023438,656.256276123591,634.523668550264,637.847267619745,13770000
2025-03-06,624.8416137695312,647.3603163884869,621.0403945748483,644.8129097915485,13446500
2025-03-07,622.5827026367188,631.6678021460568,597.6559216844704,622.294150848658,21375700
2025-03-10,595.048828125,607.109212093194,583.9835257431913,605.0792675215534,21999900
2025-03-11,602.7308959960938,611.9055191678449,590.4117809661785,592.1232921602733,17401500
2025-03-12,616.5126953125,630.2149870827395,606.352891273559,626.8018648059933,15747000
2025-03-13,587.7349853515625,617.4481060645986,583.6252936627146,617.1993356753703,16480300
2025-03-14,605.1494140625,606.4043419789234,592.381172955088,600.3687854957838,12364500
2025-03-17,602.4603881835938,610.6272679434014,595.5881924170304,605.01006095703,15473900
2025-03-18,580.0112915039062,597.8291546165306,572.3423339224544,597.6299490711036,20297700
2025-03-19,581.7044067382812,589.9311027976759,572.4518964146898,581.9235510596104,20537500
2025-03-20,583.6365356445312,607.7389439842362,577.172720940167,580.4096129893901,24336500
2025-03-21,593.8452758789062,595.1300513212973,578.6069941650959,581.0670032780688,25015900
2025-03-24,616.3540649414062,620.0291850741187,609.7309218178737,612.4897086743648,15741300
2025-03-25,623.7840576171875,631.3235347184631,618.6747423038911,624.2322549021957,15312500
2025-03-26,608.515869140625,624.222287432859,604.1634984216441,622.3698034907068,12609800
2025-03-27,600.1497192382812,611.7726353131792,597.67968012305,599.5720414465346,10436500
2025-03-28,574.4139404296875,599.3230823357646,571.605306475786,597.8888875675808,17602800
2025-03-31,574.035400390625,576.365989409716,551.0684088090011,561.2272821521618,21124700
2025-04-01,583.6365356445312,587.5307390242879,567.70106709451,568.537705940541,12836600
2025-04-02,581.574951171875,590.2697228543149,571.0475736256388,572.5913101802249,13470800
2025-04-03,529.4758911132812,550.3314393515183,528.1612075786397,544.016982785148,34777500
2025-04-04,502.6943664550781,515.9108358048159,492.2068365877987,504.5767280238223,38589800
2025-04-07,514.1678466796875,537.1945936136326,479.9563819403582,483.14348777248983,36606100
2025-04-08,508.39129638671875,545.2221314563009,500.8318811641039,541.0589972717423,28034200
2025-04-09,583.407470703125,585.5189153793327,500.08485719899596,507.2159828753818,39216600
2025-04-10,544.086669921875,578.9554765876964,533.1410047447706,573.1689120321386,28173500
2025-04-11,541.3777465820312,545.1923169106578,526.4581815568449,533.3502556297472,17642300
2025-04-14,529.3364868164062,555.5204964254532,526.1494412576809,553.926912857093,14130900
2025-04-15,519.4166870117188,535.7704467995947,515.41288054515,529.9639426413264,15558700
2025-04-16,500.28411865234375,511.2995098605443,493.6310672206579,506.4591254364096,18735100
2025-04-17,499.45745849609375,505.25396236597624,496.0014523688267,503.21224251554713,14593500
2025-04-21,482.7052917480469,491.50963495584347,477.8648771062618,489.3483735420339,16166000
2025-04-22,498.2622985839844,504.8356859267328,484.3984265448332,489.886213659528,17399400
2025-04-23,518.1716918945312,533.1809196011152,514.4368162114096,526.398387792126,18173900
2025-04-24,530.9998168945312,531.746792125581,515.4129094243589,516.6379293508005,13910000
2025-04-25,545.0628051757812,547.6423253119987,534.0872308807745,544.5946691393716,17098900
2025-04-28,547.5228271484375,556.2375374162976,538.409766598872,553.3990561017924,15179000
2025-04-29,552.203857421875,554.3252716550422,541.9254723342877,543.7978948573555,11835000
2025-04-30,546.7857666015625,546.8853389647652,527.3644142359332,536.2285429645594,29244000
2025-05-01,569.9022216796875,590.5585647326062,568.1990964565776,589.6920784232152,31159000
2025-05-02,594.6121826171875,601.9026676753685,575.9975586829169,581.1068737819331,24739300
2025-05-05,596.8530883789062,600.7772002962906,585.6783084359005,588.8355064073843,13887700
2025-05-06,584.9412841796875,593.6261466616496,584.2142478367141,590.140262710858,10600700
2025-05-07,594.4029541015625,600.6476855016655,584.3038359796805,587.9789559689339,13139100
2025-05-08,595.5982055664062,608.8345844494372,594.2137969163823,603.8447803031055,14622800
2025-05-09,590.1004028320312,604.5219836999701,589.3235802814015,601.2850913628599,10427300
2025-05-12,636.85107421875,637.8072242767122,618.5253206919152,628.3753866174048,21965100
2025-05-13,653.3841552734375,658.254386921773,640.2373808266427,642.9364120582926,18570800
2025-05-14,656.7007446289062,659.9973927569988,651.6711237576287,658.543319934739,12348200
2025-05-15,641.283203125,654.6590319374474,636.0045904601806,651.6412836963046,14341800
2025-05-16,637.7574462890625,637.8570186595293,623.6246741050281,635.3870402976211,18519000
2025-05-19,637.8471069335938,640.4067492915384,625.2680394833011,625.7162367689098,9592400
2025-05-20,634.5304565429688,636.7713819580241,629.7100110253076,633.4448867170665,6743500
2025-05-21,632.9368896484375,644.0020660016361,627.6283696820823,629.2418310050065,11464600
2025-05-22,634.0025634765625,640.6556140942819,628.166212891271,631.4927078056375,8228400
2025-05-23,624.5309448242188,629.8992205141227,620.1387579436545,621.4832888202177,8454100
2025-05-27,639.7294311523438,640.4863756807556,630.1980211513535,632.8472662118028,9508400
2025-05-28,640.984375,648.2549209907568,639.958499945528,640.0082861312126,9042900
2025-05-29,642.4483642578125,650.6850290446924,636.9207607437914,649.021781530125,8858800
2025-05-30,644.8786010742188,646.790840509364,630.227966818394,639.9087359485001,16241000
2025-06-02,668.1941528320312,670.5446198991036,641.6615825955165,641.7910631431,15766300
2025-06-03,664.1605224609375,672.8553550898889,662.3479161440031,668.7420068089284,11585000
2025-06-04,685.1753540039062,686.2211069583093,665.8735130698844,666.6204881500277,14031900
2025-06-05,681.85888671875,691.5795338523676,679.4984499163488,688.8704721449504,13083100
2025-06-06,694.89599609375,699.9754022986715,689.0795234172199,693.3621683649559,11728000
2025-06-09,691.2608032226562,702.3459199881064,691.1412920544841,695.6430820189607,12773200
2025-06-10,699.567138671875,700.3937473880201,688.7708312874433,698.5213248498013,10850100
2025-06-11,691.3404541015625,706.0110265671628,689.1991010267074,700.871864292101,9582500
2025-06-12,690.5634765625,692.5753488073583,684.2291427560363,690.5037209903252,7322700
2025-06-13,680.1158447265625,691.7686684593297,678.2633610655403,685.175373097979,9274400
2025-06-16,699.8262939453125,704.839891030923,691.2444358848513,697.0454302800655,13720300
2025-06-17,694.9523315429688,703.6637707541142,693.7861706289875,699.7067687984049,10066100
2025-06-18,693.4970703125,699.2980647722242,692.6299173050131,695.8991705300261,10068300
2025-06-20,680.120849609375,699.5272759324512,676.4528788689065,698.4607641474819,22538600
2025-06-23,696.248046875,696.7663067524254,676.5326356722177,681.4564999402276,11080100
2025-06-24,709.8733520507812,710.8601081222891,699.8162879347926,702.5872352556954,13823200
2025-06-25,706.3648071289062,714.2390229657091,703.0756000608375,710.9896633208298,9320400
2025-06-26,723.7179565429688,725.8409420571106,708.7270519250135,712.026236021567,13964800
2025-06-27,731.2333984375,733.0275060697373,723.4887618360168,724.1466398304902,18775700
2025-06-30,735.6788940429688,745.4568450948445,731.8514114766995,742.1177521024767,15402100
2025-07-01,716.8704223632812,735.3399177465482,713.0330238804761,734.4727647300622,13431200
2025-07-02,711.2388916015625,717.946886332231,710.4713875973353,712.9931517050737,9336700
2025-07-03,716.6611938476562,726.6484806198991,712.0861613983789,724.2363423193813,8601700
2025-07-07,716.0032348632812,724.6250009558648,711.1790804792781,715.2556849998467,9457100
2025-07-08,718.3157348632812,720.5484076114845,712.4748926138262,719.2128191233631,7770700
2025-07-09,730.3861694335938,735.1206520424314,720.3589752323313,720.3589752323313,11418000
2025-07-10,724.8641967773438,733.3962299961528,717.2491410105094,729.1601141641413,9913600
2025-07-11,715.1660766601562,722.791049443565,707.3815924903404,720.1397657932962,10873900
2025-07-14,718.5648803710938,725.6217684499236,714.2091611608587,715.2557188520466,8939400
2025-07-15,708.0692138671875,722.1031715655666,707.5010687220762,721.5350872562134,11529500
2025-07-16,700.6137084960938,711.637575280654,696.9856458747225,711.0395596935507,13067600
2025-07-17,699.1185913085938,703.5939743779064,694.8326508122145,702.0888975460598,11803300
2025-07-18,701.9793090820312,702.4078970710398,689.3905635084973,699.896109861645,12779800
2025-07-21,710.6408081054688,714.6576719200774,703.4544009949688,704.4909815749821,9404400
2025-07-22,702.507568359375,714.2590316242121,699.1186509323247,713.8503977542969,8921100
2025-07-23,711.2489013671875,712.2954590710364,702.6271347622425,704.062433018762,8771600
2025-07-24,712.4649047851562,721.256099225235,711.6675303636672,714.7075545657141,10920800
2025-07-25,710.351806640625,718.2958018452817,709.5743863825453,714.5779456568456,8271700
2025-07-28,715.28564453125,722.3724029167645,710.3518030699777,712.8635901780652,8715700
2025-07-29,697.7132568359375,722.1032896273051,697.6235240780348,717.6479213169642,13267000
2025-07-30,692.9389038085938,706.1854660197899,688.9419939778502,705.7768321791035,27077300
2025-07-31,770.913330078125,782.1863801577031,763.0092430876867,772.667590247117,38831100
2025-08-01,747.5598754882812,763.497629588928,742.8752172910131,758.2448261685668,19028700
2025-08-04,773.8338012695312,774.3122137700193,755.9324499017634,757.5172825632864,15801700
2025-08-05,760.9659423828125,780.571667176634,760.507423214992,773.913496774336,11640300
2025-08-06,769.468017578125,771.1126516160077,757.9757159507556,767.4845283360178,9733900
2025-08-07,759.3411865234375,772.4681442766814,757.0686058784653,770.963067577982,9019700
2025-08-08,766.786865234375,767.3849416766147,756.101914160301,760.2582747146965,7320800
2025-08-11,763.3681030273438,770.9333352985195,762.1720109386977,767.5643719861222,7612000
2025-08-12,787.419189453125,791.077183084039,769.9065806861354,770.4747258826147,14563100
2025-08-13,777.5316772460938,792.861439232817,775.687684264025,788.5655214330485,8811800
2025-08-14,779.574951171875,785.2363885099581,769.9863825490937,775.3388350252033,8116200
2025-08-15,782.6648559570312,793.6488761977264,778.2692889489064,781.5884278136772,13375400
2025-08-18,764.8631591796875,773.2755899130946,754.0884756033142,772.5579712024165,16513700
2025-08-19,749.0250854492188,764.663832621222,746.9120158198551,764.6140081257292,12286700
2025-08-20,745.2772827148438,747.7492222984731,728.6119336256934,745.1278092436016,11898200
2025-08-21,736.6854248046875,743.064541108265,730.7150031484181,742.2771438441821,8876300
2025-08-22,752.32421875,754.4273720053774,731.9908982789533,736.81505282597,10612700
2025-08-25,750.839111328125,756.40089964729,747.6794841015795,752.354165267511,6861200
2025-08-26,751.636474609375,752.4039786334924,745.4966249237331,748.3472672479323,7601800
2025-08-27,744.9384765625,751.6863799088018,740.4133296583533,749.8423869559551,8315400
2025-08-28,748.65625,750.5899148175357,738.3799332684189,741.5694916361576,7468000
2025-08-29,736.2868041992188,744.6992345800578,732.9477115811937,742.8453254860702,9070500
2025-09-02,732.70849609375,733.5956032036421,719.3722015925617,723.6681190637612,9350900
2025-09-03,734.6421508789062,737.8317091036498,731.5921498947655,733.5955932459119,7699300
2025-09-04,746.204345703125,758.6734271200463,743.3835736708148,746.1245900119145,11439100
2025-09-05,749.9918823242188,755.4739147328357,742.596139272426,750.1613099282893,9663400
2025-09-08,749.8423461914062,764.0059463353695,749.5632925404257,753.5302710608411,13087800
2025-09-09,763.1986083984375,763.7966239723705,750.9686728075005,755.0154070864886,10999000
2025-09-10,749.5234375,763.1986490989516,748.5466583985636,762.6305038555339,12478300
2025-09-11,748.447021484375,754.6267189634892,745.9252571616319,752.184771170502,7923300
2025-09-12,753.1216430664062,755.095155276553,741.330272625368,746.2840072815898,8248600
2025-09-15,762.201904296875,771.5412896866574,749.5334031898147,754.995481759339,10533800
2025-09-16,776.4552001953125,778.8074760600178,762.6005837137456,764.4944012192615,11782500
2025-09-17,773.1858520507812,780.7311297077449,763.8066193659058,777.4419223006557,9400900
2025-09-18,777.7010498046875,786.2032128794,770.8335437165625,778.1994163857863,10955000
2025-09-19,775.8372192382812,788.2166289656076,766.6772383880447,783.8509325355676,23696800
2025-09-22,763.1751098632812,783.6917575585782,762.4868973227559,779.8218176027002,11706900
2025-09-23,753.4404907226562,768.6010126974617,749.1217058463387,767.2545389947088,10872600
2025-09-24,758.686767578125,759.1356124217834,750.5779133776451,755.5349916265823,8828200
2025-09-25,746.96728515625,754.806942419776,742.6186096970315,751.4955472633491,10591100
2025-09-26,741.8206176757812,749.9793904076555,735.4371957410184,748.0544043789391,9696300
2025-09-29,741.4716186523438,748.832479543402,737.2326433015477,746.7777648139662,9246800
2025-09-30,732.4749145507812,741.0425967294805,724.4158582201331,740.3244937368279,16226800
2025-10-01,715.4791870117188,719.9774365591268,708.3576941566364,719.618385039583,20419600
2025-10-02,725.1639404296875,725.8821043267139,716.2770807321521,720.7055653205383,11415300
2025-10-03,708.7167358398438,729.1037149276121,708.3377167266436,727.7372737109582,16154300
2025-10-06,713.8035278320312,715.0203947681905,688.718804278428,703.3607165744016,21654700
2025-10-07,711.230224609375,716.636147605649,703.9192222306009,715.8581417735932,12062900
2025-10-08,715.9779052734375,717.7832075860277,705.9738944950672,711.599278595462,10790600
2025-10-09,731.6072387695312,731.6072387695312,710.5918883665408,716.4167658258609,12717200
2025-10-10,703.4703979492188,733.3626856542741,702.6824691715568,729.0239332852144,16980100
2025-10-13,713.8433837890625,718.072374881022,705.8042950194317,711.1603595995662,9251800
2025-10-14,706.8117065429688,713.6937706407739,697.5158763660478,705.9439682909708,8829800
2025-10-15,715.6885986328125,722.0221626881838,707.6694770310874,715.1998794771447,10246800
2025-10-16,710.2228393554688,723.6080097298942,702.0540824517458,715.6886043056783,9017000
2025-10-17,715.0602416992188,716.6760344343375,704.2882698394852,705.2458014471516,12232400
2025-10-20,730.2706909179688,731.8665769499745,718.3118034233538,719.3191931642514,8900200
2025-10-21,731.3678588867188,736.5842723709278,726.8595646449745,734.110725168398,7647300
2025-10-22,731.5074462890625,738.6787972623451,722.1518348008319,731.9264006052239,8734500
2025-10-23,732.095947265625,740.4841042897723,731.1982575844598,732.7941435868839,9856000
2025-10-24,736.444580078125,739.2872233202683,729.2533227506186,734.8786455644157,9151300
2025-10-27,748.872314453125,753.7895182960361,746.069606274355,747.7851152228061,11321100
2025-10-28,749.49072265625,756.4326899204912,743.5860965317024,750.6776381609803,12193800
2025-10-29,749.7200927734375,757.1906533932021,740.5838813084906,752.7921200604676,26818600
2025-10-30,664.7410888671875,679.1935516668058,648.4833846789722,667.414190282622,88440100
2025-10-31,646.6680908203125,673.1392823636344,643.8953340746643,672.7602632515434,56953200
2025-11-03,636.0557861328125,657.6196984387726,634.5297257704245,654.298319497033,33003600
2025-11-04,625.6926879882812,640.0752642850032,624.3860886703497,626.410791028598,27356600
2025-11-05,634.30029296875,640.5639703518489,624.9146693781357,630.6697208898194,20219900
2025-11-06,617.3344116210938,634.3501538797125,616.3968476378337,634.2005186436334,23628800
2025-11-07,620.0972290039062,620.5161224262619,599.640424749484,614.8907386759073,29946800
2025-11-10,630.1211547851562,633.3527401283538,616.5065400363918,629.4529098843899,19245000
2025-11-11,625.4533081054688,627.9268552540688,617.7832543081277,626.3709044869131,13302200
2025-11-12,607.43017578125,627.3583261459861,606.1934022078184,626.5005716840028,24493300
2025-11-13,608.3079223632812,616.0478021853295,601.4357808374693,611.4796659420805,20973800
2025-11-14,607.8790283203125,612.088052043071,593.6560102918138,600.2288811530552,20724100
2025-11-17,600.4483642578125,610.1032465254069,593.855525554584,607.4600964135232,16501300
2025-11-18,596.1395263671875,602.0940102850205,582.2656372803878,590.0652977363707,25500600
2025-11-19,588.7886352539062,593.7856483585136,579.7421567881397,592.1797786556917,24744700
2025-11-20,587.6217651367188,605.1461348624172,581.8367616757555,601.9345167857809,20603000
2025-11-21,592.7084350585938,596.5683908845805,580.3505617853443,586.9733513369498,21052600
2025-11-24,611.4596557617188,615.1002115339802,596.0796743085915,597.1668126146857,23554900
2025-11-25,634.569580078125,635.3974440566444,616.696082618217,622.3813086708644,25213000
2025-11-26,631.9663696289062,636.7040478933542,629.9915253276793,636.0358029520913,15209500
2025-11-28,646.2691650390625,646.3688812783262,633.8514494094911,634.4299618769652,11033200
2025-12-01,639.2075805664062,643.6460494571635,636.1056625060893,637.890997336621,13029900
2025-12-02,645.4213256835938,646.1893476978298,636.4147821721649,640.6737247939117,11640900
2025-12-03,637.9408569335938,647.1668624868771,635.8961867971512,642.7383773862279,11134300
2025-12-04,659.81396484375,674.3461154685141,658.3377626918029,674.2463992276428,29874600
2025-12-05,671.673095703125,672.9398207362489,660.6717397649775,662.2775487290173,21207900
2025-12-08,665.0702514648438,674.9545781663558,663.344758713728,667.603701448277,13161000
2025-12-09,655.2557983398438,662.7562492699393,651.6451938720459,662.0481300460407,12997100
2025-12-10,648.4434814453125,652.8121240146866,641.730959438269,648.2639556943986,16910900
2025-12-11,651.016845703125,653.5801862453618,639.1377070000864,641.6212380225077,13056700
2025-12-12,642.558837890625,709.1556549538686,636.9534211280841,648.1143965293088,14016900
2025-12-15,646.3570556640625,651.8372704406642,637.5627451568915,644.5502809809109,15549100
2025-12-16,655.9799194335938,661.3602758295988,642.054746271156,642.3541999133257,14309100
2025-12-17,648.343505859375,660.0526000253047,648.0440522221027,654.4426118233187,15598500
2025-12-18,663.266845703125,669.3659511843067,655.2910830082761,655.8600753372949,20260300
2025-12-19,657.5969848632812,669.8051880946751,657.0080086354003,665.2333263832898,49977100
2025-12-22,660.3221435546875,672.3806511570199,655.4808037586267,660.4719008376494,15659400
2025-12-23,663.7559814453125,664.8140915262984,657.0778915122911,658.8746741689592,8486800
2025-12-24,666.361328125,666.9902112020924,661.0208788671576,661.3503083186049,5627500
2025-12-26,662.1089477539062,667.7589038803495,660.1424847097468,666.8704739599774,7133800
2025-12-29,657.5171508789062,659.0743707339258,653.2248195668056,656.8383689858442,8506500
2025-12-30,664.7642211914062,671.0230153954109,656.6686764849229,657.5171386037911,9187500
2025-12-31,658.9146118164062,663.8158418258488,658.2657448936569,663.5662869980947,7940400
