Date,Close,High,Low,Open,Volume
2020-01-02,151.8295440673828,151.93352453696647,149.66487810348934,150.0902475068035,22622100
2020-01-03,149.9390106201172,151.19622386441185,149.4096607117201,149.65544061469248,21116200
2020-01-06,150.32655334472656,150.39272928536337,147.9444646847199,148.4832764629302,20813700
2020-01-07,148.9559783935547,150.9315936095211,148.71021284150058,150.60075703064527,21634100
2020-01-08,151.32855224609375,151.9997015405678,149.3056712613287,150.23203354534573,27746500
2020-01-09,153.2190399169922,153.34192981630176,152.2170545267061,152.98272206367199,21385000
2020-01-10,152.51010131835938,154.28721636524628,152.35885441570974,153.90911353232073,20725900
2020-01-13,154.34397888183594,154.3723358820374,152.43452580062083,152.9071617022491,21626500
2020-01-14,153.2569122314453,154.6464628468558,152.86934735532085,154.44794943449625,23477400
2020-01-15,154.24942016601562,154.96783584765552,153.67281830910034,153.72007035240767,21417900
2020-01-16,157.07583618164062,157.14201214066856,155.05295481159047,155.35544875508083,23865400
2020-01-17,157.9549560546875,158.30470207707603,156.37633913096872,158.25743559260854,34371700
2020-01-21,157.3877410888672,158.98525260050442,157.32156514521276,157.55788307477562,29517200
2020-01-22,156.63153076171875,158.3235753219564,156.61262128751815,158.2384898999051,24138800
2020-01-23,157.59573364257812,157.6713571260564,156.22509226083278,157.09474068527607,19680800
2020-01-24,156.00762939453125,158.36136103516702,155.44992257333556,158.34245156321265,24918100
2020-01-27,153.39871215820312,154.43851694569852,151.4325450114777,152.33055036956728,32078100
2020-01-28,156.40467834472656,156.6882483457103,154.14547932010373,154.81661422070258,24899900
2020-01-29,158.84347534179688,159.51462470178666,156.6220951483202,158.6544238565207,34754500
2020-01-30,163.32403564453125,164.52453468683692,161.44293985569806,164.52453468683692,51597500
2020-01-31,160.91360473632812,162.9648426873359,160.29918387299614,162.7852531721158,36142700
2020-02-03,164.83653259277344,164.94996061485972,161.07433972491364,161.1026967304352,30107000
2020-02-04,170.26231384277344,170.7538591072496,166.6608313996974,167.44540854870948,36433300
2020-02-05,170.0543975830078,174.11906936388917,168.64595177807354,173.9583748825606,39186300
2020-02-06,173.5802764892578,173.75988045068001,170.20564902136644,171.0658498767549,27751400
2020-02-07,173.8260498046875,175.47082810975607,172.49321295870286,172.84297337121157,33529100
2020-02-10,178.372802734375,178.5051402220091,173.22107381930567,173.53301527380845,35844300
2020-02-11,174.34591674804688,180.2633124685266,173.45735903159144,180.2160459982191,53159900
2020-02-12,174.6011962890625,175.67880578484775,171.89771781034432,175.42357830793108,47062900
2020-02-13,173.65586853027344,176.03794280419976,172.86182934859667,173.06034274994119,35295800
2020-02-14,175.20608520507812,175.26279918952332,172.653840515452,173.22100920730202,23149500
2020-02-18,176.98324584960938,177.42752477655208,175.34792957469273,175.4519100559709,27792200
2020-02-19,177.51400756835938,178.36706995832807,176.7462485247681,178.25333216315812,29997500
2020-02-20,174.8031768798828,177.4856045751215,171.65631012999017,177.20124557370298,36862400
2020-02-21,169.2771453857422,173.93110932996493,168.0070252247209,173.61831595363654,48572600
2020-02-24,161.97874450683594,165.44789308309143,154.71818051515862,159.02144511099954,68311100
2020-02-25,159.3057861328125,165.72274558384058,158.9076748317135,165.11611976454265,68073300
2020-02-26,161.29624938964844,164.2251136153781,159.43846438675976,160.86024482213514,56206100
2020-02-27,149.93142700195312,158.31993443345746,149.7418592358991,154.80340681441123,93174900
2020-02-28,153.56175231933594,155.17311496563838,144.07374325016832,144.46236668665765,97012700
2020-03-02,163.77963256835938,163.9028581761286,153.84612995671205,156.68969102388243,71030800
2020-03-03,155.93141174316406,165.87440256658573,153.79874085302225,164.73698098446346,71677000
2020-03-04,161.6564483642578,161.79862063132381,156.98352219099715,159.70387209335476,49814400
2020-03-05,157.59959411621094,161.959711223559,157.04983739033096,157.3910652042187,47817300
2020-03-06,153.14476013183594,154.60444876040788,147.86520701596388,154.1305218148439,72821100
2020-03-09,142.76576232910156,149.52396585787585,142.17809748767908,143.1259514709303,70419300
2020-03-10,152.5286102294922,152.63287471129829,144.6235141245197,149.91253931749316,65354400
2020-03-11,145.61880493164062,149.47656293341387,143.26811675505746,148.93629371027805,56371600
2020-03-12,131.8085174560547,145.46709111192325,131.35355178409353,137.72312904394167,93226400
2020-03-13,150.547607421875,153.46699860222324,133.39144937999532,139.80842308587606,92727400
2020-03-16,128.3583526611328,141.56196287538836,127.9602558230332,132.6995245572196,87905900
2020-03-17,138.9269256591797,139.8084226699975,127.96025125728585,132.69951982237052,81059800
2020-03-18,133.07862854003906,138.3866140419556,127.97918643285101,130.8037858752731,81593200
2020-03-19,135.26820373535156,142.3202228977112,131.7516602526152,135.32507264150863,85922700
2020-03-20,130.1876983642578,139.42927100819978,128.77539128682722,138.38662625800293,84866200
2020-03-23,128.8891143798828,133.23977291994353,125.6095493819508,129.86540232404437,78975200
2020-03-24,140.60459899902344,141.79890378670194,133.90328159423055,136.25395446330393,82516700
2020-03-25,139.25868225097656,146.28228256625601,136.9080088143488,141.14491656968082,75638200
2020-03-26,147.9694366455078,148.4907590553709,140.63304405067825,140.66147850366175,64568100
2020-03-27,141.89370727539062,146.81307068348792,141.41978038772191,143.8368104074525,57042300
2020-03-30,151.8745880126953,152.22530370208108,142.18752244275748,144.49081435919743,63420300
2020-03-31,149.48602294921875,156.1873415159035,148.39598244665945,151.08788365564143,77927200
2020-04-01,144.17800903320312,149.52390266074318,142.95528427536644,145.02159814322476,57969900
2020-04-02,147.16375732421875,147.37228629111345,142.5192800719628,143.94106059364518,49630700
2020-04-03,145.8083038330078,149.1731866089132,144.25382469080233,147.0120818127518,41243300
2020-04-06,156.65179443359375,157.81765050477165,149.36279672981783,151.95992123012604,67111700
2020-04-07,154.964599609375,161.13512171051497,154.74658285480595,160.74649823995173,62769000
2020-04-08,156.51907348632812,157.97876170284414,154.97406745173703,157.03090807928612,48318200
2020-04-09,156.5285186767578,158.6422278276437,154.81290624062876,157.68490104666392,51385100
2020-04-13,156.87925720214844,156.936140571891,153.83665499194112,155.77975792648093,41905300
2020-04-14,164.64218139648438,164.6895769731253,159.23941831070533,160.18727199112618,52874300
2020-04-15,162.91708374023438,164.51895866137778,160.41475077875486,162.27253576214963,40940800
2020-04-16,167.80801391601562,168.0355040124014,163.883900147735,165.21090401533556,50479600
2020-04-17,169.28668212890625,170.61367156696483,166.69903103004185,170.13974470150103,52765600
2020-04-20,165.9312744140625,169.42885704991627,165.86493217267332,167.41941173715273,36669600
2020-04-21,159.0688018798828,164.61373689398496,157.4479658215462,164.452603513722,56203700
2020-04-22,164.47157287597656,164.92653858793065,161.91237085947336,162.45263993058774,34620200
2020-04-23,162.48109436035156,165.9312815649868,161.997694135911,165.0308233603539,32790800
2020-04-24,165.44784545898438,165.4573187880793,161.80809117902592,163.087684835539,34277600
2020-04-27,164.9739227294922,167.67529682402676,164.26303252623075,167.38146452077441,33194400
2020-04-28,160.9550323486328,166.50945553550488,160.55693553548355,166.43362550493845,34392700
2020-04-29,168.1776885986328,168.41465204272475,162.91711171027274,164.18723229946127,51286600
2020-04-30,169.8648681640625,170.99280191954153,167.0402537209176,170.613666224283,53875900
2020-05-01,165.46682739257812,169.32458443172894,164.93601717144193,166.63268339420114,39370500
2020-05-04,169.51412963867188,169.66578968159777,164.7369539912882,165.3909752711956,30372900
2020-05-05,171.3340301513672,174.073326774574,170.5188753882451,171.20133121146824,36839200
2020-05-06,173.0211944580078,174.59463494769062,172.15865865064302,172.58518988955504,32139300
2020-05-07,174.02590942382812,174.92636736158275,173.0590947983911,174.5661784012422,28316000
2020-05-08,175.0496368408203,175.35295700603842,173.79847731704947,175.3339958799369,30877800
2020-05-11,177.00222778320312,177.73206481211713,173.31507699714257,173.59942157303036,30892700
2020-05-12,172.9927520751953,177.28652764537918,172.79371092227436,177.05905204204092,32038200
2020-05-13,170.37669372558594,174.45246731650903,167.33407714285644,173.0306868403567,44711500
2020-05-14,171.11598205566406,171.26764207870445,166.5188870410364,168.28189503536728,41873900
2020-05-15,173.60887145996094,177.30549477035595,167.77008972494357,169.7226658562342,46610400
2020-05-18,175.26763916015625,176.49036412535662,174.36718099656215,176.06383283345417,35264500
2020-05-19,174.05438232421875,176.8695090149878,173.92168338263468,175.38137174005942,26799100
2020-05-20,176.46865844726562,176.6492545653056,174.83380817279541,175.66073302552329,31261300
2020-05-21,174.3490447998047,177.428649474258,174.21597626776312,176.22151846713524,29119500
2020-05-22,174.42503356933594,175.32801387592917,173.50305383772445,174.12088323188706,20826900
2020-05-26,172.5811004638672,177.26702615062376,172.13436738782855,177.11494371976403,36073600
2020-05-27,172.8092041015625,172.98030045667377,167.85714157024967,171.27890913531226,39517100
2020-05-28,172.4195098876953,175.03336693369795,171.45001698942932,171.792195219223,33810200
2020-05-29,174.17791748046875,175.14742482016004,171.47851967536127,173.68365684604478,42130400
2020-06-01,173.7787322998047,173.94031445807596,172.47656081625482,173.50308105663945,22622400
2020-06-02,175.75575256347656,175.84129349571745,172.37199810107265,175.12842338695103,30794600
2020-06-03,176.1834716796875,176.7347596373877,174.49159444895008,175.67021158300358,27311000
2020-06-04,173.86428833007812,176.63972791378023,173.27498693658933,175.1759741448824,28761800
2020-06-05,177.93240356445312,178.43616402505074,172.99933933390125,173.57914102484705,39893600
2020-06-08,179.0349578857422,179.2155539729429,175.3090250719007,176.73476533500545,33211600
2020-06-09,180.40367126464844,181.25910962308345,177.98940962513453,178.6927800443984,29783900
2020-06-10,187.09512329101562,188.69195979526327,181.55374485339544,181.66781392729945,43872300
2020-06-11,177.0484161376953,186.0685895505903,176.85832035143625,183.56880167969496,52854700
2020-06-12,178.44564819335938,182.22860811999774,176.01237274212465,181.1070182904642,43373600
2020-06-15,179.58627319335938,181.37320590282792,174.90033194035374,175.44212028441342,32770200
2020-06-16,183.98707580566406,185.89756295607665,181.9815334821753,183.34073253618902,42556700
2020-06-17,184.6238555908203,186.60088373551318,184.10108128516464,185.3747390455772,25687800
2020-06-18,186.6008758544922,186.76245799607426,184.39572415045265,184.39572415045265,23061600
2020-06-19,185.48883056640625,189.4238737093687,184.74744667739753,188.75853105299961,44441100
2020-06-22,190.6405029296875,190.8210845257473,185.56485622646053,186.0971303068874,32818900
2020-06-23,191.9141387939453,193.85313907898706,191.45789148879962,192.0852206558405,30917400
2020-06-24,188.0456085205078,193.18778123366354,186.82897814336556,191.619472943819,36740600
2020-06-25,190.42185974121094,190.6784970410009,185.79296114833386,188.00761269061277,27803900
2020-06-26,186.61038208007812,189.99413646513128,185.23216946864412,189.8420540312599,54675800
2020-06-29,188.61595153808594,188.70149248092682,183.96803843310832,186.0876350915484,26701600
2020-06-30,193.43490600585938,194.28084454907003,187.9505695474995,188.08363804294686,34310300
2020-07-01,194.56600952148438,196.1343324418635,191.78107062870032,193.0832420355836,32061200
2020-07-02,196.04884338378906,197.7217217319145,194.85122643278635,195.4975552466463,29315800
2020-07-06,200.26904296875,200.67776284901902,197.78825354324584,198.491624184224,31897600
2020-07-07,197.9402618408203,204.04242807649197,197.69313876394023,200.03134453942326,33600700
2020-07-08,202.29351806640625,202.7022232789149,198.3584758537507,199.67016142576213,33600000
2020-07-09,203.70974731445312,205.66776134855445,201.00083539138876,205.6202337790769,33121700
2020-07-10,203.09194946289062,203.48165528840798,200.63017471738777,203.04442188603093,26177600
2020-07-13,196.81871032714844,205.1165151249502,196.2769220311056,203.86185665203897,38135600
2020-07-14,198.0353546142578,198.5106014316634,192.02822788062798,195.9252575847065,37591800
2020-07-15,197.7406768798828,200.86780886223525,194.879696441531,199.18543117423306,32179400
2020-07-16,193.82461547851562,195.51649259722572,192.29432049997686,195.23134167200274,29940700
2020-07-17,192.83612060546875,194.88917548630673,191.4198801082913,194.34740174799845,31635300
2020-07-20,201.1244354248047,201.78977799074687,192.95968503330636,194.85117236676646,36884800
2020-07-21,198.41551208496094,203.34857552033253,197.73115562552331,203.08243850870448,37990400
2020-07-22,201.2670135498047,201.78978791424657,198.07335457284609,198.8432520443965,49605700
2020-07-23,192.51295471191406,200.47809519758303,192.14226281240857,196.93275836350443,67457000
2020-07-24,191.3343505859375,192.81711817294266,187.73197198353216,190.497911638035,39827000
2020-07-27,193.7581024169922,193.87215699393317,190.91612168004946,191.4959232851321,30160900
2020-07-28,192.01870727539062,194.56602297793356,191.75257024686763,193.52998850951334,23251400
2020-07-29,193.95773315429688,194.51852093061618,192.0092182585042,192.4749653712374,19632600
2020-07-30,193.8056182861328,194.3379068274269,189.68999420605252,191.04919294548517,25079600
2020-07-31,194.86062622070312,194.94618164027338,189.1576664204421,194.28082472754153,51044000
2020-08-03,205.8198699951172,206.86541871701198,200.02186795595566,201.04840274562122,78983000
2020-08-04,202.73074340820312,204.1374841693981,199.8982769624529,203.56718229287267,49280100
2020-08-05,202.3980712890625,204.35608541482208,201.095899944012,204.26103027141724,28806400
2020-08-06,205.63926696777344,205.65826639464163,201.07689543479427,201.8277788907073,32656800
2020-08-07,201.9608612060547,205.02145153311608,200.4875933337867,204.21354073459383,27820400
2020-08-10,197.9402618408203,201.3905577207116,196.13433007915847,201.19094771383908,36716500
2020-08-11,193.3113555908203,197.3699520347846,193.08323194975972,196.90421954309804,36446500
2020-08-12,198.83372497558594,199.8697593440699,194.6135317826881,195.12679185865025,28013100
2020-08-13,198.3679962158203,200.88681276479966,197.845221875211,199.07136664712925,22588900
2020-08-14,198.55807495117188,199.21391774906647,197.23688964214472,198.42500644894537,17958900
2020-08-17,199.86978149414062,200.73473410095306,198.577109692729,199.22345284512505,20184800
2020-08-18,201.01991271972656,201.84683757660483,198.85278829913472,200.10743240945408,21336200
2020-08-19,199.80032348632812,202.0870312239164,199.37157032879307,201.5058279761873,27627600
2020-08-20,204.44993591308594,204.8501064694833,199.04761159406166,199.64786015943778,26981500
2020-08-21,202.96356201171875,206.04107316088508,202.80158927107192,203.76390303789307,36249300
2020-08-24,203.6019744873047,205.345584304616,202.40144814904102,204.65003619045197,25460100
2020-08-25,206.25067138671875,206.38406154676812,203.03977033082035,203.03977033082035,23043700
2020-08-26,210.709716796875,211.6053426331108,207.0986454243978,207.59410079861183,39600800
2020-08-27,215.8834228515625,220.2376708942696,209.04237476042434,212.36762114380463,57602200
2020-08-28,218.1034393310547,219.75176405329466,215.8834340675416,217.40789128020305,26292900
2020-08-31,214.88294982910156,217.90329550897903,213.72054366354158,216.2835537410724,28774200
2020-09-01,216.5408172607422,216.71231266436743,213.83487973879033,214.86389577585308,25725500
2020-09-02,220.7140655517578,221.86694924784757,216.61707521022916,217.207801074862,34080800
2020-09-03,207.04151916503906,218.4845356074586,204.81199137013098,218.4464303584892,58400300
2020-09-04,204.135498046875,208.0514701428707,195.50321280100798,204.94537631657883,59664100
2020-09-08,193.09263610839844,200.11470143736412,192.6543458320582,196.75135022135257,52924300
2020-09-09,201.3152618408203,204.69767377044025,196.94195338337948,197.79947425284936,45679000
2020-09-10,195.6746826171875,204.60234415505118,194.47417119348202,203.32559316845246,35461500
2020-09-11,194.39797973632812,198.7808248995314,191.73969878966778,197.41832597706613,33620100
2020-09-14,195.7128143310547,199.32388603691476,194.39795802128066,194.59805053998278,30375800
2020-09-15,198.9237060546875,199.8764970654058,197.16103686948387,198.58070070929145,21823900
2020-09-16,195.36985778808594,200.70548031266912,194.97920986822862,200.67689773691774,26328100
2020-09-17,193.33084106445312,194.6838026501684,190.5201102929385,190.60585800070598,34011300
2020-09-18,190.9298095703125,194.0359033488756,186.98525496432242,193.22603963005503,55225300
2020-09-21,192.97828674316406,193.14027401034622,187.109105110719,187.88086351056623,39839700
2020-09-22,197.6279296875,198.27583520030763,192.5400286648774,195.3793420932357,33517100
2020-09-23,191.120361328125,198.27583172140538,190.58680064366783,198.08526187258073,30803800
2020-09-24,193.59765625,195.86530407538416,189.7960139318749,190.41533696691582,31202500
2020-09-25,198.00909423828125,199.1714862447696,192.97834281685655,193.9406713310271,29437300
2020-09-28,199.55258178710938,202.53482275392867,198.23772534118714,200.92460337616922,32004900
2020-09-29,197.4755096435547,200.15286527380047,197.04675648786915,199.46685440932734,24221900
2020-09-30,200.4005584716797,201.97265800789293,196.78947197711074,197.9232957386492,33829100
2020-10-01,202.4300079345703,203.88777718640915,201.34382663832886,203.41138162597977,27158400
2020-10-02,196.45599365234375,201.02939371006642,195.8366707318804,198.18054316818606,33154800
2020-10-05,200.4481964111328,200.47677898107784,197.20869794579374,197.43737304379223,21331600
2020-10-06,196.1892547607422,200.25766303391924,195.1507157610848,198.9618808579041,28554300
2020-10-07,199.9241943359375,200.19097472900563,196.9610128986642,197.28495844189817,25681100
2020-10-08,200.63880920410156,201.22001252355497,198.48550593353193,200.57210682949486,19925800
2020-10-09,205.62184143066406,205.66948389253287,201.25805652305527,201.25805652305527,26458000
2020-10-12,210.94796752929688,213.29184029670688,206.574659376011,208.4611818961351,40461400
2020-10-13,212.33901977539062,214.57808461932888,210.02372990076108,212.20562960629036,28950800
2020-10-14,210.4334716796875,213.63485079463896,208.78514692223476,212.47244433074084,23421700
2020-10-15,209.29010009765625,209.9570509713848,205.81240380006528,206.85095716605545,22733100
2020-10-16,209.29010009765625,211.79593084741057,208.96615460733648,209.7569584400469,26057900
2020-10-19,204.10690307617188,211.8054566248075,203.6305075437447,210.01420477058122,27625800
2020-10-20,204.5166015625,207.1081944892267,203.03024978890875,205.61232003857742,22753500
2020-10-21,204.65956115722656,206.67947393271433,203.05886431483884,203.05886431483884,22724900
2020-10-22,204.74526977539062,205.86003356811165,201.70586397565597,203.83058396322997,22351500
2020-10-23,206.02206420898438,206.06970668294008,203.09700240015934,204.87871752625654,18879600
2020-10-26,200.162353515625,206.12682049278558,198.27583123211025,203.75437998821897,37111600
2020-10-27,203.1827392578125,204.5357011227944,200.4005904812868,201.60110225314483,36700300
2020-10-28,193.11170959472656,198.9809067591582,192.5591035035503,197.8661428219542,51195600
2020-10-29,195.05538940429688,197.57075725259926,193.76911564184445,194.43608102293118,31432600
2020-10-30,192.91163635253906,194.64570878486924,190.19617560413607,193.89301013017186,36953700
2020-11-02,192.77825927734375,195.58899061431308,190.67258417511,194.64572202379262,30842200
2020-11-03,196.68466186523438,198.29488116733683,193.5309256171822,194.26457884266878,27512000
2020-11-04,206.17446899414062,208.01336340786992,202.391887100831,203.91635870169142,42311800
2020-11-05,212.74874877929688,213.5395672501234,210.70977611493413,211.55775973379434,36080100
2020-11-06,213.15841674804688,213.76820244388458,207.73703329960784,211.76733540587205,25231900
2020-11-09,208.080078125,217.35073281065687,207.5941598268988,213.84446802922895,44395000
2020-11-10,201.04844665527344,206.27927507697552,199.81935252170467,204.37369285917435,44045100
2020-11-11,206.32693481445312,207.74658438097188,202.18228732835718,202.36331998035507,29440800
2020-11-12,205.26934814453125,208.76609026899308,204.33561679521472,206.95579271890833,21593900
2020-11-13,206.28880310058594,207.15584652138176,204.04975265970353,206.1458902459224,18621100
2020-11-16,206.97482299804688,207.4607558021883,204.3927670537816,204.72623524216695,24953300
2020-11-17,204.3356170654297,207.40359150295538,203.97355173955768,205.8981941277248,24154100
2020-11-18,201.6416778564453,205.54879230047052,201.49837627647196,204.0967541671124,28372800
2020-11-19,202.92172241210938,203.5044470877142,200.54305652450964,201.92823201224948,24792700
2020-11-20,200.98257446289062,203.75289739141846,200.61001359213682,202.71163939065835,22843100
2020-11-23,200.7150115966797,202.79752672651188,198.85220802263296,201.5174478168078,25683500
2020-11-24,204.29736328125,204.66992405352661,199.52093564872897,200.21829000165692,33979700
2020-11-25,204.3069305419922,205.66343437093508,202.95998889819435,205.49148995634454,21012900
2020-11-27,205.60614013671875,206.59964544209117,204.46934780485185,205.24314147743166,14512200
2020-11-30,204.49795532226562,205.1570900128628,201.41237294373022,204.52661271853077,33064800
2020-12-01,206.54226684570312,207.60263424380202,203.81014996443474,204.91826997228236,30904500
2020-12-02,205.7398223876953,205.83535676314904,203.2847463647257,205.2717418468699,23724500
2020-12-03,204.66046142578125,206.70477271828778,204.09683165297076,205.01391255286916,25120900
2020-12-04,204.77500915527344,205.74940448853005,203.64776463709416,204.6412697625912,24666000
2020-12-07,204.70814514160156,205.90225214353387,203.46628552079312,204.7845697389054,24620000
2020-12-08,206.3512725830078,207.2492435331861,203.37078566454701,204.40249603859206,23284100
2020-12-09,202.3295135498047,205.60613649395367,201.76589848690782,205.53927407494194,32440600
2020-12-10,201.10675048828125,203.55227955829025,200.95390127727993,202.30085761828587,26733300
2020-12-11,203.72421264648438,203.7815420297955,199.75978302617932,200.65775387019116,30979400
2020-12-14,204.6221923828125,206.54232595336725,203.36122284871206,203.57138686714595,28798400
2020-12-15,204.55531311035156,205.78762513826916,202.74982388365729,205.54880373486253,27000600
2020-12-16,209.4750518798828,210.26794077804252,205.11895132134546,205.14760872687503,35023300
2020-12-17,209.60874938964844,211.0130202858481,208.17582109364878,210.03862496314824,32515800
2020-12-18,208.81585693359375,209.8666768292249,206.3607807432557,208.81585693359375,63354900
2020-12-21,212.6370391845703,213.98399551182237,207.56447448034749,207.82240569921558,37181900
2020-12-22,213.92665100097656,215.54108593235114,211.93010767555515,212.73254404895405,22612200
2020-12-23,211.1372528076172,213.5636721100201,210.9270887842,213.13379645357705,18699600
2020-12-24,212.7898712158203,213.6114174296126,211.30917559396767,211.51933959585654,10550600
2020-12-28,214.9010772705078,215.9232253887029,213.04782068212276,214.41387223503366,17933500
2020-12-29,214.1272735595703,217.0217879256929,213.58276831645435,216.1906940710148,17403200
2020-12-30,211.7677001953125,215.54108989426393,211.5670983865259,215.1589669166923,20272300
2020-12-31,212.47462463378906,213.0286920393946,209.857136802446,211.78681782520988,20942100
2021-01-04,207.95611572265625,213.02867970996735,205.20488864757192,212.57969433100567,37130100
2021-01-05,208.15673828125,208.74902529905103,206.0551127566878,207.54535604544097,23823000
2021-01-06,202.75936889648438,206.8097850939476,202.46323269229157,202.68294429919243,35930700
2021-01-07,208.52926635742188,209.53231905241694,204.15407157426245,204.46930296341804,27694500
2021-01-08,209.79983520507812,210.71691586641606,207.32564880606074,208.90186433865418,22956200
2021-01-11,207.76502990722656,209.1215334457232,207.03900366373637,208.70120553138648,23031300
2021-01-12,205.3195037841797,207.39248612899152,203.78150813560933,206.81930900323252,23249300
2021-01-13,206.66647338867188,207.06769157243323,204.36423170367146,204.45021848172806,20087100
2021-01-14,203.4949188232422,207.73638872403765,203.22744005260643,206.2556933016969,29480800
2021-01-15,203.14144897460938,204.91828052845557,202.54917664882714,203.97255724393224,31746500
2021-01-19,206.7620086669922,207.2778564550541,203.12237302041416,204.1922881817282,30480900
2021-01-20,214.30880737304688,215.6939688321935,207.57403974060497,207.9657104069132,37777300
2021-01-21,214.91061401367188,216.18114567833973,212.47463268897792,214.65268280655076,30709400
2021-01-22,215.84677124023438,219.7825576936173,215.703484235591,216.92624859688442,30172700
2021-01-25,219.26669311523438,219.5055145049017,214.19412913094075,218.87502253781977,33152100
2021-01-26,221.94151306152344,223.70878273824454,219.79212038536122,221.49252764749383,49169600
2021-01-27,222.48597717285156,229.68883768367752,219.84939455826367,227.35793883564364,69870600
2021-01-28,228.24639892578125,231.7905151873999,224.5781054386549,225.07485807019364,49111200
2021-01-29,221.58807373046875,227.3771026447357,221.00534888002093,225.43787387184437,42503100
2021-02-01,228.93421936035156,231.65678952141076,222.03705522373815,224.54946135808032,33314200
2021-02-02,228.80044555664062,231.47524811392537,228.0171189555544,230.51041491917857,25916300
2021-02-03,232.1343994140625,234.13094280778196,228.5616260438529,228.85777682234598,27158100
2021-02-04,231.1886749267578,232.36368677142988,229.6220070436973,231.80961934520695,25296100
2021-02-05,231.37017822265625,232.40188845915685,229.66977095597062,231.39883562562832,18054800
2021-02-08,231.62806701660156,232.78395426217978,230.04228965214776,232.27765413370346,22211900
2021-02-09,232.8699951171875,233.81571861476473,230.58686291698683,231.0549435728777,23565000
2021-02-10,231.96246337890625,234.92384008224641,230.11875453556536,234.04497905294213,22186700
2021-02-11,233.55776977539062,234.1882471613524,231.32239050634175,233.83479617171466,15751100
2021-02-12,234.035400390625,234.33153656401527,231.87644582707026,233.02278551420997,16561100
2021-02-16,232.80308532714844,235.12443679051168,232.05796376520485,234.0736168562319,26728500
2021-02-17,233.8180389404297,233.92336296711304,230.69664036520157,231.06048965921218,21653500
2021-02-18,233.42550659179688,233.55955404801415,230.62007961165102,231.52011879342848,16925600
2021-02-19,230.72535705566406,233.4924904651733,229.96893508329921,233.38716644155568,25262600
2021-02-22,224.5399627685547,227.81456205861232,222.51966738845243,227.32624961880384,36446900
2021-02-23,223.35272216796875,224.84639771521285,219.0057283470669,220.53771150889756,30228700
2021-02-24,224.57830810546875,225.20066806135043,219.26425873805556,220.2313141829066,26339700
2021-02-25,219.2546844482422,224.6165963051779,218.1918745974985,222.21331214271885,39542200
2021-02-26,222.50057983398438,225.3634533466254,219.78130875334585,221.68671096867462,37819200
2021-03-01,226.86671447753906,227.37418084242998,223.23783468700705,225.87092094675552,25324000
2021-03-02,223.92723083496094,227.21141518766257,223.52508849566448,226.9337360850043,22812500
2021-03-03,217.885498046875,223.64956749327112,217.5982493430205,222.289939212441,34029500
2021-03-04,217.0907440185547,222.60587139092198,214.7257530035434,217.10032822667858,44727800
2021-03-05,221.75369262695312,223.3526919831032,216.83221674303033,219.76212062975273,41872800
2021-03-08,217.7227020263672,223.44846319176875,217.473760970506,221.5334915341693,35267400
2021-03-09,223.84100341796875,225.37298636585098,221.82070802785924,222.9792721410801,33080500
2021-03-10,222.53884887695312,226.92413561375264,222.17499959610404,226.92413561375264,29746800
2021-03-11,227.048583984375,229.00184834323582,224.34846735381257,224.97084181188526,29907600
2021-03-12,225.72732543945312,225.79435647256904,223.3144566185895,224.0612945328916,22653700
2021-03-15,224.82723999023438,225.19108927209567,221.95478256941098,224.97087162731992,26034900
2021-03-16,227.6039581298828,229.854041015424,225.909204156804,226.2347458255093,28092200
2021-03-17,226.96243286132812,228.40824580326876,223.31441421643075,226.11027106399007,29562100
2021-03-18,220.91111755371094,224.23359433735567,220.5376986886075,222.6728878603491,34833000
2021-03-19,220.55685424804688,222.58671941704526,219.5993684724705,221.19836796447422,46430700
2021-03-22,225.95709228515625,226.82839330995083,220.35579418679632,220.48027202322757,30127000
2021-03-23,227.4794464111328,230.8019228428521,226.99113398082036,227.39327620756092,31638400
2021-03-24,225.44964599609375,227.88165385671942,225.31559854881638,227.73803680966364,25620100
2021-03-25,222.4622344970703,226.86667476830124,221.72498099263913,225.29639873083224,34061900
2021-03-26,226.42625427246094,226.64648654164532,221.70585594983098,221.70585594983098,25479900
2021-03-29,225.2389678955078,226.73264342608155,222.02181497962823,226.53156497693166,25227500
2021-03-30,221.99313354492188,223.90810553285277,221.2750190494478,223.60170300194696,24792000
2021-03-31,225.74644470214844,228.93487436067073,222.51013782873864,223.00803456543431,43623500
2021-04-01,232.0466766357422,232.51583530133811,227.92948500151644,228.33162726205853,30338000
2021-04-05,238.48098754882812,239.333149299018,232.38179326413973,232.4392400726803,36910600
2021-04-06,237.32244873046875,238.7969705443699,236.38411666707708,237.08307726255737,22931900
2021-04-07,239.2756805419922,240.26188968522158,236.68090236866658,237.27453885214405,22719800
2021-04-08,242.4832763671875,243.33543813605917,241.28641912944224,242.02368727871396,23625200
2021-04-09,244.97271728515625,245.10676469606997,241.70768760709836,242.119399437022,24326800
2021-04-12,245.0301971435547,246.71538151960232,243.79503226701306,243.88121709356932,27148700
2021-04-13,247.50048828125,248.17074001086624,245.91105839056755,246.3227994805502,23837500
2021-04-14,244.72377014160156,247.8260145046008,244.312058297405,246.53343216678118,23070900
2021-04-15,248.46755981445312,248.87927168685948,246.77282050375777,246.9643001275959,25627500
2021-04-16,249.65487670898438,249.90383240589105,246.6483860270095,248.43888007438676,24878600
2021-04-19,247.7398681640625,250.3633991429451,246.85899758557616,249.12823427121432,23209300
2021-04-20,247.28028869628906,249.13781346064496,245.92064602191053,246.85899261240542,19722900
2021-04-21,249.5016632080078,249.59741764213118,246.31324801477044,247.93140152495766,24030400
2021-04-22,246.2366485595703,250.6506442962717,244.77168176983514,249.14738450102254,25606200
2021-04-23,250.04739379882812,250.39210385783167,246.33234447258323,246.9164259652866,21462600
2021-04-26,250.43038940429688,251.2825657582876,249.1090835974423,250.53572803261042,19763300
2021-04-27,250.83253479003906,252.00066853516242,249.06118036716788,250.45910133423507,31014200
2021-04-28,243.73756408691406,245.63339634375507,242.19601148356284,245.1929318712651,46903100
2021-04-29,241.7747039794922,245.21208867693898,238.4139344997838,244.59929842567976,40589000
2021-04-30,241.4587860107422,242.32053208236758,238.98848525827847,239.12253269918796,30945100
2021-05-03,241.15237426757812,243.53651917014565,240.4438295156719,242.62689597172758,19626600
2021-05-04,237.25537109375,240.52998498828993,235.31167632498756,240.30018316461653,32756100
2021-05-05,235.99151611328125,238.89269679330795,235.36915621416165,238.47140072187236,21901300
2021-05-06,239.11294555664062,239.23742339669937,234.28722313302063,235.97239302807878,26491100
2021-05-07,241.7268524169922,243.4886226435184,240.4916876508421,241.43001956995911,27032900
2021-05-10,236.6713409423828,241.02790440002454,236.61389413007436,240.2044660000965,29299900
2021-05-11,235.76168823242188,236.1159678588581,232.25730184631848,234.15311934831823,33641600
2021-05-12,228.83914184570312,233.99042092732867,227.94868692583464,231.87437055128427,36684400
2021-05-13,232.69775390625,235.15849922523182,231.15620130904685,231.52005055871984,29624300
2021-05-14,237.60006713867188,238.58627622645358,235.05316631754738,235.13933652287074,23901100
2021-05-17,234.75636291503906,236.10642140799038,233.16694758064864,236.06812840418084,24970200
2021-05-18,232.74566650390625,235.9340961969697,232.57331145045896,235.8000487598773,20168000
2021-05-19,233.3214874267578,233.42705466326876,228.98366832095294,229.66504486622338,25739800
2021-05-20,236.54603576660156,237.95679107071055,234.0316351278429,234.12761065425127,21800700
2021-05-21,235.28883361816406,238.32147864585824,234.8761710741965,237.59211443977617,21863100
2021-05-24,240.67274475097656,241.03743419435494,237.53453234396076,237.8032462568259,21411500
2021-05-25,241.57485961914062,242.56334606960098,240.7111384283455,241.62284738392032,17704300
2021-05-26,241.35414123535156,242.74569859585426,240.64396036767923,241.29654712947791,17771600
2021-05-27,239.26202392578125,241.3445643730213,239.20444445668525,241.04706068681733,24426200
2021-05-28,239.61709594726562,241.92037711076773,239.50193701442453,240.88390278376352,18270200
2021-06-01,237.42898559570312,241.16220561121608,237.00673129893212,241.104626145466,23213300
2021-06-02,237.3330078125,239.22361157042198,235.9318441224372,238.1295578675878,19406700
2021-06-03,235.80706787109375,236.4116667965383,233.20628353326998,235.3368112456959,25307700
2021-06-04,240.6823272705078,241.50766701250188,237.53452328797448,237.77444746130055,25281100
2021-06-07,243.58065795898438,243.84937190857218,239.7418705148018,239.90501722392213,23079200
2021-06-08,242.39060974121094,245.69196883019157,242.3330156367018,244.87622075345962,22455000
2021-06-09,243.36947631835938,245.23129021101894,243.00480153962016,243.5806107583811,17937600
2021-06-10,246.87234497070312,247.0834793950277,243.4462357101778,244.04124291847,24563600
2021-06-11,247.49623107910156,248.07202575056814,246.26779101297777,247.59217733259723,18999700
2021-06-14,249.4155731201172,249.47315257534447,246.45008473782653,247.50575689635525,19150500
2021-06-15,247.94723510742188,249.51154547597605,247.29464835477967,249.30041102216592,18038900
2021-06-16,247.00677490234375,250.07778718714908,244.16606584099102,248.94535195627006,27220000
2021-06-17,250.38487243652344,251.2006205192293,245.6919706294516,245.74955009057246,27565500
2021-06-18,248.97410583496094,251.7284306556283,248.32151911327628,249.16605688845348,37202200
2021-06-21,252.045166015625,252.8992809067008,247.52500245412696,249.34842044965174,26696100
2021-06-22,254.80914306640625,255.07785703721004,251.82447036333875,252.13158041215058,24694100
2021-06-23,254.57884216308594,256.07596731365686,253.7727001041348,255.26982525470572,19518700
2021-06-24,255.94151306152344,257.054764738449,254.77068192610335,255.43287498640925,21446900
2021-06-25,254.33885192871094,256.4789864753992,254.08935066007223,255.50010621929968,25611100
2021-06-28,257.8896789550781,258.0624173190281,255.19293377437566,255.4616476586145,19590000
2021-06-29,260.461669921875,260.70159408895256,257.1795237173201,258.03363852255484,19937800
2021-06-30,259.98193359375,260.4233860508272,258.7343391025023,259.78040540711504,21656500
2021-07-01,260.6536560058594,260.8839738651738,258.7342624112472,258.7438394636373,16725300
2021-07-02,266.4597473144531,266.7956469721209,261.51731582698903,261.82442575900615,26458000
2021-07-06,266.4693298339844,268.1104026246158,263.24473441126366,266.8244128478086,31565600
2021-07-07,268.64788818359375,269.3772670421519,265.97993254914314,268.13925010791996,23260000
2021-07-08,266.2391052246094,267.4963057183195,263.79186075613046,265.74004413313054,24618600
2021-07-09,266.7380676269531,266.8436201918425,264.2236672937446,264.6075400651112,23916700
2021-07-12,266.1430969238281,268.49433627554,265.43290144744316,267.9089353442858,18931700
2021-07-13,269.65557861328125,271.4502066850758,266.21027111145844,266.33500707591065,26120100
2021-07-14,271.1238708496094,272.2275159803675,269.24284459989275,270.970315893248,23113700
2021-07-15,269.70361328125,271.1239752085975,268.55196530906284,270.6345204272743,22604200
2021-07-16,269.4349060058594,272.6498964942647,268.1968887982092,270.7017129491467,26186800
2021-07-19,265.8455505371094,269.0701168852298,263.38872971350867,267.6881515110027,32935600
2021-07-20,268.0625305175781,269.6460244586933,265.1258605067467,266.8245133835614,26259700
2021-07-21,270.05865478515625,270.173813707087,266.11431527092736,267.6594129528652,24364300
2021-07-22,274.607666015625,274.87637995751953,271.99728945681113,272.40034572584136,23384100
2021-07-23,277.9953918457031,278.30247257073574,274.9531400276046,275.78807157831795,22768100
2021-07-26,277.4002685546875,278.0144883881187,275.0874257048847,277.35229544353166,23176100
2021-07-27,274.991455078125,277.90891147588917,271.54614801020494,277.7649628522518,33604100
2021-07-28,274.6843566894531,278.4559572251852,272.39066780193826,277.3427056762893,33566900
2021-07-29,274.953125,276.9876774693035,274.5500394694676,274.70359446740275,18168300
2021-07-30,273.42718505859375,275.1066542513288,272.46748837703086,273.676715567838,20944800
2021-08-02,273.3408508300781,275.212242025892,272.30436188036447,274.8187628216139,16267400
2021-08-03,275.5481262207031,275.6537080927837,272.5538770462147,273.91665931799884,17879000
2021-08-04,274.96270751953125,275.99916705627766,273.1776564498441,274.68438727940855,16191300
2021-08-05,277.851318359375,277.95690020325844,274.56917275143024,275.31773484513803,13900200
2021-08-06,277.7938232421875,277.83221931412936,276.0279846719422,276.8821288688246,16589300
2021-08-09,276.70941162109375,279.79963700414334,276.2103797453838,278.07219419100153,16117600
2021-08-10,274.8955383300781,277.5922838439448,273.70552373680465,277.16040859309794,18616600
2021-08-11,275.385009765625,277.0260831007816,274.3389144756151,275.6345110192113,13955900
2021-08-12,278.12969970703125,278.2832546943312,274.7995509694879,275.0778712144452,14561300
2021-08-13,281.0472106933594,281.09518381779094,277.64026951768847,277.81303719840986,18249000
2021-08-16,282.72662353515625,282.9377579581513,278.33119671669976,281.37344781790824,22507600
2021-08-17,281.2679138183594,281.60381354222284,279.3485202964206,280.60574999790174,20075300
2021-08-18,279.5467834472656,283.4794538884407,279.1044566907851,280.8063906085156,21813000
2021-08-19,285.3544006347656,286.02748609208663,277.5371547943832,277.5852197511838,29850500
2021-08-20,292.6524963378906,294.07557732948726,286.5948434162002,288.19099349843,40817600
2021-08-23,292.9312744140625,293.6524247840349,290.23899143697224,291.58513292551737,22830200
2021-08-24,290.9794006347656,293.892847343343,290.38325427792677,293.28707625697854,18175800
2021-08-25,290.39288330078125,292.8736280290071,288.86404781166596,292.5947749618287,20006100
2021-08-26,287.585205078125,290.7967251675743,287.4506055747187,289.4121138382239,17666100
2021-08-27,288.1910095214844,289.2967678980411,285.4121618113785,287.4890790455241,22605700
2021-08-30,291.912109375,292.51788050210155,289.47942948011064,289.53711917376893,16348100
2021-08-31,290.2679138183594,292.7871284221074,289.9025261716433,292.7102186066526,26285300
2021-09-01,290.21978759765625,293.4505570216653,289.89286956645867,291.2197911507648,18983800
2021-09-02,289.56591796875,291.69089959705036,288.6332289446876,290.57554613458024,16285600
2021-09-03,289.5563659667969,290.96019740569926,288.7102113426839,289.4121123902904,14747900
2021-09-07,288.63323974609375,289.5082391184174,286.7294213995241,289.4313293174563,17180400
2021-09-08,288.6621398925781,289.04674765844067,286.02754588554353,288.2486872778682,15046800
2021-09-09,285.8160705566406,290.51798736666865,285.5756869817402,289.2487550487067,19927000
2021-09-10,284.3352355957031,288.38331521441347,284.01794225939454,286.9410140892641,19633400
2021-09-13,285.5660095214844,287.05640501689754,282.7679417050382,286.1044662823442,23652900
2021-09-14,288.2582702636719,289.7967304480166,286.6332755453167,288.0371068920759,21853400
2021-09-15,293.0948181152344,293.57558514343583,290.2102159460255,291.594827334741,28356300
2021-09-16,293.47943115234375,293.56596569773495,289.19099739981857,292.0755996209567,19550800
2021-09-17,288.335205078125,292.7871123350573,288.0082870289444,292.469819016164,41372500
2021-09-20,282.9794616699219,287.22945511957835,278.38333004418814,284.93137463486613,38278700
2021-09-21,283.4602966308594,286.0949205361656,282.75839537992744,284.3160762329572,22364100
2021-09-22,287.0947265625,288.6716559557154,283.1813066048117,285.31591264704196,26626300
2021-09-23,288.037109375,289.32556135418525,286.085196618995,287.35442848279695,18604600
2021-09-24,287.835205078125,288.26787776636394,285.5082799167376,286.7582917069234,14999000
2021-09-27,282.8544616699219,285.0659780697312,281.67176431973326,284.7486847699523,23571700
2021-09-28,272.6141052246094,279.59485135493725,271.87373461890644,278.6525374846611,43186200
2021-09-29,273.07562255859375,275.73906084869554,272.123713405147,274.1333156978042,26353700
2021-09-30,271.0756530761719,276.7582926672313,270.78717529668586,274.71984547108286,32343600
2021-10-01,277.9794921875,278.8256468235506,270.4699138080857,271.26797413672585,30086300
2021-10-04,272.2198486328125,276.68138001851474,269.46987576086445,276.3448372844205,31350700
2021-10-05,277.6524658203125,279.229365745648,273.12362120696974,273.12362120696974,24993000
2021-10-06,281.8352355957031,282.33525208926756,274.5276001795463,274.78720381326485,28002600
2021-10-07,283.5083312988281,285.229485530052,282.6141116407885,283.82562463617745,20430500
2021-10-08,283.5083312988281,285.229485530052,282.46026266569163,284.82562830246127,17685700
2021-10-11,282.91217041015625,286.50829832033395,281.489089470964,281.6525631685585,19298600
2021-10-12,281.61407470703125,284.0755993304145,281.10446287508915,283.9794400643769,17974100
2021-10-13,284.91217041015625,285.8448596726452,282.2006371715357,283.56602852194857,23416300
2021-10-14,291.1043395996094,291.6043265803658,286.3735806906025,287.7005019459464,27262900
2021-10-15,292.5082702636719,292.73905839342854,288.9602072094581,290.7102062536316,25384800
2021-10-18,295.4698486328125,296.35444365266295,291.0467855024762,291.89294028229466,22729300
2021-10-19,296.37359619140625,297.402415134152,295.4024375898514,296.48897556115827,17682100
2021-10-20,295.585205078125,297.7871264122316,294.3351931255189,297.3159547433428,16537100
2021-10-21,298.80633544921875,299.0563143524255,294.5755620879851,295.3544316768825,16918100
2021-10-22,297.2678527832031,299.1236063471209,295.96015129406624,298.4601455444869,17449300
2021-10-25,296.2774963378906,297.49863403751334,294.6717215370627,297.4601644586546,17554500
2021-10-26,298.1813049316406,300.3832260837612,296.7294084953105,299.03708430610516,28107300
2021-10-27,310.73895263671875,313.55624018654,303.8447410132644,303.8447410132644,52588700
2021-10-28,311.8735046386719,312.37349166816404,308.9984985239614,311.854255182052,26297900
2021-10-29,318.8639221191406,319.2293097590361,311.4408779594298,311.6620413582326,34766000
2021-11-01,316.7004699707031,318.7389174914313,313.81586777864834,318.6139133681184,27073200
2021-11-02,320.3157653808594,320.62346324500305,317.3061598365116,317.6042329724997,26487100
2021-11-03,321.1523742675781,322.017749048064,317.93122931561726,321.05621499337065,21500100
2021-11-04,323.4985046386719,323.59466390839987,316.83508099254163,320.08507064099814,23992200
2021-11-05,323.13311767578125,325.75811609186775,321.556217155061,325.4888877422965,22570100
2021-11-08,324.02740478515625,324.66202088646315,321.57550428148005,324.325478043448,20897000
2021-11-09,323.02734375,325.69078224022303,321.6619526233949,324.1426973147689,21307400
2021-11-10,318.07537841796875,321.7580694099701,317.229253298414,321.7003797278115,25500900
2021-11-11,319.64276123046875,320.93121335247633,317.79663226365136,318.50815807964443,16849800
2021-11-12,323.7677001953125,324.258091880674,320.9504128741325,321.07541697774906,23831000
2021-11-15,323.1427307128906,324.88310486387337,321.1811931834564,324.5561868329157,16723000
2021-11-16,326.45037841796875,327.5657612448941,322.60424288113046,322.7676872089823,20886800
2021-11-17,326.6719970703125,329.6293143564149,325.59311335095464,326.49861134342495,19053400
2021-11-18,328.74298095703125,329.879689002484,324.74532101503996,325.76640921041985,22463500
2021-11-19,330.5154724121094,332.4324456190178,329.63890158471446,330.06275288893943,21963400
2021-11-22,327.3558349609375,336.83466359463443,327.086114106962,331.9700164889101,31031100
2021-11-23,325.2847900390625,326.98983755172486,321.3160273770026,324.6779107140383,30427600
2021-11-24,325.5063781738281,325.7472014512142,321.65320573565054,323.9362057016911,21661300
2021-11-26,317.5785217285156,325.5256912943584,316.07578656240105,322.0771142842693,24217200
2021-11-29,324.2733154296875,326.58521266563037,322.4526776155602,322.6453479674589,28563500
2021-11-30,318.4550476074219,325.38112702645924,316.9137728395476,323.01143434180807,42885600
2021-12-01,317.9637145996094,326.8260212365159,317.29906952934004,322.82836149169225,33337600
2021-12-02,317.3954772949219,321.2486502191634,315.76750938263973,318.1757424602907,30766000
2021-12-03,311.1533508300781,320.48766443659116,306.35614003561716,319.8037050877299,41779300
2021-12-06,314.216552734375,315.43031134746263,307.51204154241043,312.058785775437,30032600
2021-12-07,322.6261291503906,323.4738023613807,317.9830494801912,319.46652904482426,31021900
2021-12-08,322.67425537109375,323.1847994820111,318.6573106513333,323.0017714613644,24761000
2021-12-09,320.8729248046875,324.1384729979598,319.92888702095325,322.1348363640117,22214200
2021-12-10,329.9664001464844,330.40950670555475,322.50087922237924,322.68390724843727,38095700
2021-12-13,326.941650390625,331.17052092748463,326.63338956387594,328.17466430025087,28899400
2021-12-14,316.28765869140625,322.3564229704473,312.2129182210804,320.9885338086704,44438700
2021-12-15,322.3659973144531,322.886183766917,312.58857922136355,316.54769934976275,35381100
2021-12-16,312.97393798828125,324.3986100132093,311.16294216598374,323.38713456911813,35034800
2021-12-17,311.9142761230469,312.99318902693045,305.6047184390456,309.10147689497717,47750300
2021-12-20,308.1671447753906,310.95104695993683,305.9130421153367,308.301990542722,28326500
2021-12-21,315.2762145996094,315.7000659257097,308.06112911488344,311.42304210587787,24740600
2021-12-22,320.9693298339844,321.36425420562085,313.7927832021071,316.249169285567,24831500
2021-12-23,322.40460205078125,324.0422122425746,320.51655561829773,320.53581089915843,19617800
2021-12-27,329.8797302246094,329.90862784139654,323.11739392269027,323.1462915394775,19947000
2021-12-28,328.7237548828125,331.18978275080303,327.827899397402,330.5540058070814,15661500
2021-12-29,329.3980407714844,331.6617557188024,327.2113469290697,328.7718768270416,15042000
2021-12-30,326.86468505859375,330.5348301286834,326.3830384153024,329.3596111431574,15994500
2021-12-31,323.9747619628906,326.9031519971822,323.52201300272316,326.0843763307589,18000800
2022-01-03,322.46240234375,325.5931052791262,317.67483390975656,323.04038414975616,28865100
2022-01-04,316.9330749511719,322.89586164300437,314.1491437576021,322.5394184991603,32674300
2022-01-05,304.7667541503906,314.10106904450225,304.38144269065833,313.89875627530427,40054300
2022-01-06,302.35845947265625,307.0015395240339,300.0561747269668,301.65524488813156,39646100
2022-01-07,302.5125732421875,304.88226603603744,298.7075537396608,302.61852137240913,32720000
2022-01-10,302.734130859375,303.1676245403952,293.505795319919,298.1295907297212,44289500
2022-01-11,303.41815185546875,304.9882953319469,298.5149922011219,301.87687660639506,29386800
2022-01-12,306.58734130859375,311.5386828731419,305.44101995485215,307.9359754170271,34372200
2022-01-13,293.6117858886719,309.10155860505483,292.8411630081282,308.7066048246282,45366000
2022-01-14,298.8135986328125,299.41083578565286,292.6003449804489,293.0819916388529,39846400
2022-01-18,291.54058837890625,298.4281266889173,290.66398831801524,292.90847722270786,42333200
2022-01-19,292.1956787109375,302.3873360187906,291.58882876082123,295.0470474103309,45933900
2022-01-20,290.5291748046875,300.2102576999121,290.08606825576,297.7249746936836,35380700
2022-01-21,285.1636657714844,292.94706137271686,284.7590697196657,291.5792015826187,57984400
2022-01-24,285.4910888671875,286.2039161480979,265.91697167463366,281.47417426317253,85731500
2022-01-25,277.900390625,284.16179518047517,274.70228017866594,280.8191672649652,72848600
2022-01-26,285.8187255859375,297.1759609807795,282.27381356056463,296.68467202710303,90428900
2022-01-27,288.83380126953125,296.019959606394,286.9939079100606,291.55029488282537,53481300
2022-01-28,296.9447021484375,297.1566277790234,283.6416285034805,289.20946072810676,49743700
2022-01-31,299.56488037109375,300.9134847485598,295.1240841669652,297.60939667442534,46444500
2022-02-01,297.4263000488281,299.22765291585466,293.92954241407597,299.015727319889,40950400
2022-02-02,301.9538879394531,303.5529582305001,297.5420178765897,298.2644877997953,36636000
2022-02-03,290.19207763671875,299.8057543934319,288.94942117258597,298.12960422865086,43730000
2022-02-04,294.7098693847656,297.4648733158477,288.95900886982764,289.1901897878569,35096500
2022-02-07,289.9030456542969,296.54011926462067,288.8915703465275,294.93143638637616,28533300
2022-02-08,293.38055419921875,294.34384733210226,288.9397869673649,290.1920562811641,32421200
2022-02-09,299.7864074707031,300.47997960930934,296.10665053831843,298.49559837334124,31284700
2022-02-10,291.2806091308594,297.77319603906335,289.6622835734979,292.879679406839,45386200
2022-02-11,284.21002197265625,293.12048369685596,283.4201145266006,292.06085534207085,39175600
2022-02-14,284.17144775390625,285.866852917156,280.65543402557785,282.9865867276755,36359500
2022-02-15,289.4406433105469,289.7585170595813,286.11727076561556,288.9975367703456,27058300
2022-02-16,289.10284423828125,290.42527991431285,283.48487872602993,288.0120675250117,29982100
2022-02-17,280.6373596191406,286.49661803620563,279.9326908613435,286.07189021755596,32461600
2022-02-18,277.9344787597656,283.65861124098427,276.37072190934305,282.876732815773,34264000
2022-02-22,277.7317199707031,281.4191146598271,274.62350200344525,275.10614436197505,41736100
2022-02-23,270.5404052734375,281.5736347601143,270.37632332672223,280.10638276693766,37811200
2022-02-24,284.36328125,284.9135007247491,262.094151059809,263.0498031628359,56989700
2022-02-25,286.9888610839844,287.2977593325136,281.52534482802724,284.8942092758671,32546700
2022-02-28,288.41754150390625,288.7553971784616,282.82853256098537,284.0930536775572,34627500
2022-03-01,284.7108459472656,289.5565664408294,282.00803005009567,286.1104916374732,31217800
2022-03-02,289.76885986328125,291.00442328606925,283.504170648304,285.10651756719705,31873000
2022-03-03,285.64715576171875,292.6068524998791,283.8420480314748,292.37519352194875,27314500
2022-03-04,279.7974853515625,285.3961558141852,277.20089590151974,284.07372012763096,32356500
2022-03-07,269.2275695800781,279.63333786848386,268.8607566666478,278.5136040383842,43157200
2022-03-08,266.2738952636719,274.10234312414246,260.6269716528933,268.1561834951562,48159500
2022-03-09,278.4847106933594,279.5465300399745,271.03270963096804,273.6003711570887,35204500
2022-03-10,275.67572021484375,276.65066742284495,270.83963327856327,273.1949308694663,30628000
2022-03-11,270.34735107421875,279.4596429563479,269.7295545935928,277.9634336750457,27209300
2022-03-14,266.8434143066406,275.4923605188957,266.2449422604004,270.6080202895737,30660700
2022-03-15,277.18157958984375,277.8283334961411,269.0538964529326,270.6176534268287,34245100
2022-03-16,284.1701965332031,284.34394072120614,273.3686576400486,279.07346468655453,37826300
2022-03-17,284.9714660644531,285.34791193212243,279.32454238410753,283.10847290668306,30816600
2022-03-18,290.00054931640625,290.55076880569743,282.56787290557435,285.11620984529543,43390600
2022-03-21,288.77459716796875,289.7205868535309,284.6624745949612,288.51398088334355,28351200
2022-03-22,293.5045471191406,294.4119173522232,288.39818135350095,289.39242369934766,27599700
2022-03-23,289.0931701660156,292.7033557846491,287.3846264690427,290.0777796338965,25715400
2022-03-24,293.543212890625,293.6397472949178,287.96386603720487,288.7554069109761,24484500
2022-03-25,293.1376953125,294.89452080427003,288.90011015175327,294.63390450047564,22566500
2022-03-28,299.9140319824219,300.0105369064653,293.7651423882981,293.7651423882981,29578200
2022-03-29,304.46044921875,304.8562194787221,298.32122323962943,303.01252217608913,30393400
2022-03-30,302.9643249511719,304.9817964510435,300.76347640947125,302.86782002120697,28163600
2022-03-31,297.60699462890625,304.19990720218783,297.20159145457893,303.0029338565664,33422100
2022-04-01,298.678466796875,299.36381082776825,294.9331566706007,298.6301848769681,27110500
2022-04-04,304.0357360839844,304.1708606294997,298.9583289191664,299.3251418340904,24289600
2022-04-05,300.0877685546875,303.93924580373067,299.11282139815006,302.3947841023135,23156700
2022-04-06,289.10284423828125,296.3424814061848,286.4096909635366,294.59531799298344,40110400
2022-04-07,290.90789794921875,293.1087462850132,286.06217848359114,286.36141443806906,31411200
2022-04-08,286.6606750488281,290.6666017314044,285.99462607140345,290.01021503016705,24361900
2022-04-11,275.3571472167969,282.4519668205672,275.10616374606843,281.66045568500346,34569300
2022-04-12,272.26824951171875,280.6469151575573,270.75274518786716,279.1989878449197,30966700
2022-04-13,277.63519287109375,278.56185797543264,271.53458622971164,272.91496579941685,21907200
2022-04-14,270.1156311035156,278.3012567664223,269.6233558898287,278.0888929332903,28221600
2022-04-18,270.7817687988281,272.654424271278,268.6774543262942,269.2276739096577,20778000
2022-04-19,275.39569091796875,276.2355132840899,268.7448951895484,269.68122245136607,22297700
2022-04-20,276.4190673828125,279.6431460098901,275.4634444211474,279.3535427627837,22906700
2022-04-21,271.0616760253906,283.11807613900845,270.33771228198214,278.56192980216474,29454600
2022-04-22,264.5169677734375,273.36864152138946,263.88953860387505,271.901389909691,29405800
2022-04-25,270.97479248046875,271.351238292918,261.3701954398088,263.8027323682706,35678900
2022-04-26,260.83929443359375,268.6966984296061,260.6269305710984,267.86656753140664,46518400
2022-04-27,273.3879699707031,280.86892738240044,269.46891592845344,272.30685567741426,63477700
2022-04-28,279.575439453125,280.8785798159734,271.6890497286869,275.28957261335694,33646600
2022-04-29,267.88592529296875,279.81686511286546,266.90134504097585,278.5909341142436,37073900
2022-05-02,274.5946044921875,275.0482895864189,266.63100384066234,268.06926895596354,35151100
2022-05-03,271.99798583984375,274.26641131232816,270.42456669386183,274.10229991297473,25978600
2022-05-04,279.913330078125,280.7820806094394,267.1233049625317,272.77986042090856,33599300
2022-05-05,267.7218322753906,276.40939830190524,264.8163146554661,275.627519716172,43260400
2022-05-06,265.1927490234375,269.55582646003774,261.8528418348636,265.26995885904273,37780300
2022-05-09,255.3950653076172,262.90498063444784,254.17882636789196,260.6848371526901,47726000
2022-05-10,260.1443176269531,264.24677903665463,255.86811198044657,262.2582942158993,39336400
2022-05-11,251.50497436523438,261.93970200384274,250.298368214071,256.45689072291424,48975900
2022-05-12,246.48553466796875,250.85827461107095,241.3405637664361,248.74429806988636,51033800
2022-05-13,252.05520629882812,253.90856640021337,246.48552263469378,248.41609257198036,34925100
2022-05-16,252.4219512939453,256.59198830497184,246.90052158253565,250.93540459444807,32550900
2022-05-17,257.55731201171875,259.0148721108303,253.34865472681068,256.87193855498094,28828800
2022-05-18,245.83084106445312,255.04176140596195,244.56337491481253,254.4612355715473,31356000
2022-05-19,244.92132568359375,249.30426416130737,243.7022393056512,245.65664551679004,32692300
2022-05-20,244.36016845703125,250.1460272870901,238.43887034074822,248.8882164839808,39199300
2022-05-23,252.1875,253.0099090514097,245.20190974301659,247.19504035705393,33175400
2022-05-24,251.19100952148438,252.84548332147156,245.2697100042458,249.51719568368034,29043900
2022-05-25,253.99679565429688,255.98991161054977,248.78180725280606,249.75902519728396,28547900
2022-05-26,257.2670593261719,258.43776617311875,252.9421849537325,253.7549092585627,25002100
2022-05-27,264.3687438964844,264.46550311516876,258.87316278571984,259.763306260141,26910800
2022-05-31,263.043212890625,265.8490529082615,260.1986632824182,263.6817882645863,37827700
2022-06-01,263.575439453125,268.67432940880065,261.27270543224773,266.2651808958061,25292200
2022-06-02,265.665283203125,265.73301762123407,253.10671973952768,255.86419557770878,44008200
2022-06-03,261.2532958984375,264.5719571114333,259.6955816677973,261.5338887851949,28059000
2022-06-06,260.0245361328125,265.2782340927179,258.5442115825969,263.2270685226695,22400300
2022-06-07,263.65277099609375,264.26232157625736,257.3057561922374,257.9830411761452,22860700
2022-06-08,261.63067626953125,264.1365839069745,260.8566319339603,262.88845771552224,17372300
2022-06-09,256.193115234375,263.8559613723618,256.0383063846379,259.08602995149107,26439700
2022-06-10,244.77621459960938,252.11977283149906,244.33114285896366,252.11977283149906,31422800
2022-06-13,234.39456176757812,240.9350949240482,233.6882667435192,237.1520369876546,46135800
2022-06-14,236.5522003173828,237.76161683238632,233.66894071597716,235.9426496695378,28651500
2022-06-15,243.5861358642578,247.01121141715927,238.41951248541616,240.24814951336052,33111700
2022-06-16,237.01657104492188,239.38702405079715,235.12988456120002,237.99377410485405,33169200
2022-06-17,239.60955810546875,242.3670332514068,236.10709312767509,236.7553385108733,43084800
2022-06-21,245.50186157226562,246.4790647181553,241.40918580520898,242.13483565226932,29928300
2022-06-22,244.9116668701172,248.82050899795738,242.24126597240473,243.71192046945043,25939900
2022-06-23,250.4556427001953,250.9490941058249,245.39546270431345,247.27247956979176,25861400
2022-06-24,259.00860595703125,259.2795140264686,253.2227477629766,253.30982219314234,33923200
2022-06-27,256.2899169921875,259.589179651512,254.73217298282648,259.5021051953525,24615100
2022-06-28,248.15292358398438,258.2442876848407,247.99811473013298,255.40942252018837,27295500
2022-06-29,251.8101806640625,253.46465404099425,247.45626683639776,249.22685422747804,20069800
2022-06-30,248.4915313720703,251.10388274506582,244.68913309560924,248.70438985080898,31730900
2022-07-01,251.15228271484375,251.33611640522454,246.34365576375197,248.06587863167437,22837700
2022-07-05,254.3160858154297,254.44186984497523,246.4693916427345,247.84328689784448,22941000
2022-07-06,257.5670166015625,259.28922459470346,253.8807173042958,255.18689308896802,23824400
2022-07-07,259.6858825683594,260.324457968474,256.4156159102422,256.5123751272476,20859900
2022-07-08,258.96990966796875,259.395626588486,254.74179480110894,256.1930944319359,19658800
2022-07-11,255.9222412109375,257.8766478364502,253.66787209945863,257.0252138128929,19455200
2022-07-12,245.4341278076172,257.3057634702687,243.8570440782721,257.2477138444937,35868500
2022-07-13,244.51495361328125,245.3180078165061,240.05462566158542,242.06709617748936,29497400
2022-07-14,245.83084106445312,246.85642391031848,237.95512128406688,242.4348047942675,25102800
2022-07-15,248.38514709472656,251.9166376936757,246.4984601341457,247.41761380587624,29774100
2022-07-18,245.9952850341797,252.37132447376123,245.07613156293314,251.31671696215605,20975000
2022-07-19,251.10386657714844,251.28770022998475,245.44379198460823,249.21716520404595,25012600
2022-07-20,253.7548828125,256.2704746520032,250.5039859319842,251.46183420449947,22788300
2022-07-21,256.24151611328125,256.2899104944366,248.6850833881356,251.35548474975212,22404700
2022-07-22,251.90692138671875,256.71556241158675,250.65882485957425,256.62848796970013,21881300
2022-07-25,250.42660522460938,253.00993186101113,248.4721987897753,252.52616526089446,21056000
2022-07-26,243.7216033935547,251.44252883940965,241.46726406430727,251.42315927857734,39348000
2022-07-27,260.014892578125,261.2823588535323,250.4460034852064,252.68100307171994,45994000
2022-07-28,267.4358215332031,268.81938674780196,259.17308078267786,260.9920476929204,33459300
2022-07-29,271.625244140625,272.8443453449876,267.64869711004144,268.6839646557535,32152800
2022-08-01,268.9838562011719,272.1476784512212,266.88429661951363,268.80002257079224,21539600
2022-08-02,265.89752197265625,268.867856439552,263.5367382397174,267.0392042376813,22754200
2022-08-03,273.299072265625,274.29563016416313,267.6293130218933,267.77446660635644,23518900
2022-08-04,274.44073486328125,274.58585891074097,271.0737388551581,272.6507928732396,18098700
2022-08-05,273.724853515625,274.4408187197017,269.6321769661417,270.0869188049732,16774600
2022-08-08,271.2188720703125,276.6370630638141,270.25133901885744,274.82775145511005,18739200
2022-08-09,273.1346435546875,273.8893183608111,268.59690993620944,270.5610309152516,23405200
2022-08-10,279.7718811035156,280.40077172746834,277.62395639158353,278.81403276129174,24687800
2022-08-11,277.70135498046875,281.7553212542064,277.20793315057733,281.40702349193015,20065900
2022-08-12,282.43255615234375,282.43255615234375,277.6239160535678,279.1139251124632,22619700
2022-08-15,283.94195556640625,284.62889583747915,280.6910288186994,281.55214749764076,18085700
2022-08-16,283.20660400390625,284.49343955539996,280.99097447536275,282.5099789943521,18102900
2022-08-17,282.4600830078125,284.4283433719824,280.6663411966556,280.9281190261752,18253400
2022-08-18,281.34503173828125,283.0321034033775,280.2881560238518,281.36441282325103,17186200
2022-08-19,277.447265625,280.4529907173876,276.8752129457477,280.11362940883,20570000
2022-08-22,269.3027648925781,273.869510964488,268.7888850126345,273.50106320350113,25061100
2022-08-23,268.0325622558594,270.3789456095567,267.0241837556368,268.0325622558594,17527400
2022-08-24,267.40240478515625,268.7986124206689,266.7430631426748,267.03395699391723,18137000
2022-08-25,270.3692932128906,270.5341064037505,266.170965672793,268.89550229541334,16583400
2022-08-26,259.9365539550781,271.813993730699,259.82991359676106,270.59230474229855,27549300
2022-08-29,257.1634826660156,259.26746916598336,255.82544832955261,257.7646216660064,20338500
2022-08-30,254.97225952148438,258.92816091829354,252.73251622654692,258.559742764077,22767100
2022-08-31,253.5178680419922,258.986322342565,253.38211168370708,257.3186614112336,24791800
2022-09-01,252.48037719726562,252.95549481319304,247.64214890957027,250.99691069203294,23263400
2022-09-02,248.27243041992188,256.68843798920335,246.73079073027628,253.7409149849548,22855400
2022-09-06,245.54788208007812,249.98857705648493,244.27772561001785,248.40817526683784,21328200
2022-09-07,250.2406768798828,250.95816170983366,245.51879346007277,246.95377791469627,24126700
2022-09-08,250.65756225585938,252.50947654562356,247.04100773001082,249.67829973457307,20319900
2022-09-09,256.4168701171875,257.1634707543798,252.37371046804242,252.57731537389688,22084700
2022-09-12,258.5403137207031,259.31600091262334,257.09563886057305,257.69677794091064,18747700
2022-09-13,244.32618713378906,252.48040101382477,243.93834353048703,250.96784794774865,33353300
2022-09-14,244.54917907714844,246.4980431807775,242.26095368229554,245.81933539304998,23913000
2022-09-15,237.91720581054688,243.75410750034436,236.59856721458627,242.1736911292833,31530900
2022-09-16,237.29669189453125,237.83965816543386,234.69819143342704,236.8312795525679,39791800
2022-09-19,237.0833740234375,237.68451311918642,233.5249921595804,235.09571807800603,26826900
2022-09-20,235.0763397216797,236.10409946317117,232.35180291402574,234.7079067620096,26660300
2022-09-21,231.68276977539062,240.12787756364517,231.634287475008,236.84097880590735,28625600
2022-09-22,233.6510467529297,236.44346175605514,230.3447666716902,230.6356309055808,31061200
2022-09-23,230.68409729003906,233.79647753038185,228.04681992346752,232.25482322354088,34176000
2022-09-26,230.2283935546875,234.106740937524,229.69511783060327,229.84056473429231,27694200
2022-09-27,229.22003173828125,234.44610429031408,227.36811729613822,232.68144911431068,27018700
2022-09-28,233.73831176757812,234.95998588678188,227.5911198226186,229.60786226959718,29029700
2022-09-29,230.27685546875,232.65234007148365,227.28083593148932,231.6245804731783,27484200
2022-09-30,225.81678771972656,233.22443119574095,225.65195971871543,231.0428606260345,35694800
2022-10-03,233.41836547851562,234.26190138278793,227.52327510247312,228.2504653081486,28880400
2022-10-04,241.31077575683594,242.74576012730563,237.529378230904,237.63603337433412,34888400
2022-10-05,241.6210174560547,242.95905191818485,236.676133860509,238.5086522437778,20347100
2022-10-06,239.28436279296875,242.72639950945782,238.5959643265048,240.3896913514899,20239900
2022-10-07,227.11602783203125,233.98070446797666,226.07856280672056,233.57346497384196,37769600
2022-10-10,222.27777099609375,227.42627446967683,219.83440814949287,225.96220374690327,29743600
2022-10-11,218.55458068847656,222.0935668585732,217.29411479408543,220.69735939369207,30474000
2022-10-12,218.8842010498047,220.93002961153846,217.1486473385325,218.5448397814522,21903900
2022-10-13,227.11602783203125,228.91945995498912,212.46557001660585,213.163673728378,42551800
2022-10-14,221.60873413085938,230.02475439325377,221.3954238729488,228.376445164905,30198600
2022-10-17,230.3059539794922,231.69247081215326,227.98864209353195,228.64796881811276,28142300
2022-10-18,231.24649047851562,236.51134058165383,228.21167855259944,235.84233800532098,26329600
2022-10-19,229.2879180908203,232.32272998256715,227.16452030041103,229.8308844163688,19985700
2022-10-20,228.96792602539062,233.97099766347205,227.72685605551754,228.59949308712024,21811000
2022-10-21,234.75634765625,235.6095887613836,227.3681010886603,227.6008072431659,26299700
2022-10-24,239.7303466796875,240.30239936572295,233.96130792884753,236.34648327507583,24911200
2022-10-25,243.03665161132812,243.40508456640856,238.3535451916917,239.74004733273168,34775500
2022-10-26,224.28485107421875,231.05256356203466,223.06316209926047,224.13940416091688,82543200
2022-10-27,219.85385131835938,226.58278743700097,218.9133507487669,224.0133730210549,40424600
2022-10-28,228.69642639160156,229.40423538492817,219.17509201652825,219.35931586973052,40647700
2022-10-31,225.07017517089844,227.77531567159568,224.11996951147225,226.65059150006238,28357300
2022-11-01,221.23065185546875,228.57043214353084,220.41620237096575,227.46510361607025,30592300
2022-11-02,213.4060516357422,224.2654203807508,213.34786400262064,222.48138429440567,38407000
2022-11-03,207.7340087890625,213.7066680884104,207.47221616405207,213.39639315584648,36633900
2022-11-04,214.65684509277344,214.8507595155396,206.93892679101333,210.93363491466297,36789100
2022-11-07,220.93972778320312,221.4633129127604,214.55015465736406,215.23856775890204,33498000
2022-11-08,221.90936279296875,224.60481335809473,218.97151548785143,221.74453478514138,28192500
2022-11-09,217.6819305419922,221.6766382807976,217.5074120167321,220.45494942509427,27852900
2022-11-10,235.59024047851562,235.92960183972272,227.85294051339187,228.2698558137152,46268000
2022-11-11,239.59461975097656,240.4478609583566,234.5721519094285,235.59992645228266,34620200
2022-11-14,234.20370483398438,236.491930374749,231.9348751725974,234.63032541196574,31123300
2022-11-15,234.61093139648438,239.4879520708681,232.72993053937964,238.18870924194545,31390100
2022-11-16,235.03872680664062,237.05143476413045,233.76499097023776,236.06938283193108,24093300
2022-11-17,234.99009704589844,236.51664531080124,231.05221615651442,231.19805810189396,23123500
2022-11-18,234.5428466796875,236.9930953021771,232.41346518460608,236.7694511962655,27613500
2022-11-21,235.34986877441406,237.8973403680741,234.5136736567099,234.74702077282302,26394700
2022-11-22,238.24737548828125,238.51962368090963,234.04696420457608,236.8472334482416,19665700
2022-11-23,240.726806640625,241.40742716232413,237.50843223083618,238.32517685687512,19508500
2022-11-25,240.6393280029297,241.81582614094168,239.90035578095558,240.46430280009824,9200800
2022-11-28,235.0679168701172,239.8225578203936,234.13449861777707,239.26834351489458,24778200
2022-11-29,233.67750549316406,236.069402727706,231.61619326885713,234.71787945747192,17956300
2022-11-30,248.07754516601562,248.2622882065125,233.22050747543122,233.9108607052224,47594200
2022-12-01,247.63999938964844,249.03040883628205,243.97435155588244,246.84269045988094,26041500
2022-12-02,247.96090698242188,248.97211266889659,242.77844260274807,242.90484887721385,21528500
2022-12-05,243.27430725097656,246.7941135147601,241.19354435975268,245.03420296466012,23435300
2022-12-06,238.3349151611328,244.88835294425144,237.03201078829815,243.8771473447241,22463700
2022-12-07,237.60565185546875,239.34611163220632,235.50545353805643,238.05292524127822,20481500
2022-12-08,240.5518035888672,241.854722806182,236.3319411296729,238.06266840254827,22611800
2022-12-09,238.6265869140625,241.43658893378702,237.40147000859437,237.92651587196235,20609700
2022-12-12,245.52035522460938,245.54952361837397,240.3281734246865,240.60042165743343,30665100
2022-12-13,249.8083038330078,256.61453937496145,246.06486835036688,254.44625651294808,42196900
2022-12-14,250.0999755859375,255.32132556389985,247.27052281634482,250.01247040825905,35410900
2022-12-15,242.1172332763672,247.16357301987648,240.49346176051932,246.69686389132764,35560400
2022-12-16,237.91680908203125,242.92424748334844,236.7694646066407,241.6699621291789,86102000
2022-12-19,233.79417419433594,238.42242358687312,232.1023480969562,238.08210589515767,29696400
2022-12-20,235.10682678222656,236.18610187706696,231.8203825618914,232.7732513908985,25150800
2022-12-21,237.66400146484375,238.82106381583225,233.4635897668888,234.99985605475112,23690600
2022-12-22,231.5967254638672,235.2915415960275,227.396299165475,234.5817378584511,28651700
2022-12-23,232.1217803955078,232.25790450291396,227.46437751544144,229.57430859844388,21207000
2022-12-27,230.4008026123047,232.31625810648032,229.30207698528272,232.09262880735398,16688600
2022-12-28,228.0380096435547,233.0843484187372,227.6879741552064,230.3326834368573,17457100
2022-12-29,234.3386688232422,235.2234829457409,229.12703678909463,229.12703678909463,19770700
2022-12-30,233.18161010742188,233.31773420922855,230.10907771074054,231.61617551843796,21938500
2023-01-03,232.94825744628906,238.9474656895386,230.82859367762717,236.35137496373926,25740000
2023-01-04,222.75833129882812,226.42396394538952,219.70524965027772,225.8502991867707,50623400
2023-01-05,216.15628051757812,221.25123850297186,215.62150198648686,220.9109208459828,39585600
2023-01-06,218.7037811279297,219.51080795719037,213.2782522890228,216.82721193090404,43613600
2023-01-09,220.83316040039062,224.8391261091335,220.14282198786435,220.18170823285104,27369800
2023-01-10,222.51527404785156,224.90717117777552,221.03734458217542,221.4554347527597,27033900
2023-01-11,229.2437286376953,229.41873899259986,224.71271707723938,224.88772743214392,28669300
2023-01-12,231.90786743164062,233.25939064495995,227.09488993594465,228.74782975392716,27269500
2023-01-13,232.6079559326172,232.74408004932297,228.41726187215806,230.4396879177981,21333300
2023-01-17,233.69696044921875,234.24145690846152,230.52718988997353,231.3828356610212,29831300
2023-01-18,229.28262329101562,235.67076853478866,229.0006572078567,234.88319223600368,30028700
2023-01-19,225.51004028320312,229.00067834361187,224.29464098489822,227.30883717926125,28623000
2023-01-20,233.57057189941406,234.0761821512317,228.01862149174536,228.35893922278777,35389800
2023-01-23,235.86520385742188,238.38350713722812,233.01630075916648,234.42617553130606,31934000
2023-01-24,235.34019470214844,237.19732842463722,233.78449247373834,235.78746818012206,40234400
2023-01-25,233.94976806640625,236.56530958865662,224.5085403000208,227.9894454823822,66526600
2023-01-26,241.1351776123047,241.43659421049372,235.30126202491022,236.90558287687787,33454500
2023-01-27,241.29075622558594,242.9145276437586,239.99756980206558,242.0977830088241,26498900
2023-01-30,235.9916229248047,238.80162509755758,235.4957305884033,237.74178578895192,25867400
2023-01-31,240.95045471191406,241.08657882687118,236.22498209780977,236.7111417707159,26541100
2023-02-01,245.75372314453125,248.1164521150048,238.67523924937854,241.13520609235906,31259900
2023-02-02,257.27569580078125,257.3632009780913,250.12914292548695,251.6556913662783,39940400
2023-02-03,251.19871520996094,256.8867894598402,249.98331599728726,252.35577763425286,29077300
2023-02-06,249.66244506835938,251.15009258378038,247.72753893121822,250.31391213131076,22518000
2023-02-07,260.1537170410156,261.33021493867875,252.88075890318808,253.31831440266953,50841400
2023-02-08,259.34674072265625,269.0991022332483,258.84111568990085,265.63764785701306,54686000
2023-02-09,256.3228759765625,266.39612198189866,255.5255668211164,266.221081910891,42375100
2023-02-10,255.81715393066406,256.77974031721595,253.44469301974019,254.29060586523408,25818500
2023-02-13,263.8096618652344,266.99886776795535,259.75507760072225,260.23153420322126,44630900
2023-02-14,264.63616943359375,267.3586517330217,261.8261522809417,265.12232910655104,37047900
2023-02-15,262.5209655761719,263.8953733913227,259.46022127566107,261.54621079213484,28922400
2023-02-16,255.53195190429688,260.00607263961115,255.28826321666222,257.35473852825965,29603600
2023-02-17,251.5452117919922,253.52396277124762,249.53721935972925,252.84165228535363,30000100
2023-02-21,246.291259765625,249.04007506409081,245.23852294112166,248.0555633319736,28397400
2023-02-22,245.16055297851562,247.91911060638247,244.0200917469653,247.6754219276689,22491100
2023-02-23,248.33827209472656,250.35600669518152,244.1565658834327,249.108321803698,29219100
2023-02-24,242.92835998535156,244.66342210762315,241.8366395147742,243.649683795455,24990900
2023-02-27,243.84461975097656,246.43747061453573,243.09405452761465,246.08655835575647,21190000
2023-02-28,243.12332153320312,245.1410709516809,242.4507383937105,242.78216630386783,22491000
2023-03-01,240.05284118652344,244.59518672884,239.58494822729267,244.4294802167035,27565300
2023-03-02,244.7706756591797,245.05334800361368,239.4095243197137,240.32579620114032,24808200
2023-03-03,248.8451385498047,249.16680940855414,245.04360089836098,245.8234076886405,30760100
2023-03-06,250.38522338867188,253.55317601638902,249.51769234094775,249.9563289608396,24109800
2023-03-07,247.73388671875,251.18452648625785,246.99307854410944,249.82960325303648,21473200
2023-03-08,247.29525756835938,248.11404792403098,244.47821715829852,247.62667058752513,17340200
2023-03-09,245.9501190185547,253.0073336989174,245.22879516854297,249.36176055143883,26653400
2023-03-10,242.31427001953125,246.40823683070676,241.3492723748031,244.74141460422547,28333900
2023-03-13,247.50970458984375,251.3989810865607,239.5264614444424,241.15429996225072,33339700
2023-03-14,254.20628356933594,254.47921369225799,249.4007352202757,250.26826629818711,33620300
2023-03-15,258.7388916015625,259.7526448252449,252.66615907277222,253.41673923474747,46028000
2023-03-16,269.2272644042969,269.57816182335324,256.6334203873444,258.514689849532,54768800
2023-03-17,272.37567138671875,276.1772083863334,269.3441988521381,271.23522516040924,69527400
2023-03-20,265.357421875,270.4748828771733,263.03750146113805,269.9875056388711,43466600
2023-03-21,266.86834716796875,268.0575491212291,262.7158825243108,267.94058331388436,34558700
2023-03-22,265.41595458984375,273.9450578612845,265.3087161087697,266.4979179833595,34873300
2023-03-23,270.6504211425781,273.9645815107582,268.2525326655101,270.9233512964952,36610900
2023-03-24,273.4869079589844,273.54539085578926,268.33044774491924,270.2409584505626,28172000
2023-03-27,269.4026794433594,274.3544196920251,268.56437502402,273.41866361100745,26840200
2023-03-28,268.2817687988281,269.1687992182552,265.18202599070054,268.8276290958363,21878600
2023-03-29,273.42840576171875,274.0425058819728,271.38141527658803,271.91751837517444,25087000
2023-03-30,276.8790283203125,277.2786812703255,274.3739316415299,277.0545067536676,25053400
2023-03-31,281.021728515625,281.9672416312898,275.85554123239365,276.5671227721079,32766000
2023-04-03,279.978759765625,280.9924830784479,276.7815660353918,279.28666261801845,24883300
2023-04-04,279.9300537109375,283.1175206876223,278.4581943099055,279.9788092952923,25824300
2023-04-05,277.1617126464844,279.90077062602654,275.7775778065867,278.63360157573726,22064800
2023-04-06,284.2384948730469,284.70635812116194,274.91008465074276,276.06028813189846,29770300
2023-04-10,282.08428955078125,282.2889797177499,277.5224147425445,281.90881108908263,23103000
2023-04-11,275.6898498535156,278.7603508575734,274.5299191651681,278.5361465748028,27276600
2023-04-12,276.3332214355469,279.7643772791171,274.84184782081707,277.60042049037634,27403400
2023-04-13,282.52288818359375,282.58137108364906,276.02129123451107,276.4306715348985,24222700
2023-04-14,278.9162902832031,281.19721243469814,276.52812965920475,279.7545649448243,20987900
2023-04-17,281.5091552734375,284.23848637686285,278.93581824426053,282.6106328823751,23836200
2023-04-18,281.0899658203125,284.39439803515654,279.7643139062447,284.2091922902282,20161800
2023-04-19,281.16802978515625,281.75285885875036,277.3567350040731,278.7701115947992,17150300
2023-04-20,278.88702392578125,281.7333204424285,277.88302787911294,278.0487492496202,23244400
2023-04-21,278.5458984375,279.04300308117706,275.91404898236954,277.8148324496472,21676400
2023-04-24,274.65655517578125,277.75629698549113,271.6835659533402,274.96848374421614,26611000
2023-04-25,268.4668884277344,274.49086389532874,268.41813285609015,272.453630628669,45772200
2023-04-26,287.913330078125,292.00731227294943,285.33999278918486,289.20977066358734,64599200
2023-04-27,297.134521484375,297.4952057830536,287.7963826812161,288.4982073953377,46462600
2023-04-28,299.5030822753906,301.130905659633,295.6527900361445,296.33513009659094,36469600
2023-05-01,297.8460388183594,300.80930138647517,297.44638582832135,299.2204464922504,21294100
2023-05-02,297.6997985839844,301.37461262601437,296.23766672018985,299.9904777866923,26404400
2023-05-03,296.71533203125,300.819041090019,296.4131604465873,298.8792887083803,22360800
2023-05-04,297.6997985839844,299.9904777866923,295.7405323674121,298.50883179320516,22519900
2023-05-05,302.80755615234375,304.09423955747224,296.58861610804354,298.00202238980415,28197100
2023-05-08,300.8580322265625,302.36891985995953,298.3626625741606,302.30067989163814,21318600
2023-05-09,299.24969482421875,302.2129574604757,298.5771116971217,300.22444953048654,21340800
2023-05-10,304.4256896972656,305.09827293430556,299.90284258938135,300.82884186341124,30078000
2023-05-11,302.28118896484375,303.26570080657984,298.5284068792122,302.2714616451602,31680200
2023-05-12,301.169921875,302.8075024197668,298.85975829449876,302.7100210129512,19774700
2023-05-15,301.6475524902344,302.07644689728147,299.82476613385916,301.2966551101867,16336500
2023-05-16,303.8699645996094,305.79023219423584,302.0081798964215,302.0081798964215,26730300
2023-05-17,306.7420349121094,307.1620885056331,303.55737876771076,305.0715691203483,24315000
2023-05-18,311.1575927734375,311.665592368816,306.4685537852504,307.2598287418547,27276000
2023-05-19,310.9817199707031,311.3822465947649,309.05725438357535,309.4186972410466,27546700
2023-05-22,313.75604248046875,315.13345445816,310.6593324882453,311.23569129102225,24115700
2023-05-23,307.9729309082031,315.26048835857114,307.9631525133489,312.63266399021563,30797200
2023-05-24,306.59552001953125,309.18426063109985,305.384161727715,307.4551840291494,23384900
2023-05-25,318.3865661621094,319.3438949651791,312.6033903237595,315.7684901108892,43301700
2023-05-26,325.1954345703125,325.69362591247574,316.3936865085404,316.53043497879963,36630600
2023-05-30,323.5542297363281,327.9795197443462,322.8801763737934,327.4813284245179,29503100
2023-05-31,320.7995300292969,328.1750056152529,319.7640036932789,324.6093785426529,45950600
2023-06-01,324.8925476074219,325.8206007034054,317.2142423331167,318.39626537207107,26773900
2023-06-02,327.64739990234375,329.6988654721622,324.8632701870316,326.5239875083562,25873800
2023-06-05,328.17486572265625,330.7343005608071,326.9244536714919,327.47150708061537,21307100
2023-06-06,325.9671936035156,327.61813272213266,324.49211655757586,327.5790489490728,20396200
2023-06-07,315.9052734375,326.75845825838536,315.045609330463,323.9841067025186,40717100
2023-06-08,317.7418212890625,319.0899281933469,315.8759662068324,316.45232513607897,23277700
2023-06-09,319.2364196777344,322.3624353785323,316.9114274266321,317.47800789711727,22529000
2023-06-12,324.17950439453125,324.4237258036258,317.6441371021866,320.9850692837771,24260300
2023-06-13,326.56304931640625,329.19087359317086,322.75320197847674,326.7388815445772,22951300
2023-06-14,329.5426025390625,331.2033200737011,325.1173117243528,326.61194558065387,26003800
2023-06-15,340.0538330078125,341.7536041604146,329.40578750574196,329.6793142407834,38899100
2023-06-16,334.417236328125,343.3459850753044,334.04604484014123,343.1994581968657,46552000
2023-06-20,330.23614501953125,334.17299255500126,328.09676330100183,331.4670303403785,26375400
2023-06-21,325.8499450683594,329.923570971666,324.3943951235906,328.59499110748806,25117800
2023-06-22,331.8578186035156,332.2583453008443,325.63506173065974,326.39703135157714,23556800
2023-06-23,327.27618408203125,330.1482299651682,325.74249643584824,326.6314360457984,23146900
2023-06-26,321.00457763671875,328.3409673865728,320.89710473059927,326.00622657027685,21520600
2023-06-27,326.83660888671875,328.3800749537934,321.6884029069419,324.1892275549751,24354100
2023-06-28,328.0870361328125,330.1678072397065,326.0941811528345,326.92453987884056,20259500
2023-06-29,327.30548095703125,328.3409772213773,324.93165630266327,326.97334345829574,16997000
2023-06-30,332.6686096191406,334.80799133337183,329.40581549810116,329.94309061938924,26832800
2023-07-03,330.17755126953125,333.02029191600536,328.7903904255227,331.3498259032752,12508700
2023-07-05,330.33380126953125,333.75290026498266,326.99286980308096,327.3445342470537,18172400
2023-07-06,333.3817443847656,335.0619888415349,327.7451250968569,329.50350728576706,28161200
2023-07-07,329.4253845214844,333.8897591570252,329.210468483103,331.47685037654594,21214800
2023-07-10,324.1598815917969,327.48131592887023,320.01789687690416,326.86587333332807,32791400
2023-07-11,324.78515625,325.1661261312258,319.441590831674,323.4077439781263,26698200
2023-07-12,329.40582275390625,333.75294560855826,327.91118903960694,328.8196854554752,29995300
2023-07-13,334.7396240234375,335.7946473564409,331.18374612162296,331.711272694216,20567200
2023-07-14,337.25994873046875,343.3068725083686,336.35145234816736,339.55563567406386,28352700
2023-07-17,337.73870849609375,338.9695642229461,334.29030311956524,337.689846323102,20363900
2023-07-18,351.1805419921875,358.3020452926389,334.2609086018875,337.83628312548785,64738600
2023-07-19,346.87249755859375,354.0819174710134,344.29353528638507,353.38833709875524,39732900
2023-07-20,338.852294921875,349.6957307761419,337.3869665581141,345.3974402048797,33778400
2023-07-21,335.8239440917969,342.20300571747845,331.97501253322577,341.07959326630163,69405400
2023-07-24,337.1329650878906,338.901155398555,334.397697414045,337.8558806826926,26678100
2023-07-25,342.86737060546875,343.756340213715,337.093972256652,339.08679771803,41637700
2023-07-26,329.962646484375,336.70318113968654,325.4103558990967,333.547829841797,58383700
2023-07-27,323.0755920410156,333.4403334728924,321.4441800463063,332.61000460063315,39635300
2023-07-28,330.54876708984375,332.1508737419497,325.46897998950345,325.95742277677743,28484900
2023-07-31,328.1554870605469,329.89434257090187,325.6546320157623,329.1323728486607,25446000
2023-08-01,328.5657653808594,330.71492605910436,325.986802379154,327.44235267676305,18311900
2023-08-02,319.92999267578125,325.9183054002414,318.81632892578153,325.9183054002414,27761300
2023-08-03,319.10943603515625,322.25500868577666,318.415855644904,318.46468799733185,18253700
2023-08-04,320.20355224609375,327.393445572908,319.67602568873457,324.20878906184083,23741500
2023-08-07,322.4797058105469,323.4565914550908,319.94957556864017,320.7799343289393,17741500
2023-08-08,318.5135192871094,321.151122177393,315.5340303066097,319.4024887084689,22327600
2023-08-09,314.7818908691406,319.54906805843905,313.62914308212316,318.92387671073834,22373300
2023-08-10,315.4656982421875,320.67251582192995,313.7561482330681,318.48427153797036,20113700
2023-08-11,313.5899963378906,314.9576299552727,311.83158470510494,312.85733227727417,24355500
2023-08-14,316.5499572753906,316.5694842512484,312.68146957881606,313.96121689583384,18836100
2023-08-15,314.42034912109375,317.5756999823602,313.48254739923874,315.53401288819225,16966300
2023-08-16,313.6567687988281,317.59218190962685,313.0693905863645,314.0483443153716,20698900
2023-08-17,310.2109069824219,315.09587723168505,309.5549947446499,313.7938817302348,21257200
2023-08-18,309.8193359375,311.679342341884,304.99307058455463,307.8711973932979,24755000
2023-08-21,315.1056213378906,315.9768745946358,310.36748902091307,311.2387422776583,24040000
2023-08-22,315.6734313964844,319.21723934340076,314.6944776045053,318.6494592891844,16084600
2023-08-23,320.1178894042969,322.2715996929162,316.6523846218089,317.00482352144604,21166400
2023-08-24,313.2358703613281,325.97206974501347,313.22607126255105,325.8448009621162,23281400
2023-08-25,316.1824951171875,318.5123799630537,312.09044570865603,314.70426538436715,21684100
2023-08-28,316.88739013671875,319.2858092722639,314.949050654982,318.8061314202153,14808500
2023-08-29,321.498291015625,322.05630197314525,315.10572250532454,315.10572250532454,19284600
2023-08-30,321.8702392578125,322.86876141280084,319.57949087262745,321.75276957784916,15222100
2023-08-31,320.8619689941406,323.9456680844239,319.90258332981267,322.2716651283224,26411000
2023-09-01,321.74298095703125,325.00288418337306,319.9025429102048,324.33720272503615,14942000
2023-09-05,326.530029296875,327.8026871669536,321.74296073160247,322.07580143984785,18553900
2023-09-06,325.8741455078125,327.42087936565457,323.23095829944674,326.3636224074877,17535800
2023-09-07,322.9666748046875,326.0699418421109,322.1051906191248,324.3176359252016,18381000
2023-09-08,327.2348937988281,329.0851309217736,322.5261281543159,323.14287386196446,19530100
2023-09-11,330.82769775390625,331.2976064014658,328.37051379787096,330.14241804396147,16583300
2023-09-12,324.78753662109375,329.7019045004539,324.5036614898463,328.75231798743556,17565500
2023-09-13,328.98724365234375,329.76062559468676,324.2001746396606,324.33721264984047,16544400
2023-09-14,331.5716857910156,333.68619984765456,329.48650927999284,332.01219710477335,20267000
2023-09-15,323.2701110839844,330.2989918946616,322.7121002719872,329.8291132111252,37679800
2023-09-18,322.1345520019531,323.4463465779978,319.4913646526402,320.90106058890035,16834200
2023-09-19,321.73321533203125,322.4576615829364,317.68036144314755,319.30542861366945,16505900
2023-09-20,314.01904296875,322.6534238453553,313.7645352608611,322.57512067569024,21436500
2023-09-21,312.8051452636719,318.50266425545,308.3704851953978,312.540838460042,35560400
2023-09-22,310.338134765625,314.6846917624831,309.4962190138313,314.5574229961994,21447900
2023-09-25,310.8570556640625,310.98432446171176,308.3705041858595,309.92703743147536,17836000
2023-09-26,305.5706481933594,309.2319257820145,303.49524107796117,308.4977104446982,26297600
2023-09-27,306.20697021484375,307.6851701509051,303.1722074325514,305.7272625333357,19410100
2023-09-28,307.0390930175781,308.84036447643473,302.9372740873856,304.4448414726015,19683600
2023-09-29,309.1046447753906,312.74635389934775,308.3508611473558,311.06255226407086,24147300
2023-10-02,315.02734375,315.1154758886586,308.5466739037748,309.62352913697714,20570000
2023-10-03,306.7943420410156,314.6259723470464,304.66020007739525,314.0777307403494,21033500
2023-10-04,312.2471008300781,313.3043876816742,307.3914982671209,307.420865686593,20720100
2023-10-05,312.6387023925781,313.2456789043345,308.2725763744339,312.3743955953389,16965600
2023-10-06,320.3724365234375,322.2618102249638,309.6430811517103,309.8878196065806,25673600
2023-10-09,322.8785705566406,323.3484492911128,316.37830256029935,317.9152672966711,19891200
2023-10-10,321.47869873046875,324.1316555430621,320.7738506985827,323.99458765130214,20557100
2023-10-11,325.4238586425781,325.8154342155564,322.21289114367397,324.2393029495446,20063200
2023-10-12,324.1903381347656,326.6083551720829,321.8016885159057,323.6127589882386,19313100
2023-10-13,320.83251953125,326.80411343693316,319.4913278140148,325.3846484410319,21072400
2023-10-16,325.6392517089844,329.0655904860134,323.6421773138597,324.08268866001004,22158000
2023-10-17,325.0713806152344,326.44190989346447,320.5192516418675,322.6533636519186,18338500
2023-10-18,323.1624450683594,328.5271229876209,321.3905409680336,325.4923600401383,23153600
2023-10-19,324.34698486328125,329.78996567974724,323.9456102144574,325.1595033838665,25052100
2023-10-20,319.7948913574219,324.93439945615916,318.60056637565555,324.7385967213242,25027700
2023-10-23,322.38909912109375,325.7273354388913,317.56286365993043,318.620120705819,24374700
2023-10-24,323.5736389160156,324.8560661648909,320.7053110922139,324.32742268148115,31153600
2023-10-25,333.500244140625,338.91385810810175,330.5144167677778,337.7586697804962,55053800
2023-10-26,320.9891662597656,334.4399815109655,320.05914822735156,333.3729254857893,37828500
2023-10-27,322.86871337890625,329.6332869465478,321.48838509409154,323.4756598852867,29856500
2023-10-30,330.2109375,332.3059131853902,324.8462593748241,326.393023266436,22828100
2023-10-31,330.9941101074219,331.86539347468425,327.6461042839537,331.7185563552872,20265300
2023-11-01,338.7865905761719,340.1081843444484,332.5016932588563,332.6387611479277,28158800
2023-11-02,340.9892272949219,341.48847346531505,337.5139230484177,339.93194035995595,24348100
2023-11-03,345.3748474121094,346.93141005833866,340.0199695710902,342.2715809671664,23637700
2023-11-06,349.02642822265625,350.0151812088652,345.91336203130555,346.0112633950899,23828300
2023-11-07,352.9422302246094,354.83160398439014,350.1032700356418,351.83600759444016,25833900
2023-11-08,355.5560607910156,356.2119431597548,352.9618091115113,354.0680317747925,26767800
2023-11-09,353.098876953125,357.1125938314782,352.77580544293505,354.67497835793193,24847300
2023-11-10,361.8898620605469,362.3108050217642,353.47085345970584,353.8819973228906,28042100
2023-11-13,358.9627685546875,360.715104203908,358.19918579348337,360.4703657564029,19986500
2023-11-14,362.4771728515625,364.1218377596641,359.6186448005375,363.2016188989832,27683900
2023-11-15,362.6244201660156,366.0184671527949,360.1131840283514,364.20372057822027,26860100
2023-11-16,369.00048828125,369.17705042836303,363.12463294088235,363.88976551430744,27182300
2023-11-17,362.80096435546875,367.23480603716206,360.0052770614011,366.4892814424939,40157000
2023-11-20,370.24627685546875,371.6490149349355,363.9290160684621,364.1448242296059,52465100
2023-11-21,365.9596252441406,369.049583062371,364.0467785330769,368.5100775469122,28423100
2023-11-22,370.6484680175781,372.5514954656195,367.8233538705503,370.7956031427492,23345300
2023-11-24,370.2364807128906,370.766197129462,367.99014782412655,370.1383806452385,10176600
2023-11-27,371.3939514160156,373.3852898149662,369.02991062580026,369.59884307126106,22179200
2023-11-28,375.4060974121094,375.70036771009086,370.952617308365,371.1389984757335,20453100
2023-11-29,371.6294250488281,376.97553440384473,370.24629493974936,376.44584793002184,28963400
2023-11-30,371.6882629394531,372.8457658390955,368.313824366715,371.2762546529022,30554400
2023-12-01,367.37213134765625,370.95255911244834,364.23310896058763,369.57924804408185,33040500
2023-12-04,362.1044616699219,362.47719398696046,355.98337139108264,362.06521566015255,32063300
2023-12-05,365.4200134277344,365.96933781680315,358.6515286841893,359.4657262173714,23065000
2023-12-06,361.77093505859375,367.04840106048385,361.0156214613024,366.4206145498899,21182100
2023-12-07,363.8800048828125,364.37047528705625,359.33824414976533,361.211844686289,23118900
2023-12-08,367.0975036621094,367.3231008977417,361.2118585847211,362.16337240300305,20154400
2023-12-11,364.22332763671875,364.51762785490314,359.1224531501872,361.4570971757964,27708800
2023-12-12,367.24462890625,367.28387492110465,363.3993277208236,363.78190900979564,24838300
2023-12-13,367.2347717285156,370.44246703468053,363.7033791572921,368.8533179256787,30955500
2023-12-14,358.9556579589844,366.63644114858533,357.18997650221536,366.19500581642444,43277500
2023-12-15,363.6642150878906,365.30236955673547,359.2990162951195,359.8581597688427,78502300
2023-12-18,365.54754638671875,365.89088161939304,361.65321060475327,362.4085541038235,21802900
2023-12-19,366.1459655761719,366.1459655761719,362.79113493260104,364.40968123442,20603700
2023-12-20,363.5562438964844,368.8631367699809,363.46796282422974,367.8527690284867,26316700
2023-12-21,366.42059326171875,367.2740068711911,362.98730085105643,365.45926060979707,17708000
2023-12-22,367.4407958984375,368.02936637236263,365.60644137118885,366.55795515551875,17107500
2023-12-26,367.5193176269531,369.75586165985493,366.3814226016606,367.8528339374102,12673100
2023-12-27,366.9405212402344,367.9116430236214,365.70452628978785,366.5677589576593,14905400
2023-12-28,368.1274719238281,369.2849749136942,367.02882298863733,368.2157530058411,14327000
2023-12-29,368.8729553222656,369.9716041347207,366.3617494835299,368.83370931155366,18730800
2024-01-02,363.8014831542969,368.7356138207432,359.779620180644,366.73448635273246,25258600
2024-01-03,363.5366516113281,366.1459576250118,361.48648901542015,361.97695939537715,23083500
2024-01-04,360.9273681640625,365.98902639400353,360.17205450864094,363.6053473830013,20901500
2024-01-05,360.7409973144531,364.9688499798779,359.51482125288123,361.93774634798484,21004600
2024-01-08,367.5487060546875,368.04899543580075,361.9769695664422,362.26142084093584,23134000
2024-01-09,368.6277770996094,368.82394731160934,364.11544312045595,364.91982181669266,20830000
2024-01-10,375.4747314453125,376.84807263186053,369.14768070417387,369.1967157740048,25514200
2024-01-11,377.2992858886719,383.2339660876797,373.1302872544769,378.64317007041507,27850800
2024-01-12,381.0660705566406,381.27205974083927,377.31886954764786,378.14285622037966,21661200
2024-01-16,382.831787109375,386.52013440392574,380.2322997601581,386.1571910674611,27202300
2024-01-17,382.0470275878906,382.6748141545887,377.4758397118604,380.5854353256014,22234100
2024-01-18,386.3631896972656,386.4808978161866,382.6846613012814,384.25417273742283,23392100
2024-01-19,391.0716552734375,391.0716552734375,386.0001785110236,388.21711414753673,29331100
2024-01-22,388.9527893066406,392.9844410357977,386.0884294177151,392.39587065468334,27016900
2024-01-23,391.29730224609375,391.7681646348443,386.42202498468174,388.2073445307626,20525900
2024-01-24,394.88751220703125,397.89900754206303,392.8177415608544,393.88696340305137,24867000
2024-01-25,397.15350341796875,399.25273113363767,394.858105500646,396.613997943498,21021200
2024-01-26,396.23138427734375,398.4287118822507,394.75997317345707,396.66300059602537,17803300
2024-01-29,401.9110412597656,402.16609543170915,396.62375630100183,398.3207945584323,24510200
2024-01-30,400.8025817871094,405.1775691973873,398.7033841260815,404.40264755037606,33477600
2024-01-31,390.00238037109375,407.40428830097585,389.6394371111151,399.2036086917865,47871100
2024-02-01,396.08428955078125,400.2238610760148,394.1420159186215,394.1714429462631,30657700
2024-02-02,403.38250732421875,404.78524558913676,395.86849663854684,396.11373185699847,28256700
2024-02-05,397.9186096191406,403.32360273614995,396.290244380319,402.08760781050484,25352300
2024-02-06,397.76165771484375,400.1944015675409,395.23084373526007,398.14423897907153,18382600
2024-02-07,406.15850830078125,406.4037434899342,399.63525825649936,399.67450426882596,22340500
2024-02-08,406.21734619140625,407.63972220628386,404.6674730294275,406.15849214322577,21225300
2024-02-09,412.5346374511719,412.79951062359436,407.17870911735395,407.3356632361391,22032800
2024-02-12,407.3454284667969,412.7209641300854,406.8451391501877,412.5444019957292,21202900
2024-02-13,398.575927734375,402.2544562391534,395.7017779806008,397.2222244548659,27824900
2024-02-14,402.42822265625,402.7721928081846,397.5930862054174,401.03272774217567,20401200
2024-02-15,399.54876708984375,402.07445398469247,397.31792461353893,401.10153638347543,21825500
2024-02-16,397.0919494628906,401.24901355970684,396.48264621280646,400.9246876418879,22296500
2024-02-20,395.8438415527344,397.5145068330212,391.1462744848481,396.28606324841394,24307900
2024-02-21,395.2442932128906,395.3524118295115,390.3698381114288,393.2689765841808,18518900
2024-02-22,404.551025390625,405.7106689082216,401.5241536683513,403.1162117164581,27009900
2024-02-23,403.26361083984375,408.6884066709004,401.9172415297094,408.5017108463529,16295900
2024-02-26,400.51190185546875,405.05222425854834,400.3349831970826,404.3642838981377,16193500
2024-02-27,400.4529113769531,401.2784217577938,396.8855068799419,400.9540958991776,14835800
2024-02-28,400.6887512207031,402.2414904650158,398.33014591696406,401.14080998935714,13183100
2024-02-29,406.5067138671875,407.05705416129825,398.9198455368932,401.59293981884394,31947300
2024-03-01,408.3346252441406,408.6982397267373,403.7943028017663,404.17756158377745,17823400
2024-03-04,407.7646484375,410.1527354833861,405.2094798738606,406.31016048803207,17596000
2024-03-05,395.70623779296875,407.1062001502952,393.7309209213856,406.821192843755,26919200
2024-03-06,395.1558837890625,398.17294829822555,391.5197089331465,396.02071283324057,22344100
2024-03-07,402.0843200683594,402.71326755552275,395.30328784063323,399.1163813277323,18718500
2024-03-08,399.2146911621094,403.34227368160253,397.35727003094775,400.9246750672685,18002200
2024-03-11,397.5439758300781,398.68397503984977,394.34021545583295,396.7971025481086,16120800
2024-03-12,408.118408203125,408.4034154899357,399.7748296289143,400.5905029088669,22457000
2024-03-13,407.9415283203125,410.96839994406946,404.3544792559954,410.88979275530687,17115900
2024-03-14,417.886962890625,420.4421311587594,410.7816354740665,412.9928335922281,34157300
2024-03-15,409.2387390136719,415.31215606424155,405.6713345351322,412.0592402980969,45079900
2024-03-18,410.12322998046875,413.4744273628243,406.6442696787311,407.10616562272253,20106000
2024-03-19,414.1427001953125,414.39822603826195,408.38374152289526,410.62442124737834,19837900
2024-03-20,417.8968200683594,418.61421185332546,413.4056235884817,414.7225113763612,17860100
2024-03-21,421.96539306640625,423.3903994195494,419.79351351352574,422.4174518440492,21296200
2024-03-22,421.3462829589844,422.446963535343,418.7223444405752,422.2897491598315,17648500
2024-03-25,415.5676574707031,420.03920955948905,414.33921403828305,417.9066185646381,18060500
2024-03-26,414.3785400390625,418.64369211377476,414.08372560652526,418.2702405050307,16725600
2024-03-27,414.162353515625,417.13029224439015,411.7841036640323,417.12045509904823,16705000
2024-03-28,413.464599609375,414.59476162825587,411.89218593509474,413.70045116356334,21871200
2024-04-01,417.2481994628906,420.5109524938084,414.9387197575333,416.6388963047316,16316000
2024-04-02,414.1721496582031,415.0959414899842,410.6342266844982,412.8650690915943,17912000
2024-04-03,413.19927978515625,415.960818454912,411.86271762245,412.49169510873463,16502300
2024-04-04,410.673583984375,421.27751676074166,410.3689323931849,417.66095627375125,19370900
2024-04-05,418.18182373046875,419.15477140454254,411.1060069616712,412.76686502075876,16554800
2024-04-08,417.2679138183594,419.9115269900617,416.00015155596486,417.83792847519436,14272400
2024-04-09,418.9286804199219,420.3634939121141,414.3490398303801,419.08592477391875,12496900
2024-04-10,415.9607849121094,416.7174952724338,412.4621804028437,414.90923013212864,16216600
2024-04-11,420.55023193359375,421.96540116941117,415.07628079166767,418.4766338120234,17966400
2024-04-12,414.62420654296875,417.8476407951663,412.53093421008157,416.7371231732088,19253800
2024-04-15,406.5067138671875,419.4594150607099,406.30031376342345,419.2432078029309,20273500
2024-04-16,407.43048095703125,411.1846115754289,406.59516335126955,407.42067380289205,16765600
2024-04-17,404.73773193359375,411.65633410094387,403.25376259314334,410.0544389834795,15855500
2024-04-18,397.2982482910156,404.786864609064,396.983789567324,403.5485840383649,21029900
2024-04-19,392.2370910644531,398.48742718931453,390.91036608589934,397.0624207324797,30565800
2024-04-22,394.0453186035156,395.9027393940693,388.9251749817352,393.1804896634458,20286900
2024-04-23,400.5414123535156,401.1605527245356,396.10917826173034,397.2688218184954,15734500
2024-04-24,402.005615234375,405.3568121940371,399.7649358292137,402.4969925599919,15065300
2024-04-25,392.158447265625,392.9937947660836,381.338308328151,387.23483657897395,40586500
2024-04-26,399.3129577636719,405.8777529623426,398.76261744709456,405.0620796331898,29694700
2024-04-29,395.3130798339844,399.31289867869236,392.3058528379069,398.261343947103,19582100
2024-04-30,382.6158752441406,395.2246348761621,382.4586608840312,394.5661760291184,28781400
2024-05-01,388.12921142578125,394.7922882562086,383.57905157123434,385.8393757796091,23562500
2024-05-02,390.97918701171875,393.0331410549717,387.84419663220166,390.8022983361386,17709400
2024-05-03,399.6470947265625,400.12863501045786,394.9298534066163,395.34262364373967,17446700
2024-05-06,406.408447265625,406.7917060599517,399.36208182617884,401.71088030309346,16996600
2024-05-07,402.28082275390625,407.5189223273103,402.0351340682459,407.5090851826696,20018200
2024-05-08,403.460205078125,405.1210632585712,399.6962370156749,401.1310807635334,11792300
2024-05-09,405.20941162109375,405.6025074897573,402.04494039272004,403.48959095331,14689700
2024-05-10,407.5876770019531,408.2166544093559,404.69837576819543,405.81873052839654,13402300
2024-05-13,406.5852966308594,411.13545592488975,403.7353138522874,410.8013229086305,15440200
2024-05-14,409.3763122558594,410.29026696650755,404.4527014093116,404.9145973369448,15109300
2024-05-15,416.5337829589844,417.25249868033166,410.8136819405682,411.43393892612454,22239500
2024-05-16,414.4761962890625,418.8376756715858,413.84611435268135,415.2736611097877,17530100
2024-05-17,413.708251953125,416.37634285020215,411.56198942365705,416.00221762948183,15352200
2024-05-20,418.7588806152344,420.1667475860199,413.49165301735496,413.7082502471213,16272100
2024-05-21,422.401611328125,426.27079649896183,418.27643943862864,420.2257843102985,21453300
2024-05-22,423.8587341308594,425.71950537683756,420.5212017999642,423.43539455106486,18073700
2024-05-23,420.3931579589844,426.8910441613392,418.83761804177703,426.27078715380964,17211700
2024-05-24,423.50433349609375,424.3904021961967,417.8433006318776,420.58028575397856,11855300
2024-05-28,423.6618347167969,424.1540984130066,419.99939161518114,422.98250841239616,15718000
2024-05-29,422.5296630859375,424.27226587320916,419.1034967099491,419.1034967099491,15517100
2024-05-30,408.25396728515625,417.7349403773821,407.8305976923989,417.7349403773821,28394500
2024-05-31,408.7068786621094,410.3018082986228,398.25120211572766,410.3018082986228,47995300
2024-06-03,407.1217346191406,409.98671278257075,402.59293289369214,409.10064418608687,17484700
2024-06-04,409.6322937011719,409.9965640062738,403.34114963612075,406.04859979558495,14348900
2024-06-05,417.4494934082031,417.5183874951578,409.8587651411263,411.3454112041521,16988000
2024-06-06,417.9515686035156,418.7293536763162,414.0725281736093,417.44948005128595,14861300
2024-06-07,417.2919006347656,419.6842947543912,416.45504642365455,419.60554579064143,13621700
2024-06-10,421.2497253417969,421.45646767892094,417.33132559781046,418.12879037210877,13982900
2024-06-11,425.98529052734375,426.1231387794062,418.67025946007556,418.89671156901073,14551100
2024-06-12,434.23565673828125,436.53944727057524,426.54650007534946,428.5844790234761,22366200
2024-06-13,434.74755859375,436.52958067588776,432.5717616400286,434.0288728827565,15960600
2024-06-14,435.7223205566406,436.2835084137765,429.9628289677156,431.4986893853765,13582000
2024-06-17,441.43255615234375,443.96279884211964,433.90092737019853,435.7419888452348,20790000
2024-06-18,439.4339599609375,443.1751821409538,438.00641324566425,442.75181252074634,17112500
2024-06-20,438.803955078125,439.621099750768,434.44247505772296,439.3946475906875,19877400
2024-06-21,442.82073974609375,443.6083496603445,439.60134591371855,440.45787995794916,34187100
2024-06-24,440.743408203125,445.74479433203504,439.5028940256874,442.8404263927747,15913700
2024-06-25,443.9726257324219,444.4353547941903,439.83759879553867,441.3143898379412,16413400
2024-06-26,445.16387939453125,446.5816011478092,441.25530470792563,442.05276943847076,16507000
2024-06-27,445.8432312011719,449.1118693221635,444.7799248025884,445.18358463488477,14806300
2024-06-28,440.0345458984375,448.3341049043701,439.50289267468526,446.059848949654,28362300
2024-07-01,449.6632080078125,450.2932899171113,438.7644825324962,441.71806471797646,17662800
2024-07-02,452.1737060546875,452.478907120072,446.099159273985,446.1877931726741,13979800
2024-07-03,453.6406555175781,453.88678735468443,450.79538710423196,451.1005881786126,9932800
2024-07-05,460.3255615234375,461.1033464685747,451.8684759977917,452.49855781818314,16000300
2024-07-08,459.0260314941406,460.46346308739743,457.2735739768986,459.33123257528905,12962300
2024-07-09,452.42974853515625,460.09919566591896,450.9135678636905,459.77431483044427,17207200
2024-07-10,459.0359191894531,459.24266153927346,451.76024698147666,454.0837473649462,18196100
2024-07-11,447.66461181640625,457.5886345893225,444.5633265323156,455.81649732303464,23111200
2024-07-12,446.5323791503906,449.29889867197954,443.67725577045155,447.3003093014831,16324300
2024-07-15,446.93603515625,450.1849934949163,444.44518211930125,446.28624348851673,14429400
2024-07-16,442.5647888183594,447.27082904351875,439.74905460392523,447.19208006387777,17175700
2024-07-17,436.6575927734375,437.9670310742686,432.38474735385836,435.74198947896895,21778000
2024-07-18,433.55633544921875,437.7701116080265,427.6787055457858,437.46491051123894,20794800
2024-07-19,430.3467102050781,434.3143840356024,425.3157901645021,426.398776194832,20940400
2024-07-22,436.0865478515625,437.72086686190295,432.1189038234256,434.95434740544323,15808800
2024-07-23,437.9670715332031,441.45230735280467,436.2441483800791,437.0317583747776,13107100
2024-07-24,422.2637939453125,434.64916540683873,420.9740654607642,433.6351033912307,26805800
2024-07-25,411.9262390136719,423.1498448431678,411.0500252919827,422.1653174889069,29943800
2024-07-26,418.68994140625,422.28349032231534,410.8137224917234,411.7293557750341,23583800
2024-07-29,420.12738037109375,425.46350195400487,418.1287909882396,424.90231413559286,15125800
2024-07-30,416.3763732910156,422.4115014796213,410.90237288373,421.10209315676275,32687600
2024-07-31,411.8770446777344,415.2539664560443,405.8320320070505,413.9937725831716,42891400
2024-08-01,410.6562194824219,420.8460843318748,406.69843005351635,414.27930323794226,30296400
2024-08-02,402.16961669921875,408.57890014493404,398.0838337068482,406.1077265801338,29437900
2024-08-05,389.0360412597656,394.83492274068107,379.61410573718445,383.1485859534076,40709200
2024-08-06,393.4269714355469,399.39323499306323,392.3341604668248,393.81095153508136,24946500
2024-08-07,392.2652587890625,403.7349973998657,391.32012086399686,402.3173055349637,20650900
2024-08-08,396.4593200683594,399.58025493530266,393.75186986205176,396.2131882314223,20203000
2024-08-09,399.7378234863281,401.736413003281,396.0360207139592,397.7786234799922,19276700
2024-08-12,400.5155944824219,402.43543495594565,397.98535182009545,400.76172633567404,16762900
2024-08-13,407.6041564941406,408.52961455842444,403.2328528848732,403.25253261450456,19414300
2024-08-14,410.4100646972656,411.25677385836923,406.0683254390975,408.3819407203729,18267000
2024-08-15,415.2627258300781,415.34161674551206,411.9388929382302,414.0495635460023,20752100
2024-08-16,412.7377624511719,415.5684441235936,411.5837759699612,414.83859034033384,22775600
2024-08-19,415.755859375,415.9728470077707,410.75530126947416,413.22105614207504,15234000
2024-08-20,418.9810485839844,420.0265262237166,415.86436096713305,415.92353667507666,16387600
2024-08-21,418.3301086425781,420.55913050260955,415.943244764668,418.27090283610073,16067300
2024-08-22,409.8577575683594,420.94381179948715,408.9306313403218,418.54707521874735,19361900
2024-08-23,411.080810546875,413.51697764071497,406.4451792024677,411.26821033098173,18493800
2024-08-26,407.8259582519531,411.5640508373135,405.7054152115458,410.6665125068156,13152800
2024-08-27,408.17120361328125,408.68406980179446,404.6303831532702,407.2046168469379,13492900
2024-08-28,404.9755859375,409.3153084895278,401.7306441001557,409.1969570716752,14882700
2024-08-29,407.4610595703125,416.26872882049446,404.975589475056,409.2561363555491,17045200
2024-08-30,411.4259948730469,411.7711764633265,406.4846126518204,409.90708149754283,24308300
2024-09-03,403.8314514160156,414.1284456363182,401.45446023053216,412.18542969380115,20313600
2024-09-04,403.2987976074219,405.6067401937844,398.8308516839108,400.34976487477127,15135800
2024-09-05,402.7958068847656,407.4412799387572,400.5667551830583,402.036335234427,14195500
2024-09-06,396.197509765625,405.0248942566708,395.30981392110493,403.4566777506577,19609500
2024-09-09,400.16241455078125,403.0522719406784,396.6413094868822,401.6615826272171,15295100
2024-09-10,408.52630615234375,410.62710415809914,402.11534306269766,402.6084940695935,19594300
2024-09-11,417.24517822265625,418.1821469994098,403.9695325309428,409.8084532189213,19266900
2024-09-12,421.1509094238281,421.5158363092752,414.0002206806835,417.51145302107784,17395700
2024-09-13,424.6917724609375,425.9147773030141,419.63203841011375,419.9969653323754,15874600
2024-09-16,425.4314880371094,427.5914917589124,422.3542307072933,424.7016342113202,13834700
2024-09-17,429.18927001953125,435.79750485485505,426.3487157034463,434.1997005769437,18874200
2024-09-18,424.9087219238281,430.05721907964937,424.5142071811442,429.04132931995406,18898000
2024-09-19,432.6808166503906,435.4523227974912,430.9153276838819,435.18603209956774,21706600
2024-09-20,429.3076477050781,433.22326773049826,428.2720426762547,431.2309485866615,55167100
2024-09-23,427.57177734375,430.48135010026584,424.4945200082598,428.33121902605126,15128900
2024-09-24,423.29119873046875,427.4139334394583,420.2632446802758,427.0687217553129,17015800
2024-09-25,426.1908874511719,427.18706197372046,422.6994004960537,423.94212038705155,13396400
2024-09-26,425.4018859863281,429.3372210826113,423.251754987828,429.1301061037402,14492000
2024-09-27,422.15692138671875,425.93447445668835,421.6144673905514,425.6089779793521,14896100
2024-09-30,424.40570068359375,424.52408219664926,419.54323948144145,422.3443332995087,16807300
2024-10-01,414.9273986816406,422.61069983568314,413.0731460704372,422.58111197910216,19092900
2024-10-02,411.4161071777344,417.02816727140424,411.00184714518315,416.79143435299875,16582300
2024-10-03,410.83416748046875,413.8029154833907,408.6149883911416,411.90923284957546,13686400
2024-10-04,410.3607482910156,414.00020455197927,409.28568287863294,412.51087911578094,19169700
2024-10-07,403.9300842285156,411.3963666559109,403.3974727803463,410.30158600641573,20919800
2024-10-08,409.0293273925781,409.96632640891073,402.5789334575277,405.27151887368746,19229300
2024-10-09,411.7416076660156,414.62162263212304,408.6248898614367,410.1635185105957,14974300
2024-10-10,410.1437683105469,411.63309377445904,407.49061385739407,409.5421386142519,13848400
2024-10-11,410.61724853515625,411.4161507329335,407.58929422530787,410.4397214022164,14144900
2024-10-14,413.3985900878906,418.2314633461143,411.80075573680847,412.0473312101826,16653100
2024-10-15,413.0040283203125,416.692817718463,409.5717171353566,416.3969091028174,18900200
2024-10-16,410.41998291015625,410.6566857580044,404.8572552888869,409.4830140710585,15508900
2024-10-17,411.01177978515625,416.7126042679644,409.8972536844407,416.57450753710987,14820000
2024-10-18,412.4320068359375,413.9015870376485,410.55803924257515,411.42598973201757,17145300
2024-10-21,413.0435485839844,413.22107571933117,408.08245074925037,410.41998166329415,14206100
2024-10-22,421.6539306640625,424.68185459098345,412.31365056093216,412.75746835174544,25482200
2024-10-23,418.7838134765625,425.17503084101816,416.74216121867397,424.9580432083023,19654400
2024-10-24,418.9120178222656,420.144895200207,416.6139175340375,419.5037748840412,13581600
2024-10-25,422.2851867675781,426.5953216047658,420.72684288279277,420.914242666979,16899100
2024-10-28,420.74652099609375,426.02324214447043,420.46048501920137,425.7470788183642,14882400
2024-10-29,426.03314208984375,427.2364316805858,419.9673609785876,422.1372373224,17644100
2024-10-30,426.60516357421875,432.4933871760131,426.1810609771617,431.4479095602445,29749100
2024-10-31,400.7838134765625,410.4594334413064,400.73448031809437,409.6703738017444,53971000
2024-11-01,404.7487487792969,409.80848287841667,401.9180668422498,403.4073925009318,24230400
2024-11-04,402.8648986816406,404.7980722358363,400.01450160866744,404.18653972407174,19672300
2024-11-05,405.8238220214844,409.21670338911827,402.4901163672762,402.77615238186627,17626000
2024-11-06,414.4243469238281,414.69066771455005,404.8966664565658,406.77066424480597,26681800
2024-11-07,419.6024169921875,421.0029789570154,414.12845339700306,415.5092700597973,19901800
2024-11-08,416.75201416015625,420.65776126477715,416.0024150826717,419.4939322441371,16891400
2024-11-11,412.28411865234375,418.9909603752076,410.3016419524007,416.7323203125478,24503300
2024-11-12,417.23529052734375,418.6259798148705,411.485163708279,412.5207686609151,19401200
2024-11-13,419.3755798339844,423.4489813965326,412.4813090867046,415.8643474786666,21502200
2024-11-14,421.0424499511719,422.30491523139983,414.24681513135374,419.17832483529844,30246900
2024-11-15,409.3152770996094,417.00841966551917,407.97392100075103,414.0692593490907,28247600
2024-11-18,410.06488037109375,412.66870168958155,406.45501186857297,409.1870572477352,24727000
2024-11-19,412.06707763671875,412.2150169012381,405.912533336808,407.4511618868994,18133500
2024-11-20,409.798583984375,411.57394553855335,404.9558378403451,411.1596854793811,19191700
2024-11-21,408.029541015625,414.85853235917494,405.47980199521203,414.5818162626976,20780200
2024-11-22,412.11114501953125,412.50644943843054,406.2407824115055,406.547145598137,24814600
2024-11-25,413.88018798828125,416.1433187151558,409.9863774439722,413.474991137145,27691100
2024-11-26,422.9722900390625,424.0099980685231,413.93946191933657,414.6707766023476,23458900
2024-11-27,418.0309753417969,422.22128729084875,417.0723461407877,420.12611623642346,18332400
2024-11-29,418.49542236328125,419.8987878079345,412.90177557031507,415.16493646523105,16271900
2024-12-02,425.9272766113281,427.92358362660957,416.37063273208213,416.62759418862754,20207200
2024-12-03,426.14471435546875,427.3998142862311,422.72525694948587,424.8006430250728,18302000
2024-12-04,432.291748046875,434.5153692878957,427.5578970490266,427.95320145991604,26009400
2024-12-05,437.4307861328125,439.44687793021666,431.0564230401268,432.7859063083414,21697800
2024-12-06,438.3696594238281,440.8699968788184,436.5907442566123,437.1145294101148,18821000
2024-12-09,440.7909240722656,443.0738395996816,435.33565050126293,437.41103647885797,19144400
2024-12-10,438.1324768066406,444.3487425824553,436.42277827381423,439.1800773312265,18469500
2024-12-11,443.72607421875,445.0701453909691,438.84398789693245,438.84398789693245,19200200
2024-12-12,444.2894287109375,450.81205740820604,443.8446923743848,443.8446923743848,20834800
2024-12-13,442.0262451171875,446.13747735633456,440.3560560775405,443.1825414368637,20177800
2024-12-16,446.2956237792969,446.8787030896928,440.0596036741231,442.02626356510217,23598800
2024-12-17,449.1319580078125,449.95224407864544,444.2993034538041,445.72242348242105,22733500
2024-12-18,432.2620849609375,447.34315728839636,431.89639748062007,446.02876338491484,24444500
2024-12-19,431.9062805175781,437.9841721873849,431.2046129674818,436.44246396362297,22963700
2024-12-20,431.48138427734375,438.5376604876813,423.6048219518138,428.03227991601136,64263700
2024-12-23,430.1471862792969,432.51904296318025,427.7555447705133,431.61970806424813,19152500
2024-12-24,434.1793518066406,434.44620567192754,429.0996280307953,429.55422661934296,7164500
2024-12-26,432.9736328125,435.7704710980457,431.51100346947777,433.9322618472237,8194200
2024-12-27,425.4825134277344,430.1175308072659,421.35152651661633,429.5048044431988,18117700
2024-12-30,419.849365234375,422.5374777077036,416.9537232035626,421.0649558192297,13158700
2024-12-31,416.5584411621094,421.7271368293111,415.7282927277236,421.1045179635724,13246500
2025-01-02,413.672607421875,421.0748161119684,409.98635677531166,420.54113855935236,16896500
2025-01-03,418.3866882324219,419.05870873446685,414.62135874681445,416.1432822085411,16662900
2025-01-06,422.833984375,429.2281326887413,420.491774572373,422.9822197752049,20573600
2025-01-07,417.418212890625,425.6011386030249,415.8666120215368,423.9704889084133,18139100
2025-01-08,419.5825500488281,421.96429936103294,416.5979667184096,418.49544017357744,15054600
2025-01-10,414.038330078125,419.73078053679086,410.1543816529302,419.65173171033285,20201100
2025-01-13,412.2989501953125,413.593589604229,407.45640284839305,410.3717995418403,17604800
2025-01-14,410.7967529296875,414.8190138642203,405.90477401390683,412.9116481684101,16935900
2025-01-15,421.3120422363281,423.13046690209615,413.3662928073742,414.21622605843163,19637800
2025-01-16,419.6022644042969,424.45470380326,419.4145196873236,423.67398737859014,15300000
2025-01-17,424.0001220703125,429.386239236107,423.1502190446997,429.0007970548674,26197500
2025-01-21,423.476318359375,425.8481750206776,420.61032363697626,425.1563998310193,26085700
2025-01-22,440.9688415527344,442.0262741390286,430.888412499157,432.430120920086,27803800
2025-01-23,441.47283935546875,441.5123788470024,436.3239289556834,436.81806704057095,18389300
2025-01-24,438.8539123535156,441.4135440071518,436.225094129831,439.94102216929423,15549500
2025-01-27,429.46527099609375,430.0977821935737,418.53493945291683,419.0389699284215,35647800
2025-01-28,441.9571228027344,443.1232814648123,426.3225862891417,429.50483681704293,23491700
2025-01-29,437.14422607421875,441.6409011660454,435.2368601252781,441.4531262633209,23581400
2025-01-30,410.1247253417969,417.90245411076046,408.3161931892364,413.86040812362955,54586300
2025-01-31,410.19390869140625,415.7579084081136,410.0456732964256,414.06796458574274,34161900
2025-02-03,406.10247802734375,410.5398286087579,403.8689641166184,406.77449861931177,25679100
2025-02-04,407.5354309082031,409.0672770356713,404.9362598096777,407.8516865143663,20532100
2025-02-05,408.4446716308594,408.97831905399164,405.5885389886856,407.515689607161,16316700
2025-02-06,410.9449768066406,413.29707875974475,409.1463070589971,409.1463070589971,16309800
2025-02-07,404.9461364746094,413.74178783038474,403.3154869234488,411.5972455590395,22886800
2025-02-10,407.3871765136719,410.58918143726896,406.10242964328353,408.85969825647294,20817900
2025-02-11,406.6163635253906,407.65404147500567,404.50143797348676,404.83747842325164,18140600
2025-02-12,404.2444763183594,405.93442005448907,399.6292135248499,402.435914112503,19121700
2025-02-13,405.72686767578125,406.18146622486773,401.59585076694265,402.22836193070845,23891700
2025-02-14,403.6416015625,404.1159849495273,401.1215095634391,403.00912053959007,22758500
2025-02-18,404.8374328613281,405.78616946504144,401.7342314553049,403.2166455935164,21423100
2025-02-19,409.9072570800781,410.6188170610077,402.8707362463259,403.098050601273,24114200
2025-02-20,412.0759582519531,415.2249706128277,408.520936591177,411.24414537664296,23508700
2025-02-21,404.2331237792969,413.97725680128366,403.91626425407014,413.27418223243296,27524800
2025-02-24,400.0641174316406,405.38179653354615,395.4297185716828,404.5301894031576,26443700
2025-02-25,394.0235900878906,398.004445961788,392.8352988072402,397.192427276834,29387400
2025-02-26,395.83575439453125,399.66804717869115,390.40913086553707,394.13250979931917,19619000
2025-02-27,388.70587158203125,401.78716793671936,388.3493932994261,397.3607146060961,21127400
2025-02-28,393.1224060058594,393.7561854578909,382.80393739721217,388.83460333794534,32845700
2025-03-03,384.70526123046875,394.93464171120144,382.39797374435835,394.93464171120144,23007700
2025-03-04,384.82403564453125,388.75535997703025,377.2881889484286,379.6648014174362,29342900
2025-03-05,397.1131591796875,397.7568509049982,385.02212029604283,385.54695570418704,23433100
2025-03-06,393.0234069824219,398.2321421191711,388.8544001591339,390.43881857931865,23304600
2025-03-07,389.47833251953125,390.9538071211356,381.7840395101369,388.49798686829325,22034100
2025-03-10,376.4563903808594,382.6355890788174,373.5450301742595,382.08104715568106,32840100
2025-03-11,376.74359130859375,382.23950999896846,373.2380702422645,375.30770541349494,30380200
2025-03-12,379.53607177734375,381.4670864515663,375.2581813231993,379.21921226907705,24253600
2025-03-13,375.0799255371094,381.5661320778761,373.7728082450696,379.4271716632625,20473000
2025-03-14,384.7745361328125,386.42827981726157,375.8127158813028,376.08007458561946,19952800
2025-03-17,384.9132385253906,388.884151955574,381.8137266185015,382.9327228246585,22474300
2025-03-18,379.7836608886719,383.59615946585757,377.38725393405446,383.29909421372145,19486900
2025-03-19,384.04180908203125,385.8836741890137,380.2590168181109,381.77411012943475,19185500
2025-03-20,383.07135009765625,387.97313863322194,379.5460345045817,381.98206039861145,18470500
2025-03-21,387.4482421875,387.92354654843615,379.0706401827953,379.4865617188815,39675900
2025-03-24,389.2505187988281,391.54792412450786,386.012386704804,391.54792412450786,21004500
2025-03-25,391.31024169921875,392.49853282327706,388.8148031404558,390.082331804945,15775000
2025-03-26,386.1708068847656,391.4587795188397,384.784452111458,391.1518020411883,16108400
2025-03-27,386.77484130859375,388.4186727261189,383.62582905803845,386.3292434732889,13766800
2025-03-28,375.109619140625,385.3389984995421,373.2578420054409,384.2992097422753,21632000
2025-03-31,371.73291015625,373.39653609737746,363.66228447346174,368.91066922952973,35184700
2025-04-01,378.46661376953125,379.120187514209,369.59391274714585,371.00006183577835,19689500
2025-04-02,378.4171447753906,381.3284750168948,372.95090216784337,374.2877562933966,16092600
2025-04-03,369.47503662109375,373.80248816308017,365.75168821202425,371.1386925275575,30198000
2025-04-04,356.3343505859375,370.94065262193254,355.97787229621173,360.5825648601157,49209900
2025-04-07,354.3736572265625,367.38565979064595,341.43101018463227,347.4616768226877,50425000
2025-04-08,351.1058349609375,370.00985444922924,346.83782587387293,364.6723801381887,35868900
2025-04-09,386.6857604980469,389.3990874327872,349.6600368937789,350.09575274548115,50199700
2025-04-10,377.6347961425781,380.1599412978202,364.21678559967916,378.33787067807094,38024400
2025-04-11,384.6656799316406,386.2500683401823,375.1988171553271,376.93176841990726,23839200
2025-04-14,384.0318603515625,390.8052198187617,380.46692636349223,389.38915847164185,19251200
2025-04-15,381.9721374511719,388.07212889209285,380.41742551182244,384.7250528209778,17199900
2025-04-16,367.9896545410156,377.8922316795949,364.41483869971677,376.9614172312142,21967800
2025-04-17,364.1969909667969,370.6732850580017,363.31567729138493,370.10883089247193,21120200
2025-04-21,355.6213684082031,360.9291658129438,352.20499720618693,359.2853342749941,20807300
2025-04-22,363.2463684082031,364.18709517298703,356.3541524572501,359.83987920585236,19485000
2025-04-23,370.7426452636719,376.6841922722663,369.38596664501534,372.396358924379,20545500
2025-04-24,383.52679443359375,384.6656149627633,371.53478821384334,372.0398293104223,22232300
2025-04-25,388.03253173828125,388.33950924401097,380.8531625631297,383.2297752805051,18973200
2025-04-28,387.3492126464844,388.9138065441973,382.87325863987553,388.1414067328739,16579400
2025-04-29,390.201171875,391.2508426713115,386.5768248872523,387.48784509297593,14974000
2025-04-30,391.4092712402344,392.79562598704683,380.69467558939255,386.49757125114587,36461100
2025-05-01,421.2556457519531,432.7327295827746,420.76051687113977,426.9100091091665,58938100
2025-05-02,431.0393981933594,435.1588741169636,425.80092616148227,427.533877248033,30757400
2025-05-05,431.92071533203125,435.21826018394785,427.9002412578344,428.6528467821077,20136100
2025-05-06,429.0885925292969,433.46554517602334,426.9694566129341,427.9894209087166,15104200
2025-05-07,429.1282043457031,433.8517229596541,426.9100064238295,429.61342097536215,23295300
2025-05-08,433.9012451171875,439.3476626606329,431.41568853142036,433.66356271096413,23491300
2025-05-09,434.455810546875,436.4462081525218,431.63356980482325,435.7134270593174,15324200
2025-05-12,444.8832092285156,444.9921230759706,435.4955548202822,441.5955462250109,22821900
2025-05-13,444.7643737792969,446.27946690563454,441.0211705280613,443.4176075446257,23618800
2025-05-14,448.52734375,449.4779827199474,443.7741186799948,443.7741186799948,19902800
2025-05-15,449.5392761230469,452.57502540604634,446.860659567107,447.1979616790238,21992300
2025-05-16,450.67022705078125,450.7595102326154,445.17414935289,448.4678177382938,23849800
2025-05-19,455.2337951660156,455.948090917999,447.22773658664954,447.30711960117503,21336500
2025-05-20,454.53936767578125,454.7080036018212,450.719869916101,451.9797952414424,15441800
2025-05-21,448.98370361328125,454.1524094962116,448.229716398419,450.9678549991314,19216900
2025-05-22,451.25555419921875,456.6028569421555,450.30316997101943,451.3448676580097,18025600
2025-05-23,446.6126403808594,450.0948358464348,445.3527151156796,446.4142434023006,16883500
2025-05-27,457.03936767578125,457.29731705224054,452.5055743512772,452.86273735527834,20974300
2025-05-28,453.7357482910156,458.8548627693229,453.3091629867606,457.56517641086623,17086300
2025-05-29,455.0453186035156,458.0612374989779,451.702028016876,457.89257129241645,13974800
2025-05-30,456.71197509765625,458.0215223462663,451.9301930198663,456.07706236471586,34770500
2025-06-02,458.30926513671875,458.44814000732816,453.26953332147656,453.51755227504805,16626500
2025-06-03,459.30126953125,460.46201137480375,457.20797414521616,457.81315604121755,15743800
2025-06-04,460.19415283203125,461.9997378828715,459.35088242690273,460.3231275179124,14162700
2025-06-05,463.9739685058594,465.92835889810493,460.35289815926444,461.2755213187348,20131700
2025-06-06,466.6525573730469,469.5890928719542,465.06523024972654,466.3648469522318,15285600
2025-06-09,469.0038146972656,469.67841894667356,464.90653697170796,465.9779957450024,16469900
2025-06-10,467.1883239746094,469.0534009468453,463.25968221899245,467.45617352695865,15375900
2025-06-11,468.87481689453125,471.7022387212418,465.93828127215454,466.29541399515057,16399200
2025-06-12,475.0753173828125,476.61305298608835,469.76770597774697,471.255819627256,18950600
2025-06-13,471.1962585449219,475.38281914376,469.0137102048777,472.63478039747713,16814500
2025-06-16,475.34320068359375,476.88090602233666,471.2359924486289,471.44431988386987,15626100
2025-06-17,474.25189208984375,474.9463269378011,470.3232503868908,471.63279762120845,15414100
2025-06-18,476.4344482421875,477.1884355000323,470.70025162122124,474.21220825159133,17526500
2025-06-20,473.6169128417969,479.628888904269,473.09111395434456,478.40865522200505,37576200
2025-06-23,482.1488342285156,483.8849668620545,468.76574150164737,474.42055534258094,24864000
2025-06-24,486.2262268066406,487.952459183197,482.9424585265478,485.075445589935,22305600
2025-06-25,488.369140625,490.64100267238626,485.5119877675007,488.14098256866794,17495100
2025-06-26,493.5080871582031,494.09340820956044,488.9048412091741,489.0735074056833,21578900
2025-06-27,492.01007080078125,495.34343093017947,489.1231266124182,493.60729829384695,34539200
2025-06-30,493.4683837890625,496.79184348109624,491.404849352638,493.1013206195562,28369000
2025-07-01,488.15081787109375,494.1032718491211,487.0893199212463,492.5358056229024,19945400
2025-07-02,487.198486328125,489.5893925672679,484.82744098086494,486.107196925814,16319600
2025-07-03,494.8870849609375,496.16687121115365,489.52988173373706,489.89694493303733,13984800
2025-07-07,493.7759094238281,494.79774616477766,491.3056506650491,493.4386073251964,13981600
2025-07-08,492.68463134765625,494.25212791462184,490.1945116420166,493.2997134401056,11846600
2025-07-09,499.52008056640625,502.76415743455226,495.77993553758444,496.33549554664154,18659500
2025-07-10,497.5061340332031,500.4426696344743,493.8056807647675,499.06366987607214,16492100
2025-07-11,499.33154296875,501.0279839194423,493.85526578992295,494.51996982276876,16459500
2025-07-14,499.0339050292969,499.9763890495242,497.0596840851599,497.5457914873048,12058800
2025-07-15,501.811767578125,504.2720960834484,498.80577924001653,499.03393728805895,14927200
2025-07-16,501.61334228515625,502.70463167926073,497.9129190668174,501.1768265275145,15154400
2025-07-17,507.6451416015625,509.30189104591364,501.6133044647972,501.6728265840105,17503100
2025-07-18,506.0082092285156,510.5618634291492,503.40897568442307,510.4030974050004,21209700
2025-07-21,506.0181579589844,508.03210080948105,501.54388660874696,502.69469811942383,14066800
2025-07-22,501.26611328125,507.1491456054249,501.26611328125,506.92095727911294,13868600
2025-07-23,501.861328125,502.77405108780124,496.7323137246232,502.7343595827018,16396600
2025-07-24,506.8316650390625,509.59953458867506,503.28001689239056,504.73836945889843,16107000
2025-07-25,509.6392822265625,514.1829458042694,506.3157919577708,508.4090573683804,19125700
2025-07-28,508.4388122558594,510.91900158393673,506.07766717141,510.0063088656235,14308000
2025-07-29,508.5082702636719,513.5182406496896,507.50626407616875,511.4448362580723,16469200
2025-07-30,509.1729431152344,511.86149016920456,505.4030674134904,511.08764202727673,26380400
2025-07-31,529.2723999023438,551.0484742016899,527.6851029610986,550.8301860551579,51617300
2025-08-01,519.9568481445312,531.5542170062565,516.7326017006552,530.7605684534492,28977600
2025-08-04,531.3953857421875,533.9846885103634,523.944888342453,524.0837934579807,25349000
2025-08-05,523.5679321289062,533.0422426180032,523.0619638515897,532.9231983823397,19171600
2025-08-06,520.7802124023438,527.4866537198485,519.8774501718309,526.6930052823053,21355700
2025-08-07,516.7127075195312,523.9052559727172,513.4487398823029,522.6254396329194,16079100
2025-08-08,517.9032592773438,520.5024931820143,515.2940949258492,518.4588193359411,15531000
2025-08-11,517.6353759765625,523.4092640243366,515.6015722772428,518.1611446296885,20194400
2025-08-12,525.046142578125,526.7723446368122,518.5579891899393,519.5996565820958,18667000
2025-08-13,516.4547729492188,528.478725311786,515.2543395813665,527.8933740196283,19619200
2025-08-14,518.3396606445312,521.7821945996749,516.0182375574066,518.4190436500928,20269100
2025-08-15,516.0479736328125,521.9309749680182,514.9666450837208,518.627406652342,25213300
2025-08-18,513.0023803710938,518.6770855269226,509.94683045407294,517.4568516493948,23760600
2025-08-19,505.73040771484375,511.0776798784135,504.5200741760794,510.9189744125155,21481000
2025-08-20,501.7125244140625,506.9506829011106,500.44266872858867,505.8296325155463,27723000
2025-08-21,501.06658935546875,504.435269171935,499.5561662916726,500.5200628741361,18443300
2025-08-22,504.037841796875,507.5158151187978,499.2481684011306,501.0765850227361,24324200
2025-08-25,501.0865173339844,504.9917771303553,500.9473838488724,503.44159720621536,21638600
2025-08-26,498.8804931640625,501.801993130018,495.3727099158942,501.1858695359189,30835700
2025-08-27,503.5508728027344,504.09742962807053,496.7539232974875,498.8407132226862,17277900
2025-08-28,506.4326477050781,507.87350408410515,502.3186878124423,503.89867767213724,18015600
2025-08-29,503.501220703125,506.39291066950057,501.3150539612025,505.4588240002719,20961600
2025-09-02,501.9410705566406,502.81553721257154,493.68337117589067,497.32034095368414,18128000
2025-09-03,502.1696472167969,504.5942937991858,499.1587173668126,500.6194673133705,16345100
2025-09-04,504.7731628417969,504.95202275876863,499.983489561643,501.1262461318779,15509500
2025-09-05,491.8847961425781,508.7479993566889,489.27134277765646,505.86625611105876,31994800
2025-09-08,495.06463623046875,498.04575600626316,491.91457299081776,494.97517595073856,16771000
2025-09-09,495.2733459472656,499.08917592804124,494.5678227014102,498.27432917901325,14410500
2025-09-10,497.2209777832031,500.06299449245154,493.5939546766565,499.81456783685906,21611800
2025-09-11,497.8569641113281,500.00337405269875,494.7466575341409,499.08915061774627,18881600
2025-09-12,506.6910095214844,509.32432605160386,500.67909648146514,503.4614629424367,23624900
2025-09-15,512.1166381835938,512.2259313574772,503.80926524972944,505.58800862213144,17143800
2025-09-16,505.83642578125,513.9748550906477,505.3991924428879,513.6270820344445,19711900
2025-09-17,506.81024169921875,508.07226852063866,502.74598524416496,507.4064717390096,15816600
2025-09-18,505.2501525878906,509.84107240669834,504.4651158521554,508.270998935228,18913700
2025-09-19,514.67041015625,516.0317832353262,507.09837133283605,507.34679796260957,52474100
2025-09-22,511.21234130859375,514.4816139887456,509.31432785382,512.3451813197225,20009300
2025-09-23,506.0252685546875,511.35155218118825,504.1173383670773,510.5664850795932,19799600
2025-09-24,506.9394226074219,509.2547456727144,503.72976965544393,507.16798604562155,13533700
2025-09-25,503.8390808105469,506.8003375404676,501.8616142840625,505.10107733704126,15786500
2025-09-26,508.2411804199219,510.70558375978015,503.4316440082871,506.849997214163,16213100
2025-09-29,511.36138916015625,513.5972289973041,505.67741655332713,508.28092297827857,17617800
2025-09-30,514.6903686523438,514.8990082310244,506.45253207823936,510.0099885223437,19728200
2025-10-01,516.4393310546875,517.2342842847302,508.4697839098333,511.5601971915601,22632300
2025-10-02,512.4942626953125,518.3173691617891,507.4661094259624,514.3823296081488,21222900
2025-10-03,514.0940551757812,517.2143082734997,511.75886906280147,513.8456285403139,15112300
2025-10-06,525.2435302734375,527.6880704621805,514.9387971845453,515.3461902238155,21388600
2025-10-07,520.682373046875,526.4657528279373,518.1583800775612,524.9652461341774,14615200
2025-10-08,521.546875,523.6336952116123,519.7980023635643,519.9868090400763,13363400
2025-10-09,519.1123657226562,521.0302122328587,514.1438325922749,519.0527457511332,18343600
2025-10-10,507.74432373046875,520.2849266906686,506.42270727517143,516.3697201998212,24133800
2025-10-13,510.81488037109375,513.1600134586593,508.45980051307464,513.1600134586593,14284200
2025-10-14,510.337890625,512.0371506947121,502.815524609146,507.0189143190136,14684300
2025-10-15,510.1987609863281,513.935107423202,506.7903547024341,511.71916116293283,14694700
2025-10-16,508.3902282714844,513.597241245564,504.93214864922606,509.3541552294708,15559600
2025-10-17,510.347900390625,512.2359067167633,504.1173400169688,505.8364635131052,19867800
2025-10-20,513.53759765625,515.4356111738924,510.19875812962454,511.37132460679527,14665600
2025-10-21,514.4021606445312,515.4257076122852,509.81124074780416,514.2431942660954,15586200
2025-10-22,517.2640380859375,521.9245247034462,514.4518919333965,517.8702452376143,18962700
2025-10-23,517.283935546875,520.6526156742948,515.3461954332505,519.1720024577996,14023500
2025-10-24,520.314697265625,522.0437370421222,517.4329845218087,519.499850577073,15532400
2025-10-27,528.1749877929688,531.2157277722118,525.6807743511338,528.4333612309177,18734700
2025-10-28,538.6585693359375,550.2352153811122,537.366762825241,546.5386557673307,29986700
2025-10-29,538.141845703125,542.8321728172806,533.3521721804118,541.510525937623,36023000
2025-10-30,522.451171875,531.6031704966998,518.8340654321457,527.1414377363435,41023100
2025-10-31,514.5512084960938,525.9887810857076,511.85824179468614,525.5515477587454,34006400
2025-11-03,513.776123046875,521.6562086548496,511.3514766558802,516.5385956979154,22374700
2025-11-04,511.0931701660156,512.3054631947169,504.64399323613884,508.53933673798264,20958700
2025-11-05,503.9682312011719,511.58997398954807,503.39186440425516,510.0695738143288,23024300
2025-11-06,493.9715576171875,502.51744045426454,492.6896676102462,502.47768369906356,27406500
2025-11-07,493.6933288574219,496.2372153715257,490.1457889557352,493.8225155697467,24019800
2025-11-10,502.8155212402344,503.6601778844964,495.66082185127294,496.8930386116327,26101500
2025-11-11,505.4786682128906,506.39289163210333,499.18851875070465,501.6230817360039,17980000
2025-11-12,507.9232177734375,508.4498810705414,495.9788447581273,506.1543908722183,26574900
2025-11-13,500.1225891113281,510.26832472026865,498.1351759673349,507.098398329558,25273100
2025-11-14,506.96923828125,508.38031503091224,494.30942559248354,495.0944623167857,28505700
2025-11-17,504.296142578125,508.8970088955905,501.7323929449627,505.2501227292945,19092800
2025-11-18,490.6824035644531,499.8145698875434,483.71651040889276,492.2524466910109,33815100
2025-11-19,484.0543518066406,492.0735713081103,479.79134202204426,487.0156083775533,23245300
2025-11-20,476.3088684082031,491.3817596467919,473.39186588492817,490.5255566668064,26802500
2025-11-21,470.0268249511719,476.796695003642,466.19388806310616,476.3785437287191,31769200
2025-11-24,471.8985290527344,474.7856658755464,465.9450303435204,472.8940955697233,34421000
2025-11-25,474.8752136230469,477.0256407210385,462.82888433135173,471.9681767111092,28019800
2025-11-26,483.3475036621094,486.14504291080743,479.06658014921754,484.1539100429923,25709100
2025-11-28,489.82867431640625,490.44592067381114,484.49242217644115,485.4382224868377,14386700
2025-12-01,484.5820007324219,487.68816317334665,482.5012705124726,486.27447583839387,23964000
2025-12-02,487.82757568359375,491.312058367048,484.16389832530854,484.56211884124775,19562700
2025-12-03,475.6119689941406,482.09308589504883,473.0931871020635,474.2082166599713,34615100
2025-12-04,478.7081604003906,479.186043226252,474.3774403367437,477.6329620200481,22318200
2025-12-05,481.01788330078125,481.2568095233099,476.7568601661199,480.3807061976695,22608700
2025-12-08,488.8430480957031,490.11737199051475,482.2325023858298,482.74025101921535,21965900
2025-12-09,489.8385925292969,489.93815525049575,486.33420957194573,486.93155551686203,14696100
2025-12-10,476.4382629394531,482.10303829287767,472.973680864489,481.88401246545567,35756200
2025-12-11,481.3265075683594,483.8751552220924,473.750231167373,474.51683677020293,24669200
2025-12-12,476.4084167480469,480.31105063829824,474.22812377070755,477.69270598810584,21248100
2025-12-15,472.7148742675781,478.588710310573,470.42505317808707,477.97146396596463,23727700
2025-12-16,474.2779235839844,475.7712732838117,468.79234263095657,469.8177748762136,20705600
2025-12-17,474.00909423828125,477.8718969329872,472.8940646732686,474.79560024235434,24527200
2025-12-18,481.8342590332031,487.4293375934554,475.7712630284666,476.06992080908344,28573500
2025-12-19,483.7656555175781,485.68709144559693,480.35083955461556,485.1992432324443,70836100
2025-12-22,482.7701110839844,486.5632169440421,480.5499868948874,483.9647726311972,16963000
2025-12-23,484.6915588378906,485.66719456773416,482.5908977144131,482.829854335465,14683600
2025-12-24,485.8563232421875,486.99128356758627,482.680463867149,483.5267014178325,5855900
2025-12-26,485.5477294921875,485.95591540329985,483.8054881161676,484.5521629916047,8842200
2025-12-29,484.9404296875,486.1848877649252,482.0333622504328,482.71034015280554,10893400
2025-12-30,485.3187561035156,487.5089841188462,483.3475235456682,483.77560983811236,13944500
2025-12-31,481.4758605957031,485.97584057107747,481.15727202744546,485.6771523949816,15601600
