Date,Close,High,Low,Open,Volume
2020-01-02,5.963803768157959,5.963803768157959,5.884505550296847,5.934968095675587,237536000
2020-01-03,5.868346214294434,5.91209732246454,5.81937484385445,5.844233438817881,205384000
2020-01-06,5.892955780029297,5.898176042204706,5.749025423399727,5.775126734276773,262636000
2020-01-07,5.9643025398254395,6.0100422037665915,5.876303388303708,5.921297232433528,314856000
2020-01-08,5.97548770904541,6.016752920110511,5.920053346777654,5.960075367023141,277108000
2020-01-09,6.041113376617432,6.113451710976994,5.987419109058815,6.061745979509196,255112000
2020-01-10,6.073429107666016,6.178580656241072,6.059259958542958,6.148253347803174,316296000
2020-01-13,6.263844966888428,6.288952010758555,6.13383483053505,6.1564564415880145,319840000
2020-01-14,6.1470112800598145,6.246445205302498,6.133835923434662,6.221089234322224,359088000
2020-01-15,6.104503154754639,6.182061762177155,6.0786502856138,6.15968906872303,263104000
2020-01-16,6.188028335571289,6.193994419240896,6.134582505212435,6.157949468694057,284192000
2020-01-17,6.196728229522705,6.214626478954624,6.149248487016599,6.207168756490065,253792000
2020-01-21,6.163416862487793,6.196975895565761,6.129360458357694,6.160185135994632,217916000
2020-01-22,6.217360019683838,6.303867502720389,6.189767066563044,6.208659581685237,239240000
2020-01-23,6.285721302032471,6.294173292221765,6.168638052545545,6.25738300125643,244516000
2020-01-24,6.226558208465576,6.450782022304533,6.172366566956607,6.40106482430508,373512000
2020-01-27,5.971012115478516,6.021972024087734,5.772889640468227,5.922289191292471,470536000
2020-01-28,6.1641621589660645,6.196477998740835,5.9836890255119775,6.036886387353751,310976000
2020-01-29,6.103756427764893,6.18578946048405,6.0639823907408665,6.149744520950623,258848000
2020-01-30,6.110467910766602,6.1238917135787965,5.951125209315321,6.006062188703586,290504000
2020-01-31,5.877295017242432,6.07666019690818,5.835532919670474,6.064728033562404,370420000
2020-02-03,5.974245071411133,5.993634486380616,5.8529353441116,5.859149875876774,255564000
2020-02-04,6.143281936645508,6.162423375434906,6.065972258437693,6.11593790463185,271544000
2020-02-05,6.233518123626709,6.274285957619516,6.150241893918573,6.264093880586738,208220000
2020-02-06,6.32027530670166,6.32027530670166,6.186785433211624,6.267824220309713,218284000
2020-02-07,6.254150390625,6.302375943450668,6.228794423639679,6.280251702987878,189752000
2020-02-10,6.537041187286377,6.5377865327702835,6.2718006088987535,6.2767724236215585,529608000
2020-02-11,6.659343719482422,6.7739415190338645,6.583276767151044,6.645174571161196,638556000
2020-02-12,6.774937629699707,6.781401084473175,6.673266234387665,6.712045540613247,374644000
2020-02-13,6.7311859130859375,6.798303991866709,6.689672254333135,6.717016762163457,528016000
2020-02-14,7.203744888305664,7.332511833755253,7.109531243405762,7.140852817508515,1041924000
2020-02-18,7.372286319732666,7.3906819386275275,7.081193359788082,7.100582772620869,620164000
2020-02-19,7.822969913482666,7.840619710509699,7.494589335264522,7.494589335264522,694332000
2020-02-20,7.6738200187683105,7.863241593793257,7.366817357632579,7.774994022694895,810052000
2020-02-21,7.3101396560668945,7.586815002385468,7.2253722619940195,7.561707956830877,768180000
2020-02-24,6.793333053588867,7.006867932102628,6.6620801576875674,6.716520257731246,856916000
2020-02-25,6.514172077178955,6.9303034527702,6.412500679671574,6.868405630588113,1055496000
2020-02-26,6.653378009796143,6.847274499035752,6.512927812738994,6.514418977708999,747732000
2020-02-27,6.283013343811035,6.641190006067523,6.190733068633484,6.3402219811763265,906416000
2020-02-28,6.71755313873291,6.777000591412127,6.014134234274689,6.030799256981387,1133252000
2020-03-02,6.875747203826904,6.9046006006913085,6.4919511963656555,6.8874379106165495,890744000
2020-03-03,6.613580703735352,6.991158383309481,6.528264939840169,6.931462350616747,652792000
2020-03-04,7.076722621917725,7.086174529178954,6.646164359026675,6.720784754418788,597408000
2020-03-05,6.7976460456848145,7.044141044578289,6.753122483547437,6.877489381861099,540328000
2020-03-06,6.617311954498291,6.675764530909443,6.417329829721976,6.618306817272901,515412000
2020-03-09,6.104921340942383,6.452153634610945,5.924340679442209,5.96712263032955,614160000
2020-03-10,6.493940353393555,6.493940353393555,6.118601425283802,6.381015119188688,580648000
2020-03-11,6.130540370941162,6.3825077726804995,6.033534363514282,6.354152046429975,499964000
2020-03-12,5.380359649658203,5.8731009372494505,5.367674080920537,5.607950774664352,816540000
2020-03-13,5.990503787994385,5.9949809083831616,5.462442216383406,5.733312981335359,634836000
2020-03-16,4.885130405426025,5.62386990228448,4.825434365934162,5.283353073561972,726972000
2020-03-17,5.404237270355225,5.493532962867673,4.750814071544446,4.997308990591307,833632000
2020-03-18,5.044816493988037,5.22191485104539,4.49412041552813,4.977161091110081,874268000
2020-03-19,5.297283172607422,5.390806930894805,4.810262418937481,5.02342686677516,765512000
2020-03-20,5.117696762084961,5.728835253713744,5.102275202274465,5.447268674676942,804636000
2020-03-23,5.290317058563232,5.384587537043199,4.937861436737908,5.1167009402216665,643876000
2020-03-24,6.197946548461914,6.284506249716404,5.6723724650335825,5.6960019972439735,1101644000
2020-03-25,6.109398365020752,6.512346769675058,6.060646288704762,6.312862293100567,793432000
2020-03-26,6.398426055908203,6.522295239784668,6.21834262205559,6.316343477852053,696108000
2020-03-27,6.286248207092285,6.54468246183584,6.185510868111897,6.21834371533813,638828000
2020-03-30,6.606119632720947,6.615322944620109,6.3076389446385654,6.351664829525948,602252000
2020-03-31,6.5566205978393555,6.850126444851135,6.411111134109462,6.646164408789707,949960000
2020-04-01,6.045970439910889,6.505133062019152,6.001447365136863,6.358877795314713,656912000
2020-04-02,6.354402542114258,6.367585308128627,6.027068868541299,6.075074214375535,675764000
2020-04-03,6.066864013671875,6.358379663037295,5.929562996468458,6.316841179647941,663212000
2020-04-06,6.676013946533203,6.712826720238885,6.2912226117750105,6.348680332456353,727884000
2020-04-07,6.442950248718262,6.921016732850142,6.3999192267850225,6.897386723143072,784520000
2020-04-08,6.639946460723877,6.664819927163349,6.482000494418423,6.551894702646605,542444000
2020-04-09,6.5404534339904785,6.7884408976976,6.477523735926655,6.76555762990454,525564000
2020-04-13,6.7120795249938965,6.720785167160998,6.392456735653417,6.480757091589397,398408000
2020-04-14,7.062794208526611,7.096870512386343,6.812567953080137,6.840177411632227,530948000
2020-04-15,6.985438346862793,7.068266728820845,6.849629840850387,6.894899184713868,366148000
2020-04-16,7.3301825523376465,7.437138127768252,7.127464912267185,7.140647674170319,745620000
2020-04-17,7.270983695983887,7.433655370807423,7.137164937154515,7.412264162275912,539120000
2020-04-20,7.139901638031006,7.300335006334705,7.095627159726841,7.144627829354325,449388000
2020-04-21,6.703622817993164,7.083190258887159,6.64392677965587,7.022002163547339,735160000
2020-04-22,7.117515563964844,7.160297985277611,6.850127091236819,6.8956450294305265,483356000
2020-04-23,7.064285755157471,7.291379655385693,7.039163692591461,7.1595510947877585,424160000
2020-04-24,7.203079700469971,7.205069426004072,6.979468044624654,7.054088445216467,352328000
2020-04-27,7.389381408691406,7.54906850647414,7.312771282405198,7.337396152234377,479388000
2020-04-28,7.247105598449707,7.566479794148547,7.241633616006236,7.53663153895252,442904000
2020-04-29,7.423706531524658,7.47643805187387,7.306552786236492,7.381670378607925,379160000
2020-04-30,7.269988059997559,7.423705479746709,7.256059034832178,7.36973003280902,375916000
2020-05-01,7.033692359924316,7.1859172806554765,6.985437955761158,7.072743452911202,342096000
2020-05-04,7.245365142822266,7.259045574623268,6.98643322473106,6.98643322473106,317556000
2020-05-05,7.306304931640625,7.468728031635748,7.245364957293524,7.349335951665621,368896000
2020-05-06,7.407041549682617,7.511758806368057,7.3478431802598525,7.38565081334239,323464000
2020-05-07,7.583143711090088,7.646321994784234,7.494843367033123,7.546082350383744,373732000
2020-05-08,7.772928237915039,7.779146485620993,7.620951929825824,7.654779633814353,339216000
2020-05-11,8.02464485168457,8.071406707104636,7.739347055146661,7.767951366459305,469060000
2020-05-12,7.762979507446289,8.131105315022058,7.753279002014851,8.08235371634575,493060000
2020-05-13,7.740592956542969,8.037580580792781,7.556281003894796,7.877396301841328,625852000
2020-05-14,7.989823818206787,7.995295799856482,7.648560793394525,7.802029620855335,602312000
2020-05-15,8.447746276855469,8.457446310471292,7.834119759231287,7.849789920159128,987660000
2020-05-18,8.70592975616455,8.87133792590906,8.63653320763608,8.716127930897029,774460000
2020-05-19,8.760899543762207,9.041470783714418,8.71836571880114,8.74572658115145,717320000
2020-05-20,8.924566268920898,8.997196470671472,8.84372761897781,8.945459810615404,587536000
2020-05-21,8.730802536010742,9.006647564701275,8.693243502257346,9.00565317637838,761068000
2020-05-22,8.980533599853516,9.046946047215028,8.66911916021186,8.780551415125013,1038764000
2020-05-26,8.673592567443848,9.135243019223017,8.62807463372257,9.110369079581073,770780000
2020-05-27,8.482069969177246,8.589024607829826,7.956246272031052,8.581314301909094,1175892000
2020-05-28,8.444011688232422,8.716125833839921,8.336806580777488,8.369639419944306,734896000
2020-05-29,8.830546379089355,8.830546379089355,8.442024146641526,8.511172107077769,745256000
2020-06-01,8.761648178100586,8.795973565725932,8.645489722813036,8.788511854970578,389876000
2020-06-02,8.780547142028809,8.792486441936918,8.614144632127772,8.75169470369091,391320000
2020-06-03,8.725079536437988,8.821339725699485,8.655931605904515,8.777562925778758,365440000
2020-06-04,8.72607707977295,8.902011297144291,8.637486770862257,8.687753825722185,424280000
2020-06-05,8.87886905670166,8.955513667793715,8.667846716392749,8.753948023245258,481748000
2020-06-08,8.764399528503418,8.84875796278578,8.645699106542606,8.836315791447598,387736000
2020-06-09,9.004286766052246,9.067743068921587,8.71089664893527,8.759421777812781,468488000
2020-06-10,9.323556900024414,9.456192680142813,9.111290099594312,9.125475140441624,632180000
2020-06-11,8.75568962097168,9.21854464450774,8.745486794003435,9.107807709528801,583652000
2020-06-12,8.891311645507812,9.14488723008976,8.663118775221182,9.120251596693144,570908000
2020-06-15,9.131450653076172,9.139911559125865,8.703433037578094,8.77460413262687,400004000
2020-06-16,9.026683807373047,9.224020423826694,8.797993526540031,9.18246298281425,535716000
2020-06-17,9.193411827087402,9.256121053617617,9.028425617741286,9.071725930471368,408304000
2020-06-18,9.175496101379395,9.239698546814658,9.072472976600096,9.184454427604352,254408000
2020-06-19,9.218545913696289,9.40144879419368,9.184703242099346,9.1998831293818,524160000
2020-06-22,9.482821464538574,9.487301102199996,9.230490376313739,9.257117593182326,398468000
2020-06-23,9.406427383422852,9.598039910865843,9.364123799725126,9.506961521630625,375108000
2020-06-24,9.192914009094238,9.512433926958058,9.10233306985164,9.432553235534522,449372000
2020-06-25,9.44623851776123,9.461169689973298,9.139907896509927,9.31260789639529,376072000
2020-06-26,9.112785339355469,9.456194784156569,9.082923937413547,9.456194784156569,592084000
2020-06-29,9.157580375671387,9.16206001434002,8.858963428244438,9.12747025510975,342248000
2020-06-30,9.453956604003906,9.48232479694981,9.22377307669493,9.271053714697091,367892000
2020-07-01,9.486056327819824,9.531595986934233,9.369596194012617,9.476849291492085,326648000
2020-07-02,9.567924499511719,9.692596786302937,9.534080891849724,9.594550757542441,364056000
2020-07-06,9.793878555297852,9.863058044346857,9.667713036457133,9.696828302232177,315892000
2020-07-07,9.826231002807617,10.023566685048234,9.805327925441164,9.90038756505966,357800000
2020-07-08,10.168893814086914,10.177853089859866,9.919549138442747,9.947668620000956,365480000
2020-07-09,10.460540771484375,10.52125935945527,10.186310859679175,10.332384614793433,494548000
2020-07-10,10.430931091308594,10.606119214480618,10.330894381296,10.539926128477521,497676000
2020-07-13,10.005897521972656,10.742485046509767,9.978772887106153,10.546145179705201,457076000
2020-07-14,10.329148292541504,10.354779710789218,9.740375601380633,10.028540862575808,542676000
2020-07-15,10.18008804321289,10.384888759322536,10.00937869519527,10.366225982704343,403984000
2020-07-16,10.088018417358398,10.159685972931204,9.84987143136345,9.968820569091442,344964000
2020-07-17,10.154460906982422,10.201244122022572,10.041235900917167,10.178350410253335,266284000
2020-07-20,10.462285041809082,10.482690699140393,10.109917234833206,10.226875749369688,284852000
2020-07-21,10.280874252319336,10.511307409960915,10.239316810486173,10.464523249805001,277036000
2020-07-22,10.390619277954102,10.553613955695724,10.244048043577852,10.319697835420705,367292000
2020-07-23,10.083043098449707,10.498368886085727,9.984997020400378,10.401816020804677,411660000
2020-07-24,10.147491455078125,10.316956343600856,9.731917071829855,9.82946475245161,473292000
2020-07-27,10.373443603515625,10.393599594490283,10.170632547152719,10.185066298519443,292132000
2020-07-28,10.168396949768066,10.33412932148868,10.162176337630433,10.326415496640456,271636000
2020-07-29,10.417242050170898,10.467757814861779,10.299288712626408,10.342836785635788,284508000
2020-07-30,10.56506061553955,10.574018943102574,10.247779948516154,10.327162292919072,308880000
2020-07-31,10.565807342529297,10.716858214499968,10.384895060573951,10.514544480145966,386080000
2020-08-03,10.959481239318848,11.047573183866636,10.665841424159556,10.683011944240379,412720000
2020-08-04,11.17597770690918,11.17597770690918,10.855711635123345,10.999047691929793,310336000
2020-08-05,11.234707832336426,11.319315944315017,11.114763832371981,11.192155540405041,249924000
2020-08-06,11.283232688903809,11.305628981190738,11.127205723895173,11.29741678585423,244316000
2020-08-07,11.147857666015625,11.451700283827373,10.986604966220375,11.26033652411239,342516000
2020-08-10,11.113516807556152,11.355645046304279,10.80643904948696,11.28198686153084,427796000
2020-08-11,10.799971580505371,11.085399231333554,10.745971010645114,11.022689045250187,354512000
2020-08-12,11.38749885559082,11.414125122757872,10.907721031284495,10.940071438029333,464412000
2020-08-13,11.390235900878906,11.667700995815364,11.303388455676876,11.492760654115996,374460000
2020-08-14,11.510677337646484,11.650778256595569,11.387746937929792,11.476833720238632,366436000
2020-08-17,12.28011417388916,12.352528815873693,11.762761090180327,11.79660376231853,621300000
2020-08-18,12.204215049743652,12.43838077420562,12.030520161674376,12.392592403457424,503448000
2020-08-19,12.082528114318848,12.258213621054422,12.042214226825553,12.239799549527746,622624000
2020-08-20,12.0850191116333,12.31794037096447,11.823978367840457,11.919785102320878,921388000
2020-08-21,12.625016212463379,12.749688543498525,12.139016821784638,12.145487093065004,999868000
2020-08-24,12.661596298217773,12.85296007261866,12.449826868277539,12.824342222900356,490564000
2020-08-25,12.69120979309082,12.702407463725917,12.515772025592227,12.572509358263392,289076000
2020-08-26,12.714104652404785,12.809164303214024,12.619293712172963,12.740233502188829,321244000
2020-08-27,12.570018768310547,12.790746493496862,12.50855309966064,12.722561844110212,317604000
2020-08-28,13.087125778198242,13.087374488755257,12.584205502883087,12.616555911556786,537160000
2020-08-31,13.31282901763916,13.512404027360901,12.977631777675004,13.121962673479885,500840000
2020-09-01,13.76138687133789,13.933391281331938,13.378544809007552,13.421857130089242,511316000
2020-09-02,14.284619331359863,14.663229168155967,13.840044454467082,14.640327660475537,874012000
2020-09-03,12.959362030029297,13.824613370460439,12.823201635457625,13.769103935928273,945128000
2020-09-04,12.568056106567383,13.118172794342433,11.654264257485755,12.728609755391352,1463684000
2020-09-08,11.861618041992188,12.495870675289437,11.653768631335238,11.683887757182136,795728000
2020-09-09,12.660155296325684,12.753998485090438,12.178989130595118,12.346513484942513,736200000
2020-09-10,12.258646011352539,13.008895916801286,12.114519770501584,12.933223515687224,698684000
2020-09-11,12.112031936645508,12.597926996342265,11.844440927572224,12.431647488239708,636928000
2020-09-14,12.816728591918945,13.257568885233198,12.576768855905764,13.024578926203295,1201744000
2020-09-15,12.934966087341309,13.241388418414578,12.7724202640412,13.222719102887627,727556000
2020-09-16,12.460524559020996,13.036280495249772,12.459778203985486,12.9013649530675,556384000
2020-09-17,12.409741401672363,12.535447115383795,11.98284068441075,12.07991998724421,792512000
2020-09-18,12.136675834655762,12.578013731233012,11.937041086164525,12.539431169954202,698460000
2020-09-21,12.46325969696045,12.468487029467878,11.853152604133797,11.873564364275431,721044000
2020-09-22,12.583240509033203,12.593446389874005,12.103071287394512,12.520761299174337,646452000
2020-09-23,12.071455955505371,12.672104438360137,12.027148498974409,12.521257209528594,647012000
2020-09-24,12.294739723205566,12.515284736210981,11.962180709019703,12.020179888363417,731240000
2020-09-25,12.818222999572754,12.827931310749506,12.19293236465039,12.393811984118468,588016000
2020-09-28,12.978776931762695,12.995455019452848,12.695006353439096,12.984004264530533,573808000
2020-09-29,13.168702125549316,13.384766127084744,12.87746424849451,12.881695491175353,621460000
2020-09-30,13.47214126586914,13.563744463201456,13.093531365864601,13.100749928367792,689184000
2020-10-01,13.555777549743652,13.703387740885159,13.40269029134298,13.698658927613552,525004000
2020-10-02,13.005908966064453,13.461186360734684,12.994706996717781,13.167957222470799,552496000
2020-10-05,13.583657264709473,13.585399709035006,13.165717512425775,13.178910712130937,479820000
2020-10-06,13.67724895477295,14.081000286790855,13.606057536620986,13.770345789879652,784420000
2020-10-07,13.903772354125977,14.058353300449893,13.803705709048165,13.939368550099026,418084000
2020-10-08,13.779060363769531,14.023750816263338,13.698659142162176,14.01429129045017,378900000
2020-10-09,13.703387260437012,13.764622541474697,13.601827927722326,13.707619453210627,346892000
2020-10-12,14.164640426635742,14.285118819607398,13.852493157883188,13.929160708195548,434744000
2020-10-13,14.18679428100586,14.28661212456434,13.95828434553534,14.23483636602296,344604000
2020-10-14,14.034451484680176,14.280883383035329,13.89978478272532,14.228858850059002,276100000
2020-10-15,13.90974235534668,13.945337589892363,13.70836425775623,13.751179002739164,267224000
2020-10-16,13.751928329467773,14.060591666359802,13.733010226412944,13.976207032310032,242392000
2020-10-19,13.439530372619629,13.923184432811734,13.348922328803374,13.843032003278086,298068000
2020-10-20,13.586644172668457,13.740229003199504,13.448741340593111,13.524911318681056,229212000
2020-10-21,13.466416358947754,13.732016177737718,13.419370357324816,13.566234215252189,219596000
2020-10-22,13.303370475769043,13.553038513396526,13.174677441609322,13.464173860061539,290480000
2020-10-23,13.531634330749512,13.534621649823457,13.233924151048443,13.391989033555745,233484000
2020-10-26,13.084566116333008,13.633687592176697,12.982259493481369,13.36908394809306,336896000
2020-10-27,13.33896541595459,13.384020175552658,13.134599996643855,13.248606162274928,250520000
2020-10-28,12.572538375854492,13.20280855748123,12.554616361044642,13.141075696041263,376520000
2020-10-29,12.967823028564453,13.13584495995668,12.695004720775675,12.783123011626987,320080000
2020-10-30,12.479939460754395,12.88070262306885,12.246948531109375,12.794576492375915,416820000
2020-11-02,12.526485443115234,12.781380795725333,12.341536637952245,12.603152981885287,299652000
2020-11-03,12.963343620300293,13.048474603240864,12.548391206447642,12.653685165437649,272900000
2020-11-04,13.734749794006348,13.767857179588608,13.279472440749407,13.331496975863299,410228000
2020-11-05,14.098923683166504,14.277151505773915,13.930652955568876,14.101413431699372,319028000
2020-11-06,14.499191284179688,14.525825518344906,13.835068378723031,14.048891455608413,383348000
2020-11-09,13.57196044921875,14.628135455312743,13.552047202740761,14.489735021348709,582976000
2020-11-10,12.71491813659668,13.547809181879513,12.573779229034589,13.547809181879513,644068000
2020-11-11,13.360125541687012,13.377052414591688,12.892401270410012,12.997446446842183,404744000
2020-11-12,13.398704528808594,13.706620464364455,13.258561719127576,13.420858728654567,365812000
2020-11-13,13.23964786529541,13.609794327141808,13.00292326551335,13.56847323205472,346312000
2020-11-16,13.456953048706055,13.590623658561508,13.099252581968164,13.115680931707168,413776000
2020-11-17,13.364356994628906,13.537606285755135,13.246368351488899,13.49404517800945,312028000
2020-11-18,13.370826721191406,13.547063298311084,13.128128487665085,13.407169259990862,510924000
2020-11-19,13.382279396057129,13.429325390449687,13.043496960142532,13.155760695717245,565936000
2020-11-20,13.03129768371582,13.436292933287069,13.008644962843594,13.395967937592868,341088000
2020-11-23,13.083322525024414,13.324775884606339,12.959359267395191,13.11443773189081,361356000
2020-11-24,12.901862144470215,13.105230576855208,12.829425831915962,13.085814902758454,346500000
2020-11-25,13.177665710449219,13.212265811659313,12.963842630406676,12.976288525531565,259916000
2020-11-27,13.20405101776123,13.349670932792165,13.113692699646311,13.31731084616741,167276000
2020-11-30,13.343695640563965,13.354648825249436,12.916297341464292,13.207784992620201,286952000
2020-12-01,13.332244873046875,13.470396474680498,13.171191763899333,13.4340539339607,296948000
2020-12-02,13.486080169677734,13.614523477807763,13.177168059878014,13.292916687996875,283360000
2020-12-03,13.34216022491455,13.605099125266102,13.275430066021904,13.532890281081619,199520000
2020-12-04,13.503759384155273,13.505502343250445,13.33494026054711,13.394449728247713,202244000
2020-12-07,13.552061080932617,13.676060962202541,13.445740595670882,13.5465833461892,223244000
2020-12-08,13.296344757080078,13.544094728114345,13.228119551989275,13.530399915409005,271920000
2020-12-09,12.878778457641602,13.360085838709526,12.816529658441905,13.247042376503204,401300000
2020-12-10,12.920112609863281,13.016225157346986,12.797855678959717,12.817278035078495,207764000
2020-12-11,12.960949897766113,12.967672875794605,12.771464120306371,12.915134293753066,209264000
2020-12-14,13.255258560180664,13.334936941798812,13.024938208633168,13.035395960601504,270156000
2020-12-15,13.306801795959473,13.409885223527201,13.133750208165058,13.385732658762745,193016000
2020-12-16,13.189278602600098,13.383245733797809,13.159398488926833,13.368554535432228,223116000
2020-12-17,13.287629127502441,13.325725362310642,13.12553301083175,13.313025984147043,231384000
2020-12-18,13.218658447265625,13.351123325763458,13.017968362309006,13.325227800290302,342064000
2020-12-21,13.278665542602539,13.316264063450639,12.915381612940775,13.022200773575815,302332000
2020-12-22,13.224884033203125,13.283646925526869,13.001535460648212,13.265719617640173,185580000
2020-12-23,12.956966400146484,13.221648300636407,12.952733906135586,13.202724607149166,179144000
2020-12-24,12.94152545928955,13.079717874685622,12.886747159830435,12.98485057196713,97884000
2020-12-28,12.848153114318848,13.010000389047383,12.711953456949022,13.010000389047383,212564000
2020-12-29,12.891231536865234,13.019962612966786,12.790637617146128,12.873055368869608,170372000
2020-12-30,13.092915534973145,13.160642074392083,12.844916701690002,12.938040099740185,225396000
2020-12-31,13.002532005310059,13.098145898291843,12.863094326087117,13.083704508417757,192424000
2021-01-04,13.060796737670898,13.597631016115521,12.91040358098089,13.051584224791647,560640000
2021-01-05,13.350876808166504,13.389470769781441,13.034403853336013,13.047102284937463,322760000
2021-01-06,12.563801765441895,13.191767596146791,12.53541670344203,13.169357986731624,580424000
2021-01-07,13.290369033813477,13.32398392120334,12.834708264575642,12.915382094628498,461480000
2021-01-08,13.223389625549316,13.367059793296423,12.989583303848809,13.308795569096715,292528000
2021-01-11,13.566755294799805,13.904891272024647,13.308796388895459,13.364819940572676,518344000
2021-01-12,13.430553436279297,13.699219880759559,13.291365574551167,13.697227113464349,291476000
2021-01-13,13.477363586425781,13.570239074194301,13.331203898280512,13.435781431552286,210028000
2021-01-14,13.147198677062988,13.545093004651417,13.127528408243663,13.520442716544837,283120000
2021-01-15,12.807814598083496,13.271692381711922,12.796859128798951,13.174833267369788,277780000
2021-01-19,12.972901344299316,13.0413744649296,12.79237922661994,12.963936740649542,226188000
2021-01-20,13.312032699584961,13.376522184971396,13.004274570708622,13.059052877089373,258572000
2021-01-21,13.811763763427734,13.942984337506825,13.199733528843137,13.364568036299605,337780000
2021-01-22,13.657388687133789,13.786119751969078,13.572481408125672,13.684778315815404,246820000
2021-01-25,13.59837532043457,13.772921018082734,13.183300345613404,13.72635884482473,251112000
2021-01-26,13.381255149841309,13.589912548799784,13.33369658192378,13.525920771704282,163980000
2021-01-27,12.86583423614502,13.179567840926634,12.742332042000513,13.176828497975235,371272000
2021-01-28,12.998544692993164,13.286134786684336,12.908408554743174,12.944015254863068,228316000
2021-01-29,12.937543869018555,13.28115757374475,12.859608425570046,13.022451148945741,271552000
2021-02-01,13.183798789978027,13.21741272526366,12.850891747211746,13.000787159383922,217204000
2021-02-02,13.502265930175781,13.517453895988597,13.232105357802928,13.344900937302837,220440000
2021-02-03,13.476120948791504,13.875758199731045,13.462177275976654,13.58119621183441,245408000
2021-02-04,13.609333992004395,13.618546504869126,13.284146250549627,13.476619285849223,201340000
2021-02-05,13.53637409210205,13.682036999895496,13.491306023574886,13.669836288796368,169152000
2021-02-08,14.380721092224121,14.41558027564343,13.672080435543572,13.672080435543572,434624000
2021-02-09,14.205926895141602,14.524640523472257,14.165340166311495,14.283114817717069,287560000
2021-02-10,14.704911231994629,14.845095479349197,14.283860773020809,14.405121329535092,485352000
2021-02-11,15.189457893371582,15.210872071479551,14.865017660110395,14.920045781401463,450828000
2021-02-12,14.901119232177734,15.229792846310929,14.715617109549683,14.989512421221601,374756000
2021-02-16,15.268633842468262,15.310714660298338,14.889912181045197,15.003703165313603,321960000
2021-02-17,14.846089363098145,15.162313368757408,14.720595384455311,15.110023656915487,274756000
2021-02-18,14.769402503967285,14.813474199049633,14.516422672580028,14.669804025488334,233868000
2021-02-19,14.866510391235352,15.116003352736659,14.787080847428777,14.964116101576446,271724000
2021-02-22,14.298053741455078,15.07242908936118,14.267427053399269,14.71536943669712,325884000
2021-02-23,14.085162162780762,14.181523573742238,13.335685999500365,14.018679913027913,391780000
2021-02-24,14.440727233886719,14.448446595280082,13.700713365709305,14.065990089420389,448320000
2021-02-25,13.254015922546387,14.316976805653484,13.16313319589413,13.989049754794058,824436000
2021-02-26,13.659380912780762,13.798817635314652,13.307301288699822,13.69722734472465,500932000
2021-03-01,13.786118507385254,13.869033961341506,13.498778190317397,13.819234727310848,353184000
2021-03-02,13.352368354797363,13.864551312583613,13.342159459835498,13.844133522659883,264116000
2021-03-03,12.753288269042969,13.397438485265281,12.74731186627363,13.372290481495257,377592000
2021-03-04,12.320533752441406,12.922853894741422,12.035185217858675,12.749303604657026,573344000
2021-03-05,12.411417961120605,12.499562306411242,11.63231138583102,12.499562306411242,542840000
2021-03-08,11.546653747558594,12.421124127618032,11.520010701011357,12.39995976529484,543112000
2021-03-09,12.474233627319336,12.570378398131114,12.014927537191268,12.085666683941009,521824000
2021-03-10,12.422425270080566,12.932293687337854,12.41171496237117,12.793306731118925,384376000
2021-03-11,12.945746421813965,12.998303141845815,12.68769846594518,12.902406344963806,299916000
2021-03-12,12.80875015258789,12.841379915385886,12.543727990467413,12.601763379126412,243964000
2021-03-15,13.142765998840332,13.158209097696057,12.72032460470634,12.817466095791916,221988000
2021-03-16,13.242401123046875,13.462837548611631,13.068541996245397,13.307410755933141,272128000
2021-03-17,13.292216300964355,13.403804172306538,12.941758742191908,12.991824107730828,243864000
2021-03-18,12.675743103027344,13.135547201261893,12.670263475829103,13.088222111637684,293896000
2021-03-19,12.798539161682129,12.874011114982835,12.56614673642358,12.703141206459366,299208000
2021-03-22,13.137785911560059,13.345270569661254,12.859313158739914,12.865291623650993,297804000
2021-03-23,13.022710800170898,13.295454030041492,12.973392265762131,13.20553571417136,222048000
2021-03-24,12.596532821655273,13.110886055698332,12.59030636238717,13.102915085638799,245840000
2021-03-25,12.489178657531738,12.668019515314883,12.226896785999031,12.453560612717908,295144000
2021-03-26,12.792060852050781,12.808998568705801,12.328022905586126,12.508357423671487,363968000
2021-03-29,12.900662422180176,13.014492713127513,12.653324782729335,12.773132589205469,273520000
2021-03-30,12.824442863464355,12.927562839023832,12.658305758509186,12.794802331642357,200204000
2021-03-31,13.299189567565918,13.420989848582142,12.934783551601091,12.967662254162988,314776000
2021-04-01,13.76098918914795,13.819024583083182,13.46159272623592,13.522369358755661,308276000
2021-04-05,13.936092376708984,13.962494731258166,13.682527344785477,13.816533522907958,255672000
2021-04-06,13.810555458068848,14.002597032896157,13.722879532840807,13.948297705902563,191744000
2021-04-07,14.09151840209961,14.191150299741128,13.661105981821104,13.829733469793657,251284000
2021-04-08,14.264382362365723,14.418314549550134,14.19663148631253,14.200368502405839,244416000
2021-04-09,14.347077369689941,14.355048340906217,14.122904849951626,14.16176107797861,195172000
2021-04-12,15.153101921081543,15.296074841669363,14.087283745856782,14.237230908904042,869324000
2021-04-13,15.621872901916504,15.642297740883008,15.070158056314497,15.175519477903563,676212000
2021-04-14,15.220853805541992,15.662723403944465,15.17153526617019,15.56757439683238,385500000
2021-04-15,16.077943801879883,16.154660479530673,15.574051864074454,15.604938070709537,598480000
2021-04-16,15.854019165039062,16.106338548705928,15.806942072103748,15.99400192125757,335208000
2021-04-19,15.305289268493652,15.74940120021796,15.177012626643881,15.479397321409937,404420000
2021-04-20,15.11549186706543,15.440044046604253,14.908007196915346,15.266932701181231,334132000
2021-04-21,15.304046630859375,15.306039135930256,15.046745528966595,15.063184408428354,216776000
2021-04-22,14.795668601989746,15.381756666672457,14.72916341508692,15.318489656115332,277788000
2021-04-23,15.209144592285156,15.278638067216274,14.84548633446587,14.879360816606061,227500000
2021-04-26,15.421113967895508,15.422110695504312,15.069411647383998,15.129191549679522,197796000
2021-04-27,15.325216293334961,15.61290472261558,15.298066158653663,15.521242850194147,164572000
2021-04-28,15.220602989196777,15.475164740857569,15.15957836730446,15.308030914991681,209416000
2021-04-29,15.268425941467285,15.379764870090474,15.016106605297141,15.343399043611141,173196000
2021-04-30,14.954334259033203,15.308527889547474,14.941880391047532,15.118728737053257,201912000
2021-05-03,14.782219886779785,15.19071284416774,14.733151247079403,15.06941043878628,203912000
2021-05-04,14.298503875732422,14.583701921742202,13.958757564248552,14.583452977403262,405324000
2021-05-05,14.405359268188477,14.75905499847583,14.334620122131005,14.654938309097338,292024000
2021-05-06,14.469623565673828,14.517696430692741,14.165745174441199,14.441975539696038,193380000
2021-05-07,14.757810592651367,14.91572777547651,14.617826904664591,14.753825582724902,229328000
2021-05-10,14.213319778442383,14.751584051485553,14.197627731992897,14.732902772330645,268904000
2021-05-11,14.253669738769531,14.301991547121727,13.69946450914894,13.774188670983172,285584000
2021-05-12,13.707930564880371,14.207836369056974,13.658861933516055,13.958007464032942,303408000
2021-05-13,13.615028381347656,14.029002007190137,13.409536184968337,13.982173856108112,285404000
2021-05-14,14.190651893615723,14.275339526116129,13.697969198962545,13.838949606962357,258616000
2021-05-17,14.113436698913574,14.11717276437191,13.802584080647618,14.104967840462367,216980000
2021-05-18,13.964238166809082,14.351310534500186,13.952531130875531,14.214565019489333,186256000
2021-05-19,14.014053344726562,14.027752884459964,13.49347368536492,13.516637860643087,344000000
2021-05-20,14.558794975280762,14.629783072668266,14.218051917786887,14.249933897946976,321592000
2021-05-21,14.936649322509766,15.16605342254954,14.814849033504863,15.108017088006374,672992000
2021-05-24,15.554621696472168,15.687132304008871,15.120223305868196,15.156589134652451,554816000
2021-05-25,15.590239524841309,15.760361630715945,15.42559704511767,15.708054812680162,435408000
2021-05-26,15.64229679107666,15.735702226871508,15.528965356400244,15.676421168733075,370440000
2021-05-27,15.431076049804688,15.692113190945143,15.403179081309112,15.642047824221699,581476000
2021-05-28,16.184799194335938,16.21767885890233,15.444032817878627,15.444032817878627,644536000
2021-06-01,16.20472526550293,16.328021150399323,15.844802987740685,16.210205842744976,472804000
2021-06-02,16.716585159301758,16.856569802587472,16.175830504462102,16.192519278165797,594168000
2021-06-03,16.907379150390625,17.19556736897667,16.522051333849653,16.639368724927916,580008000
2021-06-04,17.513647079467773,17.59609137456024,17.03267134906249,17.049607167748274,617120000
2021-06-07,17.55424690246582,17.747036276594248,17.129564882139565,17.506673820238802,575756000
2021-06-08,17.39284324645996,17.55673796608518,17.18759905493115,17.46283462472556,323848000
2021-06-09,17.298416137695312,17.5144200997862,17.196270441472134,17.45537445495699,381656000
2021-06-10,17.364933013916016,17.431703394406398,17.11679270243008,17.290192689067965,287772000
2021-06-11,17.763805389404297,17.877412740518896,17.38362021079101,17.41924641470844,416308000
2021-06-14,17.956636428833008,17.97731494669159,17.601864607504492,17.84427598888684,321376000
2021-06-15,17.727188110351562,17.954153898669556,17.666897441968146,17.85325318173443,243032000
2021-06-16,17.748857498168945,17.892860137369315,17.523885687576584,17.729425885437355,307124000
2021-06-17,18.592941284179688,18.770078247109847,17.695047795899175,17.713234404849683,809656000
2021-06-18,18.574501037597656,19.30821305776164,18.51993932359038,18.71925067030263,968856000
2021-06-21,18.363731384277344,18.472605819565104,17.76131527148521,18.371703230531587,672384000
2021-06-22,18.821651458740234,18.89838762561246,18.32262782687247,18.407833844865117,580144000
2021-06-23,18.991559982299805,19.086731742850937,18.842575405432253,18.942231092149555,332356000
2021-06-24,19.13930320739746,19.353064306572136,19.02245689715769,19.16147764260084,320924000
2021-06-25,18.96540069580078,19.278817427102744,18.829371801358914,19.21404094846536,278364000
2021-06-28,19.916112899780273,20.009539746281707,19.25240821728546,19.294512263445398,495436000
2021-06-29,19.957717895507812,20.029468310884855,19.58924145905206,19.81396426181728,367632000
2021-06-30,19.93355369567871,20.093002037862693,19.795281878543864,19.930314776489794,326568000
2021-07-01,20.142332077026367,20.385490527597725,19.949996529159517,20.055632059782717,480136000
2021-07-02,20.416378021240234,20.43456652516882,20.217815593150004,20.369790056845883,342764000
2021-07-06,20.627153396606445,20.77015813867355,20.280104352666278,20.666018525350328,446708000
2021-07-07,20.301530838012695,20.803046315753402,20.261918703161886,20.781620788688226,418428000
2021-07-08,19.83414649963379,20.063602249461436,19.632843115344528,19.788056528694977,503300000
2021-07-09,19.981136322021484,20.011033596944927,19.686157099051567,19.893689311396027,296624000
2021-07-12,20.441797256469727,20.461975876319716,20.118165723734343,20.17023553460196,321984000
2021-07-13,20.180200576782227,20.390722726429324,20.04466967248551,20.33018116670877,290708000
2021-07-14,19.773101806640625,20.347365436416478,19.684658809651104,20.287572800347288,380100000
2021-07-15,18.900869369506836,19.778583918631284,18.79349086409363,19.743455720682167,550564000
2021-07-16,18.098400115966797,19.090967290639107,18.010704097196164,18.964904144857933,688224000
2021-07-19,18.71501922607422,18.976364277481892,17.803919215628007,17.853499010534822,749060000
2021-07-20,18.547849655151367,18.77307053516643,18.101393819429756,18.665442975738188,434687000
2021-07-21,19.343093872070312,19.459691152678595,18.677397187844907,18.816914001718725,371017000
2021-07-22,19.526458740234375,19.818448030291623,19.209554105329772,19.574293617288724,323826000
2021-07-23,19.490583419799805,19.632094138275786,19.18364454445937,19.5882451844346,195672000
2021-07-26,19.227495193481445,19.374983858977348,18.848803969588506,19.244436793032506,203943000
2021-07-27,19.14179039001465,19.554362894991016,18.676399176562164,19.198593120837312,248863000
2021-07-28,19.435771942138672,19.578278660578594,18.929523634403203,19.252406188851747,202191000
2021-07-29,19.594226837158203,19.78456845561129,19.261376580692936,19.451718199146022,190781000
2021-07-30,19.431785583496094,19.56233262989459,19.196599037799633,19.35106352111419,183497000
2021-08-02,19.681917190551758,19.892190265820158,19.29425822418033,19.63209031240409,217444000
2021-08-03,19.7466983795166,20.152295043077654,19.153748123448008,19.67195614363054,301811000
2021-08-04,20.20411491394043,20.24796386771161,19.75965124376936,19.921093477440312,231309000
2021-08-05,20.56586265563965,20.66153240927619,20.271879455166875,20.429335766295853,211435000
2021-08-06,20.29580307006836,20.499100408027225,20.14034062348505,20.45325942911503,178497000
2021-08-09,20.225048065185547,20.437313251264435,20.073571547056734,20.375526676723766,146443000
2021-08-10,19.86728286743164,20.359579568061065,19.76662927363891,20.251952033949838,179238000
2021-08-11,19.631101608276367,19.979895621126385,19.363029684884797,19.973915784698104,185925000
2021-08-12,19.83638572692871,19.95995693048754,19.55236830867384,19.801506528249956,151652000
2021-08-13,20.118412017822266,20.1443233694404,19.782573757798062,19.836388472220936,183063000
2021-08-16,19.88123321533203,20.21707147166275,19.385944729446937,20.0655949890892,210876000
2021-08-17,19.390926361083984,19.701851137196797,19.200584773858555,19.617143152947893,204585000
2021-08-18,18.974369049072266,19.566321363540087,18.934506018766548,19.432782492944614,285913000
2021-08-19,19.72975730895996,20.424355275719023,18.697327164065186,19.42680433496521,766555000
2021-08-20,20.744247436523438,20.79307832111632,19.86429170671667,19.922090443139417,675741000
2021-08-23,21.882308959960938,21.921174082435364,20.877784205447764,20.89871172530121,575807000
2021-08-24,21.717880249023438,21.8833084230163,21.46077013569365,21.678019114764727,297299000
2021-08-25,22.136430740356445,22.392544826376568,21.64712400159845,21.662071688084197,347701000
2021-08-26,21.991933822631836,22.262995617571487,21.71489219229339,22.12347879676051,237940000
2021-08-27,22.557971954345703,22.643675947875877,22.090588763919488,22.10753036152277,304722000
2021-08-30,22.60979652404785,22.963572419378465,22.473269615708634,22.751307262334937,262580000
2021-08-31,22.311771392822266,22.62075674664323,22.04763890496798,22.62075674664323,259850000
2021-09-01,22.367595672607422,22.6227588159773,22.283870800876286,22.411452372561225,201767000
2021-09-02,22.322738647460938,22.51909472765023,22.22206920355075,22.44433930541851,187834000
2021-09-03,22.76827621459961,22.910808082103483,22.127379950913973,22.251971049959415,280532000
2021-09-07,22.587867736816406,22.82409196545465,22.4483244181334,22.758307882725695,198107000
2021-09-08,22.265920639038086,22.536033995279624,21.90510347556101,22.43935120052012,254434000
2021-09-09,22.104455947875977,22.464275126748724,22.058606891844985,22.239014571951014,196856000
2021-09-10,22.404470443725586,22.55198511877038,22.197150672313043,22.2748946360381,248376000
2021-09-13,22.07953643798828,22.88888048395177,21.786497552074803,22.609795740171823,297500000
2021-09-14,22.16924476623535,22.336694491367744,22.013754920994057,22.202135861768,199755000
2021-09-15,22.267915725708008,22.293831645548725,21.894142459272885,22.236020817611784,166538000
2021-09-16,22.16924476623535,22.204130125637935,21.855274630502613,22.11043774594107,156033000
2021-09-17,21.828357696533203,22.247979999045086,21.758586993159383,22.22704878803294,294503000
2021-09-20,21.0439395904541,21.36289255637249,20.594414612488368,21.076830688273485,349440000
2021-09-21,21.17650032043457,21.35491372577289,20.88146906785273,21.3469404733302,204688000
2021-09-22,21.869224548339844,21.888161496452156,21.126660825026075,21.29610478128571,268726000
2021-09-23,22.40845489501953,22.461281014018834,21.818390548782627,22.067572722802016,248555000
2021-09-24,22.00876808166504,22.076546431149566,21.789488429342764,21.997804384215325,217655000
2021-09-27,21.589141845703125,21.727687063616163,21.255238669165244,21.63897751646404,245215000
2021-09-28,20.631290435791016,21.34893644407722,20.583447115090674,21.144607100297833,343069000
2021-09-29,20.44988250732422,20.94824684688675,20.400044932702517,20.87149907318932,218394000
2021-09-30,20.648231506347656,20.99708693414732,20.620323224212417,20.70006144475727,221009000
2021-10-01,20.674150466918945,20.79076641966092,20.13691215457875,20.68212371981342,240978000
2021-10-04,19.667451858520508,20.47480160606298,19.49103082581489,20.43692580745961,345635000
2021-10-05,20.384096145629883,20.58045217530821,19.78904906919752,19.884735680862036,279282000
2021-10-06,20.63228988647461,20.652223020497054,20.014317105148756,20.054187175412817,297202000
2021-10-07,21.006061553955078,21.252253324633013,20.90339784226503,21.023004241236695,256919000
2021-10-08,20.76285743713379,21.136630744836808,20.707040866525467,21.03197467494621,151258000
2021-10-11,20.627302169799805,20.994098397870303,20.443904055764555,20.507695778664687,163388000
2021-10-12,20.60338020324707,20.988117194123532,20.460848337072985,20.759866211548562,162134000
2021-10-13,20.87050437927246,20.921338143306798,20.64524382851647,20.849573164865863,180652000
2021-10-14,21.674867630004883,21.68383706493013,21.052908229325823,21.21836559694219,243589000
2021-10-15,21.790481567382812,21.859256088546132,21.591136975232704,21.738651631224155,226994000
2021-10-18,22.14930534362793,22.218079867426876,21.573195134718436,21.677853093300257,189494000
2021-10-19,22.217084884643555,22.305792542429998,21.964912250814812,22.203128841785272,161473000
2021-10-20,22.030696868896484,22.359617290338466,21.910092397516213,22.23203574791411,146276000
2021-10-21,22.617767333984375,22.63670618326787,22.010760294577082,22.024714435687386,187590000
2021-10-22,22.651653289794922,23.054330962445018,22.487194064501068,22.748336082650347,249384000
2021-10-25,23.09021759033203,23.278598494667374,22.695513113631097,22.897848159028317,230235000
2021-10-26,24.636146545410156,25.176375311741033,23.845741281251218,23.9105291901344,485898000
2021-10-27,24.37101173400879,25.007921262227864,24.202563973433747,24.393937207117244,245990000
2021-10-28,24.85941505432129,24.868386389920456,24.442783111276334,24.79662140845552,234204000
2021-10-29,25.48336410522461,25.624899789420567,24.918219450808614,24.91921563206718,292503000
2021-11-01,25.74251365661621,25.809293921603484,25.144476013269458,25.565096437115333,265740000
2021-11-02,26.314634323120117,26.590728607704555,25.71560052254652,25.737529816984793,294112000
2021-11-03,26.510990142822266,26.69638250653968,26.149178650654214,26.582755112755702,239910000
2021-11-04,29.703516006469727,31.26239905171974,27.02929203332066,27.139928992611882,1153631000
2021-11-05,29.65467643737793,31.29728433418583,29.313794225323047,30.088252938531244,851260000
2021-11-08,30.703229904174805,30.99826111038882,29.8091630510037,30.050371960024457,503101000
2021-11-09,30.556713104248047,32.204307519629445,29.86598118563401,32.17639923609389,646746000
2021-11-10,29.362628936767578,30.749079234219863,28.683856969426465,29.25996714814897,636206000
2021-11-11,30.290584564208984,30.489931064518142,29.679590905724567,30.368330421751022,332172000
2021-11-12,30.290584564208984,30.57963679954635,29.53307052458696,29.911828494952534,413054000
2021-11-15,29.926780700683594,30.543755287298133,29.15132584547051,30.45205718413863,384909000
2021-11-16,30.104198455810547,30.29058701140295,29.608824510774056,29.661652535322734,264484000
2021-11-17,29.165279388427734,30.409197952977312,28.70578699749506,30.318494131813672,428508000
2021-11-18,31.57138442993164,32.65283428082638,31.218542338444994,32.261122107751916,781711000
2021-11-19,32.877105712890625,32.97976943566429,31.800638500382686,32.13753223855901,533867000
2021-11-22,31.85146141052246,34.533658301488515,31.795644847195604,33.40735381658586,754335000
2021-11-23,31.64215087890625,32.25414264484403,30.77898266433961,31.431840673643133,532163000
2021-11-24,32.56711196899414,32.74751961280794,30.82682344260041,31.35808076043458,435162000
2021-11-26,31.399946212768555,32.60299664841291,31.2474468349952,32.493355877058754,283069000
2021-11-29,33.26680374145508,33.302685261238466,31.931187645357973,32.26010981484202,454964000
2021-11-30,32.5691032409668,33.24389046679486,31.759761224855104,33.06049048348585,622066000
2021-12-01,31.33600616455078,33.184169646455935,31.281179063188567,33.114390390664795,484368000
2021-12-02,32.02482986450195,32.375722550194084,30.9272972457991,31.11570313644076,472890000
2021-12-03,30.596338272094727,32.02781664936372,30.035109719778976,31.89922130115563,544325000
2021-12-06,29.942405700683594,30.145761817550646,27.949700565814876,29.78589864714848,658938000
2021-12-07,32.32487487792969,32.34680875654143,30.554469012712545,30.859506976245633,593053000
2021-12-08,31.725770950317383,32.188310380047575,31.322045727763758,31.898226458005908,475551000
2021-12-09,30.393978118896484,32.103579151197884,30.332173100678283,31.63405989309718,488507000
2021-12-10,30.102901458740234,31.206415682530494,29.766962833942674,31.051903118678588,488825000
2021-12-13,28.072309494018555,30.198593181017998,28.027451140250424,30.153734827249867,598344000
2021-12-14,28.247764587402344,28.58769035773507,27.164187737169147,27.611773209784822,667035000
2021-12-15,30.363079071044922,30.403950320139508,27.750332756169268,28.31056319651723,698297000
2021-12-16,28.297603607177734,31.061871670056004,28.004530741243016,31.053897441434426,707366000
2021-12-17,27.713451385498047,28.830921489909592,27.672580135131074,27.896871959169967,713758000
2021-12-20,27.631704330444336,28.055365116089646,27.059512623643005,27.219008583039486,461847000
2021-12-21,28.983436584472656,29.028294944690636,27.314706725168943,28.284643989318436,524385000
2021-12-22,29.30741310119629,29.46192565947625,28.359407778692482,28.800017170257917,395184000
2021-12-23,29.54665756225586,29.964338677580162,29.338316106879212,29.661295177874464,343022000
2021-12-27,30.84754753112793,30.98910054168439,29.546656940110104,29.566594412321887,403686000
2021-12-28,30.22650909423828,31.231334077242877,29.91748399123054,31.21339111350028,420591000
2021-12-29,29.906522750854492,30.451801065304423,29.273522212886757,30.177667453136895,343139000
2021-12-30,29.492830276489258,30.361087673132488,29.446975608009016,29.733070560375477,308864000
2021-12-31,29.318376541137695,29.93542853604102,29.238628557646763,29.580548773634128,266530000
2022-01-03,30.026142120361328,30.61428422261977,29.69119982289277,29.721106030264906,391547000
2022-01-04,29.1977596282959,30.372049319821922,28.25972307978426,30.18165084016446,527154000
2022-01-05,27.51706886291504,29.323362739600288,27.446293309746405,28.857832469761814,498064000
2022-01-06,28.089262008666992,28.348443450993756,26.979768076203065,27.55295615903355,454186000
2022-01-07,27.16119384765625,28.332494693927416,26.971791660779605,28.052379478532124,409939000
2022-01-10,27.313709259033203,27.382492201861595,25.563238883232685,26.497288278632688,594681000
2022-01-11,27.72939682006836,27.976616901866414,26.754478046594247,27.236953065488187,404089000
2022-01-12,27.910823822021484,28.504945618330236,27.52105444566208,27.978608560513216,383413000
2022-01-13,26.491310119628906,28.390309630110426,26.41455104320911,28.289627869102336,540171000
2022-01-14,26.85715103149414,27.1113490250758,26.127455968299266,26.217172683523167,395832000
2022-01-18,25.821428298950195,26.554114306336086,25.68884770952801,26.177304414004546,424270000
2022-01-19,24.988061904907227,26.459413722363188,24.973109749263845,25.99687608868957,488315000
2022-01-20,24.073944091796875,25.49844459786639,24.00217033924269,25.224311034871068,435181000
2022-01-21,23.30039405822754,24.744830454694682,23.189743544758542,23.432974653185838,718958000
2022-01-24,23.298398971557617,23.30637320074799,20.822222081779014,22.259680516494218,913982000
2022-01-25,22.253698348999023,22.870750425042836,21.93071925859125,22.474999365021613,664616000
2022-01-26,22.70028305053711,23.98123602247963,22.229769407799456,23.166809579557935,755959000
2022-01-27,21.87489128112793,23.919432592467135,21.606737447782898,23.49377731200437,573353000
2022-01-28,22.768068313598633,22.786011274912312,21.228930332631833,21.942674981094438,543774000
2022-01-31,24.40888786315918,24.431816145631064,22.979403852664547,23.108993615367613,564680000
2022-02-01,24.560409545898438,25.065812851502276,23.81476408120491,25.024941605227585,518925000
2022-02-02,25.16250991821289,25.735698020360548,24.475678597564364,25.712771637079914,543419000
2022-02-03,23.87257957458496,24.99802368140635,23.70510939371821,24.380973639655554,410178000
2022-02-04,24.242414474487305,24.55741930721573,23.557577711661764,23.89650713053911,354829000
2022-02-07,24.650121688842773,25.102690420660252,24.12577731223813,24.295241986257608,376868000
2022-02-08,25.028928756713867,25.150544291203026,23.904480837599923,24.28228698772841,410359000
2022-02-09,26.62090301513672,26.64084048931407,25.27316132302811,25.541313315747384,524282000
2022-02-10,25.742673873901367,26.840206412140088,25.519380273324217,25.91313678658992,513200000
2022-02-11,23.873579025268555,26.069642339244744,23.698134593993387,25.834385491481136,605472000
2022-02-14,24.190576553344727,24.796661591695667,23.680187951780663,23.858625081970295,440424000
2022-02-15,26.411561965942383,26.461403743864466,24.705949858768733,24.870429246985168,699869000
2022-02-16,26.427513122558594,26.498290583942875,25.47153350229462,26.176307798231086,732676000
2022-02-17,24.42982292175293,25.703798143147747,24.088900885684307,25.549285582156386,810595000
2022-02-18,23.567546844482422,24.9073141846699,23.027253892651444,24.590314838865833,761255000
2022-02-22,23.31633949279785,23.98821671585555,22.927568291074294,22.962457916801178,633422000
2022-02-23,22.316497802734375,24.07893155363586,22.230770094894353,23.72704258537858,566511000
2022-02-24,23.6732120513916,23.72504833875335,20.82421265561137,20.94881900592277,735801000
2022-02-25,24.08092498779297,24.14073550496428,23.307369674838906,23.646299107713094,528866000
2022-02-28,24.308204650878906,24.58732353254716,23.63234037536328,23.916442673962294,477319000
2022-03-01,23.40306282043457,24.300229958145785,23.0591500185398,24.214500358111323,412056000
2022-03-02,24.147838592529297,24.336276568768735,23.345238595457605,23.685222229370265,389642000
2022-03-03,23.643352508544922,24.253528765706868,23.399081570051635,24.189718352855724,365095000
2022-03-04,22.867666244506836,23.609449084190494,22.415018401859665,23.314331446054602,431415000
2022-03-07,21.28839111328125,22.964385028156173,21.266457290822025,22.749026991738624,450821000
2022-03-08,21.44990348815918,22.306343532359403,20.588477275477324,21.245514318732305,557467000
2022-03-09,22.9454288482666,23.150814439662312,22.180713956250962,22.3202962123776,492742000
2022-03-10,22.590497970581055,22.72010983636164,21.816808864999828,22.463875524126543,428066000
2022-03-11,22.03415870666504,23.076045454723392,21.980318734826213,22.953410808497686,367209000
2022-03-14,21.266454696655273,22.195677339606927,21.095964602580043,21.803848494685607,385354000
2022-03-15,22.90455436706543,22.96936124008591,21.258474245006287,21.45388943534592,491996000
2022-03-16,24.423019409179688,24.523718332751294,23.10296459283885,23.429986500774472,671422000
2022-03-17,24.692214965820312,24.76798684900342,23.834776570421486,24.04813969626861,471941000
2022-03-18,26.374183654785156,26.489839164055603,24.55063450386545,24.725112338972878,730719000
2022-03-21,26.65435028076172,27.071106099040612,25.88963521663449,26.428027300009337,591727000
2022-03-22,26.444974899291992,27.156848316591432,25.994321917033023,26.647369201302396,547007000
2022-03-23,25.55762481689453,26.53270962394399,25.498800590929083,26.048157589776604,502120000
2022-03-24,28.066131591796875,28.23562518243766,25.829814189665502,26.08804332010231,877379000
2022-03-25,27.6094970703125,28.273513231464275,27.189751821010642,27.802919332389703,579016000
2022-03-28,28.134923934936523,28.165831710193313,27.12494158890915,27.673304055239864,425494000
2022-03-29,28.570619583129883,28.85975453924561,27.896633131852415,28.609502941441008,488984000
2022-03-30,27.607501983642578,28.41110037401944,27.42105885059828,28.219672974520872,463487000
2022-03-31,27.2047061920166,28.163840001448694,27.188755016987574,27.69922874957192,523440000
2022-04-01,26.63241958618164,27.414084291366482,26.188745633064283,27.293444485136895,517235000
2022-04-04,27.278488159179688,27.475898220814116,26.53371392218008,26.648371079518313,397120000
2022-04-05,25.85373878479004,27.237603749312893,25.743069446541703,27.17279688323679,436615000
2022-04-06,24.33428192138672,25.224620987328382,23.931486259303167,24.859712215391237,703833000
2022-04-07,24.135879516601562,24.648348142863963,23.40805479480209,24.36818516337684,557992000
2022-04-08,23.050119400024414,23.851724837527705,22.99329001527572,23.845742196501757,524781000
2022-04-11,21.851701736450195,22.253500942815894,21.59546745592254,22.147817756385205,575207000
2022-04-12,21.439926147460938,22.657288711331173,21.21858749948453,22.46984915211368,662258000
2022-04-13,22.13684844970703,22.432964462991524,21.39107781519928,21.663265165709976,516943000
2022-04-14,21.194664001464844,22.70913934444599,21.09994772609378,22.437948470033938,569097000
2022-04-18,21.71809959411621,22.02218926461033,21.016196654972152,21.136836430632233,525701000
2022-04-19,22.13186264038086,22.3063404800413,21.25049567770769,21.655286167385736,512781000
2022-04-20,21.417997360229492,22.602457585796717,21.1368379554735,22.449913552276662,468974000
2022-04-21,20.122867584228516,22.325285752038848,19.940412249254727,21.644320110833693,656209000
2022-04-22,19.45685577392578,20.424963414737594,19.44190107394043,20.242508087919838,624713000
2022-04-25,19.84270668029785,19.885577840769354,19.039108228053102,19.14479141968029,641566000
2022-04-26,18.732027053833008,19.729047862186196,18.61437856802067,19.659256709868075,653143000
2022-04-27,18.360137939453125,19.109896444638807,18.235510346277362,18.542591397089467,499460000
2022-04-28,19.723060607910156,19.977301919519842,18.434910207307524,18.910488306653104,570327000
2022-04-29,18.491743087768555,20.06803212955995,18.46183178332937,19.344195296792407,500435000
2022-05-02,19.474803924560547,19.515680231778166,18.33620622488366,18.48575893149055,572049000
2022-05-03,19.54359245300293,19.765929469786542,19.075990039376688,19.3421946742412,475751000
2022-05-04,20.273422241210938,20.339225604182804,18.695138003087777,19.863647358689075,648855000
2022-05-05,18.787858963012695,19.865637775003147,18.44488396034569,19.807811910008564,626331000
2022-05-06,18.61936378479004,19.45387013744249,17.936405028708418,18.680182878720775,633297000
2022-05-09,16.899497985839844,18.200608121706267,16.776863370793325,17.98026782674294,644455000
2022-05-10,17.54257583618164,18.1437798648561,16.974274428777502,17.636295630660026,761474000
2022-05-11,16.58045196533203,17.70010720962238,16.518638315122686,17.295316703632178,670167000
2022-05-12,16.126806259155273,16.73798070919897,15.520618927510899,16.170675786077656,708728000
2022-05-13,17.653244018554688,17.874582687114945,16.543561257348554,16.73797994693999,670437000
2022-05-16,17.212560653686523,17.734999526687567,17.05503238408511,17.456831495925755,521446000
2022-05-17,18.12284278869629,18.31626502100498,17.58146135414091,18.020149031920944,585830000
2022-05-18,16.887535095214844,18.064019738570103,16.813756162184983,17.652250113395763,545161000
2022-05-19,17.072980880737305,17.634303190844598,16.684141563200637,16.88653775929863,621310000
2022-05-20,16.644264221191406,17.35813066451446,15.708061631405265,17.280363930362633,739105000
2022-05-23,16.847654342651367,16.864603890150594,16.130796688219526,16.2255129579709,639889000
2022-05-24,16.10586929321289,16.547550187898246,15.732984010714674,16.460809506552845,588550000
2022-05-25,16.924428939819336,17.060023452980932,15.952333251945635,15.972274124910482,781132000
2022-05-26,17.797813415527344,18.038094588752674,15.974262384109384,15.988220610755953,996575000
2022-05-27,18.754959106445312,18.824750258238716,18.046076875849245,18.131821105909538,738379000
2022-05-31,18.61637306213379,19.142799917232722,18.295331865905656,18.92345412649734,664100000
2022-06-01,18.26541519165039,18.996231017813137,18.06800517898297,18.668212704516566,544514000
2022-06-02,19.533626556396484,19.560546538437922,18.14378074438324,18.237500543404728,648656000
2022-06-03,18.664230346679688,19.274408545234422,18.466820256411918,19.025153323128656,598779000
2022-06-06,18.730030059814453,19.279389055591135,18.508691344014494,19.081979003796526,422406000
2022-06-07,18.86961555480957,18.94339449795544,18.133813364518677,18.416967656771526,388914000
2022-06-08,18.596370697021484,19.12689735772894,18.48368268854018,18.74695170077605,363252000
2022-06-09,17.99803352355957,18.880583584037574,17.991052933850728,18.42983530392258,395574000
2022-06-10,16.927013397216797,17.648011558115364,16.822302613289114,17.55127995237839,465248000
2022-06-13,15.603678703308105,16.266837489978222,15.562791854181512,15.955701045689514,604153000
2022-06-14,15.792155265808105,16.0215180076979,15.369328457737616,15.687445485050771,469680000
2022-06-15,16.48124885559082,16.82130447221136,15.881911815742903,16.050443647151294,563936000
2022-06-16,15.557806968688965,15.897863432906357,15.358360878066698,15.816089727372347,545749000
2022-06-17,15.83603572845459,15.950717118320277,15.285563915858456,15.604677679322638,630334000
2022-06-21,16.520137786865234,16.960913567479754,16.361577575315028,16.42939011174875,483089000
2022-06-22,16.314706802368164,16.61587073985761,16.135204840649315,16.181077014713374,437135000
2022-06-23,16.18008041381836,16.539082437023865,15.809109627633456,16.473265177528255,463680000
2022-06-24,17.078582763671875,17.092543941061024,16.26484203486428,16.454316515193973,472153000
2022-06-27,16.822298049926758,17.282022223468143,16.579970759321082,17.264072406028497,427968000
2022-06-28,15.937753677368164,17.154375384027293,15.90085545872729,16.85321143493184,461149000
2022-06-29,15.49897289276123,15.776203147746788,15.128003007057377,15.770220191992788,482352000
2022-06-30,15.117030143737793,15.52390051921732,14.820852506876262,15.31847053785556,686070000
2022-07-01,14.482791900634766,15.021296837715987,14.352155016267275,14.857751323588166,577610000
2022-07-05,14.92257022857666,14.929550817854716,14.016087452919178,14.135755105271844,651397000
2022-07-06,15.08811092376709,15.276587784305496,14.748054467101642,14.9684432720513,529066000
2022-07-07,15.814095497131348,15.900854523259023,15.346394102933195,15.413208995404638,492903000
2022-07-08,15.794151306152344,15.99260071355022,15.3463940472355,15.387280900081658,467972000
2022-07-11,15.110052108764648,15.484013921133512,14.996367398257068,15.483016286395417,437321000
2022-07-12,15.04024600982666,15.388279797798342,14.835813618249553,15.225730948704213,458483000
2022-07-13,15.122017860412598,15.332434145906136,14.424953642931776,14.549607579077355,521918000
2022-07-14,15.329442977905273,15.430163196087623,14.687225812732079,15.0661739121478,456235000
2022-07-15,15.718362808227539,15.73830694346338,15.40224003829484,15.615648276832916,385935000
2022-07-18,16.05642318725586,16.850218938777058,15.957698248928537,16.25686691896844,670517000
2022-07-19,16.94495391845703,17.062627235975032,16.12722460067231,16.440354390374548,702366000
2022-07-20,17.757701873779297,17.8833544065657,16.754488293525725,16.900084012250357,760538000
2022-07-21,18.000024795532227,18.093764403863,17.49642380939711,17.835482614701714,557049000
2022-07-22,17.271047592163086,17.91725223020256,17.08955040089698,17.843457714010622,536671000
2022-07-25,16.97686767578125,17.076591197104143,16.602905897371375,16.971880453577725,480748000
2022-07-26,16.487232208251953,16.87216331483539,16.43238416185571,16.84224567987331,397865000
2022-07-27,17.740747451782227,17.886343144331377,16.866174710818715,16.984844729606653,569776000
2022-07-28,17.93421173095703,18.08977999214664,17.39171903743578,17.925237772890636,474646000
2022-07-29,18.112714767456055,18.193489890290078,17.64301808926749,17.763683382729887,435460000
2022-08-01,18.389944076538086,18.79382347486427,17.940192505913,18.13166037008038,476469000
2022-08-02,18.474708557128906,18.885568560892924,18.041910100984115,18.071827728649904,489527000
2022-08-03,18.8406925201416,18.915485636087563,18.08678506318179,18.133655821615758,418146000
2022-08-04,19.16179847717285,19.22063513569803,18.708058337909296,18.796812618454407,409652000
2022-08-05,18.93642807006836,19.17576338661587,18.614322361680482,18.75792279078178,386068000
2022-08-08,17.743736267089844,18.188502488777342,17.19426311465401,17.453543487866224,981859000
2022-08-09,17.038700103759766,17.3987007837384,16.677702739944937,17.204240919850708,668263000
2022-08-10,18.046897888183594,18.067839657584745,17.269056663137828,17.64900236749365,597422000
2022-08-11,17.892324447631836,18.655207729285816,17.826507193274058,18.080802254514673,509327000
2022-08-12,18.657201766967773,18.666177625548745,17.903294316475968,18.109721945226894,478094000
2022-08-15,18.97930908203125,19.110943606719005,18.56147037086015,18.649226086629287,457666000
2022-08-16,18.826730728149414,19.08900306515244,18.449777011947884,18.867617579479603,451240000
2022-08-17,18.28423500061035,18.636258289146177,18.094762422807918,18.47171611346851,446799000
2022-08-18,18.721027374267578,18.812771727418596,18.13266064622917,18.25033399183685,415447000
2022-08-19,17.799585342407227,18.468727183536906,17.72080358497965,18.355042477008766,441588000
2022-08-22,16.98684310913086,17.509392623810882,16.91903057051117,17.44158008519119,409593000
2022-08-23,17.133432388305664,17.41664650068236,16.923016122259966,16.941964523094743,369986000
2022-08-24,17.17431640625,17.357806968229475,16.848222128016733,16.96489685836931,522661000
2022-08-25,17.863407135009766,17.897313400062618,16.78639724119501,16.797366467637275,770691000
2022-08-26,16.214981079101562,17.874373512103524,16.19204404414736,17.80755957837467,769127000
2022-08-29,15.757253646850586,16.29276663412164,15.723348333249264,15.97564814658675,496132000
2022-08-30,15.425175666809082,15.994593942634191,15.13996723606161,15.915813141555713,530181000
2022-08-31,15.052210807800293,15.496976116815032,14.91758433882462,15.341407879469896,573710000
2022-09-01,13.89841365814209,14.340186988303111,13.233260527452883,14.169659947404499,1178865000
2022-09-02,13.609217643737793,14.131766129658757,13.55337197606146,14.060963550220945,743157000
2022-09-06,13.42772388458252,13.740854741882986,13.3140391606165,13.692987289469045,535751000
2022-09-07,13.680093765258789,13.803787740228488,13.313003564331206,13.529467069211695,512657000
2022-09-08,13.955413818359375,13.97336992015191,13.335949711141568,13.425726414837639,624873000
2022-09-09,14.35142993927002,14.43821473558163,14.09107555033519,14.12199809219945,486612000
2022-09-12,14.469139099121094,14.511035078989412,14.16289794182431,14.333475654409431,484159000
2022-09-13,13.09853744506836,13.887582320478687,13.06661696561573,13.767879095556324,714956000
2022-09-14,13.095544815063477,13.25714401689083,12.881076192438005,13.22123276604588,588507000
2022-09-15,12.8970365524292,13.200284898230091,12.758380252068209,12.982824382811994,523625000
2022-09-16,13.16537094116211,13.179336268504516,12.585807002502516,12.710497968812046,670751000
2022-09-19,13.348917961120605,13.429718046056754,12.977837851259611,12.979832762404735,569685000
2022-09-20,13.143426895141602,13.449668111931604,13.024721595787252,13.182330992088998,524818000
2022-09-21,13.228214263916016,13.996311035255735,13.077587561187178,13.18033355166007,807679000
2022-09-22,12.529945373535156,13.116491960905076,12.397274767166287,13.037686800354493,759162000
2022-09-23,12.48505687713623,12.579822277960686,12.22669736982,12.38929449653901,663309000
2022-09-26,12.197771072387695,12.627706312935176,12.183805742416402,12.460121401962885,547343000
2022-09-27,12.382311820983887,12.70451323216134,12.227695289178223,12.47607929062904,553854000
2022-09-28,12.704514503479004,12.791299318139588,12.323458902869692,12.37932021781137,542414000
2022-09-29,12.189789772033691,12.469097284845578,11.916466992118151,12.417225794477423,532763000
2022-09-30,12.108988761901855,12.601767882452046,12.045146859340639,12.057117275528151,565638000
2022-10-03,12.481067657470703,12.646657634128852,12.075073310975306,12.316475611950034,547478000
2022-10-04,13.134446144104004,13.187315557606139,12.847158079623396,12.847158079623396,584182000
2022-10-05,13.176342964172363,13.2880665303076,12.58979733374113,12.87908032737509,507131000
2022-10-06,13.097538948059082,13.62223854641482,13.070605273695971,13.187316594180706,644157000
2022-10-07,12.04614543914795,12.638676791416017,11.992279039061453,12.474084749119333,672478000
2022-10-10,11.64115047454834,12.094027654115829,11.379798085400415,12.007242834813725,698699000
2022-10-11,11.557356834411621,11.81671332375179,11.255105480239216,11.532418070127365,667482000
2022-10-12,11.471569061279297,11.705987738753207,11.316952527256786,11.550374224944592,492590000
2022-10-13,11.930434226989746,12.048142554613705,10.786269365232858,10.943878772492898,850103000
2022-10-14,11.19924259185791,12.081056814485887,11.176299693003378,12.02719042306738,713432000
2022-10-17,11.85860824584961,11.918460323463654,11.488526149600807,11.489523129293081,580774000
2022-10-18,11.937413215637207,12.46111484348481,11.589276093854338,12.313480989431524,659362000
2022-10-19,12.021206855773926,12.319468398644798,11.804743321043421,11.84963214701234,523131000
2022-10-20,12.16385269165039,12.737430913529549,12.07507202855851,12.083052622860917,652398000
2022-10-21,12.435179710388184,12.467101136617279,11.857611660936854,12.068089492311048,609494000
2022-10-24,12.567854881286621,12.678580546929776,12.034177569118928,12.477080231691547,517457000
2022-10-25,13.228214263916016,13.267118353397784,12.632690116328606,12.662616631719668,505482000
2022-10-26,12.864117622375488,13.354900896725308,12.676582681545735,12.837184898566917,532953000
2022-10-27,13.143426895141602,13.803791001482493,13.089560488943963,13.596305021274278,583113000
2022-10-28,13.799799919128418,13.815761110569417,13.02871112658398,13.07160504486287,521040000
2022-10-31,13.463632583618164,13.803790122164811,13.264127212017728,13.743938035026355,486341000
2022-11-01,13.509520530700684,13.890576156938616,13.4855796937393,13.776857657030414,432817000
2022-11-02,13.186317443847656,14.174867488215076,13.17833780130498,13.815757888249985,672628000
2022-11-03,13.387818336486816,13.746928905168618,12.923968770800348,13.010753571214046,500065000
2022-11-04,14.121001243591309,14.193820714796013,13.66313547617811,13.951421470670343,612576000
2022-11-07,14.265643119812012,14.3763687541529,13.919501841346959,14.192823644192917,410061000
2022-11-08,14.565899848937988,14.854184915550686,14.180853521426073,14.764407269491864,595292000
2022-11-09,13.741942405700684,14.175867398651944,13.724984235954823,14.12698780032859,454414000
2022-11-10,15.711063385009766,15.734006289264514,14.51103733225041,14.76341213300267,700819000
2022-11-11,16.286638259887695,16.34848526583695,15.443727839760449,15.767924228372218,655487000
2022-11-14,16.254709243774414,16.499104296709287,15.882631374747179,16.17789996796511,527852000
2022-11-15,16.624797821044922,16.955975861509707,16.341499544736198,16.680659131421315,545876000
2022-11-16,15.87066650390625,16.321548716407033,15.833758273609781,16.122044306055884,649547000
2022-11-17,15.638243675231934,16.22578826120925,15.496594526959475,15.67614983892832,710894000
2022-11-18,15.370904922485352,15.962439267152297,15.082618903576678,15.926527067026893,492072000
2022-11-21,15.279134750366211,15.438739057119866,15.042720181282743,15.109554936611273,404739000
2022-11-22,15.9983491897583,16.018300200179006,15.084613460927303,15.290104492204474,472866000
2022-11-23,16.478164672851562,16.48614622134562,16.00833020239292,16.058205842970562,427241000
2022-11-25,16.22977638244629,16.44623895293213,16.13201909254946,16.277658047637875,167934000
2022-11-28,15.787871360778809,16.316561753105944,15.686124245692138,15.986378789361892,303741000
2022-11-29,15.600337028503418,15.89261289133373,15.481631739149844,15.787871978822768,298384000
2022-11-30,16.885480880737305,16.892465330806235,15.56242050073122,15.662198222921692,565298000
2022-12-01,17.09701156616211,17.22672251600334,16.59812007687738,16.961313400800822,470977000
2022-12-02,16.838581085205078,16.89545581318878,16.408536964976825,16.62206317311855,371389000
2022-12-05,16.57317352294922,16.957320143368804,16.43547900431618,16.64202078226574,352255000
2022-12-06,15.951558113098145,16.53625847140246,15.783930339637903,16.49335453097424,352694000
2022-12-07,16.084264755249023,16.15011842604018,15.632267981156838,15.737035703721023,372388000
2022-12-08,17.130937576293945,17.140915635032428,15.923619112619104,16.236924067023104,515456000
2022-12-09,16.963306427001953,17.54401680190964,16.937365000489294,17.121954302942694,465338000
2022-12-12,17.496124267578125,17.499117875319435,16.75976146929497,16.99922915428006,457328000
2022-12-13,18.031936645507812,18.748345320787976,17.671736886309308,18.48991872198985,656589000
2022-12-14,17.634815216064453,18.211534767204142,17.38137864220524,17.94712099776623,496888000
2022-12-15,16.91441535949707,17.281599496574888,16.662975165285864,17.107985485394817,478542000
2022-12-16,16.534255981445312,17.003215060282987,16.373613669888076,16.826607479780677,478232000
2022-12-19,16.21796417236328,16.57217667143344,16.109206574205285,16.53525994983705,354039000
2022-12-20,16.049341201782227,16.273842793219973,15.816858875179861,16.028387846789393,403260000
2022-12-21,16.464414596557617,16.59013659325073,16.066299063788986,16.078273493531086,325025000
2022-12-22,15.30499267578125,16.102222004625823,14.849006080737974,16.05831892986543,565045000
2022-12-23,15.172286987304688,15.304991533429133,14.850003158774006,15.162308930007534,349326000
2022-12-27,14.089693069458008,15.066522651056324,14.024836646016347,15.04058027199165,464902000
2022-12-28,14.004883766174316,14.230382578065761,13.853220309505318,13.896125203332481,351066000
2022-12-29,14.570624351501465,14.650446912717559,14.195458504097823,14.370070713593025,354923000
2022-12-30,14.581599235534668,14.596565369641379,14.201443443017887,14.302219345783994,310490000
2023-01-03,14.283262252807617,14.962753137456133,14.064747927725566,14.818074155568226,401277000
2023-01-04,14.716300964355469,14.820070487005857,14.209427782320121,14.534705251277302,431324000
2023-01-05,14.233372688293457,14.531709547094541,14.116631516373118,14.458871444768125,389168000
2023-01-06,14.826055526733398,14.976720759443683,14.002884868402322,14.441908902325604,405044000
2023-01-09,15.593352317810059,16.020402921173815,15.107431553171974,15.25011511747284,504231000
2023-01-10,15.873729705810547,15.926611700930899,15.437698272766157,15.472620524555069,384101000
2023-01-11,15.965523719787598,15.992464284529852,15.528495081310508,15.804881372380587,353285000
2023-01-12,16.474393844604492,16.60011394726638,15.457652972865747,16.064305755567425,551409000
2023-01-13,16.86153221130371,16.88448193196626,16.129160360121443,16.24190878461204,447287000
2023-01-17,17.662755966186523,17.688699300985697,16.861536645437063,16.861536645437063,511102000
2023-01-18,17.338476181030273,17.833374940410984,17.243685577032387,17.62783226446367,439624000
2023-01-19,16.727832794189453,17.158876197897794,16.693909676604797,16.998231918602517,452932000
2023-01-20,17.79945182800293,17.816414337109105,16.787699916065623,16.973286475081306,564967000
2023-01-23,19.15045166015625,19.202336426570977,17.778499909823832,18.023952936401,655163000
2023-01-24,19.222286224365234,19.451777728959655,18.778273155345232,18.7852576049282,496204000
2023-01-25,19.280160903930664,19.327057588077132,18.538808102919397,18.87107002531869,449537000
2023-01-26,19.75809669494629,20.121289984084356,19.235258296776955,19.657320791237296,489535000
2023-01-27,20.31985092163086,20.582268342414245,19.36198013839365,19.418852978689333,542142000
2023-01-30,19.119518280029297,20.095348779096263,19.107543848870183,19.905771381530464,488611000
2023-01-31,19.493690490722656,19.643357585934556,18.907991875192625,19.127503487962052,498017000
2023-02-01,20.896568298339844,21.14501488817615,19.567520729990026,19.647343286751223,660477000
2023-02-02,21.66086769104004,21.90033534849852,20.654105914331332,20.953440010374486,564276000
2023-02-03,21.053220748901367,21.696791212168588,20.74290942748652,20.95344207269312,429366000
2023-02-06,21.042245864868164,21.522178471104034,20.739916222678673,20.759872338931974,452197000
2023-02-07,22.12384033203125,22.20965010200628,21.103107721044175,21.334593701458743,664150000
2023-02-08,22.155773162841797,22.82728150904177,21.95920939412325,22.337368891274036,559651000
2023-02-09,22.287477493286133,22.96896380674192,22.07095953858251,22.555882109825383,523876000
2023-02-10,21.217851638793945,22.02904881959799,20.7648596572667,21.64191049076745,550737000
2023-02-13,21.739694595336914,21.999118385629707,20.915525681631326,21.490248862723064,474919000
2023-02-14,22.920074462890625,22.997900655540672,21.318631266584543,21.53016116062426,675474000
2023-02-15,22.713529586791992,22.804327433692144,22.056989406086455,22.499006113761624,420575000
2023-02-16,21.95322036743164,22.50000383331045,21.878385888019974,22.083928543019674,412026000
2023-02-17,21.34058380126953,21.691802710091036,20.928499305845392,21.583045106514625,465888000
2023-02-21,20.609207153320312,21.44634583081081,20.5722885301492,20.953441579866375,410015000
2023-02-22,20.707983016967773,21.057207361992994,20.37572117670934,20.661088247534547,513184000
2023-02-23,23.611536026000977,23.8350403425162,22.973952761903,23.388033612605756,1117995000
2023-02-24,23.234373092651367,23.421957916477858,22.89612587509221,23.17350941362294,589716000
2023-02-27,23.448894500732422,23.827053916300855,23.401999726272685,23.617520428698207,452994000
2023-02-28,23.164525985717773,23.77217689153847,23.154547928957133,23.32018024556822,455963000
2023-03-01,22.647676467895508,23.204439895549427,22.45809718193452,23.140580708274207,460026000
2023-03-02,23.262313842773438,23.328167510652396,22.38226919901642,22.438146710867823,389415000
2023-03-03,23.8370304107666,23.847008467110722,23.07871525669022,23.26829452098923,412393000
2023-03-06,23.501781463623047,24.19424120106475,23.434928663312892,23.838034225602097,437429000
2023-03-07,23.24031639099121,24.07560247170694,23.193411743392723,23.551677824513874,515154000
2023-03-08,24.131486892700195,24.150448993437568,23.37603695159869,23.438907679098733,513573000
2023-03-09,23.38801383972168,24.403929057492398,23.33512096029611,24.125499097663184,501257000
2023-03-10,22.91797637939453,23.57862150456227,22.679465442665016,23.36106747628327,474866000
2023-03-13,22.918973922729492,23.250294843227117,22.25134506080111,22.705413316762304,421890000
2023-03-14,24.01372718811035,24.169407892174178,23.411961279895785,23.447888767567775,474910000
2023-03-15,24.17839241027832,24.23627231190452,23.312169659954225,23.712347660414334,524486000
2023-03-16,25.488706588745117,25.535609338613927,23.84507746574005,23.977806480435152,583253000
2023-03-17,25.672327041625977,26.34494677671912,25.615442640620632,25.928800789668877,848547000
2023-03-20,25.846967697143555,25.970714347329455,25.07854386503028,25.56255140531931,432747000
2023-03-21,26.145353317260742,26.337958914805075,25.329029397408142,26.126393120823032,547408000
2023-03-22,26.413803100585938,27.532507969585293,26.183275210273973,26.37088997719431,797295000
2023-03-23,27.13532066345215,27.442690531752774,26.63534711506696,27.059476076334736,564889000
2023-03-24,26.724166870117188,27.111372891793874,26.301035262211116,26.975651684052345,454920000
2023-03-27,26.476680755615234,26.944720391290076,26.311020257377994,26.782054009742414,361026000
2023-03-28,26.355924606323242,26.45871435039119,25.7970717555382,26.392849502534016,356104000
2023-03-29,26.928749084472656,27.022556480928984,26.542542341100866,26.770076147029812,393694000
2023-03-30,27.326929092407227,27.4426926938408,27.046504340175957,27.1732450978703,364516000
2023-03-31,27.720123291015625,27.77700578403353,27.049498418004845,27.08442659853217,433933000
2023-04-03,27.907737731933594,27.94266591204821,27.280025990589856,27.45267208283813,398716000
2023-04-04,27.396785736083984,27.94266656976958,27.251084780335454,27.908735793018696,368592000
2023-04-05,26.82596206665039,26.942721186079208,26.340957083573166,26.774068490200907,515015000
2023-04-06,26.981639862060547,27.02455108460632,26.372888285157632,26.529566401792227,397654000
2023-04-10,27.52252960205078,27.564443419953324,26.614393073942708,26.768077072918704,395279000
2023-04-11,27.113365173339844,27.733093806913427,27.070452054276757,27.66722897395978,314378000
2023-04-12,26.440750122070312,27.4117573972983,26.393845475280525,27.313958486817846,446259000
2023-04-13,26.4088134765625,26.83194507729408,26.275088982964736,26.67925848324337,353615000
2023-04-14,26.703210830688477,26.827954885781043,26.166312310977247,26.44973120006375,395660000
2023-04-17,26.94671058654785,26.95070210668743,26.37887544680579,26.510605128627287,321471000
2023-04-18,27.610349655151367,28.05244337278638,27.30098493529646,27.476625156577658,604812000
2023-04-19,27.873807907104492,27.94266686552096,27.176239781728775,27.304975350464428,358660000
2023-04-20,27.04850196838379,27.972606485594795,26.944714827313312,27.614340416338198,427713000
2023-04-21,27.06346893310547,27.12733896388513,26.667282494525807,26.896811075410813,345103000
2023-04-24,26.986629486083984,27.309965480209698,26.61638884445198,26.957689535565127,339282000
2023-04-25,26.18726921081543,27.191209883551597,26.17130312906319,27.02255529680181,378527000
2023-04-26,26.900800704956055,27.27403540128356,26.650315233944067,26.946707940661295,406337000
2023-04-27,27.170249938964844,27.438700120455238,26.57048075680254,27.30697044349632,377161000
2023-04-28,27.69217872619629,27.701159169994924,27.015565670619335,27.16925155716985,292216000
2023-05-01,28.850801467895508,28.998499127200773,27.72311618189631,27.782992788233905,570329000
2023-05-02,28.152236938476562,28.776956510510566,28.025498077141993,28.621275795478528,402730000
2023-05-03,27.745073318481445,28.30891697061435,27.415749094927655,27.782995617159955,383387000
2023-05-04,27.50556182861328,27.801952644290193,27.18422068244442,27.594378381183077,321850000
2023-05-05,28.62127685546875,28.696122147897874,27.67422056486533,27.76902536331952,361494000
2023-05-08,29.091310501098633,29.16016946274796,28.291951910306917,28.46359870886539,344979000
2023-05-09,28.51249885559082,28.913676170511692,28.3917482221622,28.839828282414175,314869000
2023-05-10,28.82585334777832,29.053387119106517,28.402721772055823,28.945606561729885,369350000
2023-05-11,28.519479751586914,28.890719649228302,28.18816076276868,28.836829372653604,322149000
2023-05-12,28.28197479248047,28.72107443771315,27.98857612495343,28.47058699796282,274222000
2023-05-15,28.89371681213379,28.90968479771039,28.09435819789657,28.449628270125718,293926000
2023-05-16,29.153181076049805,29.808837256233236,28.772962619924,28.78194306415263,449405000
2023-05-17,30.116209030151367,30.13716594058163,29.369741392303435,29.52342540212538,432535000
2023-05-18,31.613136291503906,31.76282877397273,30.257917101676483,30.347732971846412,748725000
2023-05-19,31.199981689453125,31.515334611569322,30.852694703812897,31.471424084571897,473908000
2023-05-22,31.112167358398438,31.45546287720747,30.617182635048753,30.83772890145582,372000000
2023-05-23,30.625164031982422,31.223935873295638,30.568281535055462,30.936525465603022,356253000
2023-05-24,30.475473403930664,30.54433236973777,29.744971827236576,30.14814396527104,721419000
2023-05-25,37.902225494384766,39.39915384948789,36.559978517772215,38.44411282801005,1543911000
2023-05-26,38.866249084472656,39.08978942316248,37.47310777717433,37.8124117084939,714397000
2023-05-30,40.02886199951172,41.852120390586535,39.86719498674433,40.511872036620545,923401000
2023-05-31,37.756526947021484,40.21248609510539,37.74455048395033,39.40713938095961,1002580000
2023-06-01,39.688568115234375,39.967993574032356,38.2614958531395,38.410189027460895,635873000
2023-06-02,39.2464714050293,40.4170698367897,38.97802122010776,40.014895164925456,482731000
2023-06-05,39.090797424316406,39.483987893521245,38.62774678025024,38.829332843104154,396094000
2023-06-06,38.57485580444336,39.07982029424169,38.06989131464503,38.75049794421731,388729000
2023-06-07,37.40213394165039,39.42220064737449,37.28336583715142,38.8393365135724,511998000
2023-06-08,38.435123443603516,38.78843525380602,37.43208020342754,37.650652361661095,417772000
2023-06-09,38.69461441040039,39.63378277087799,38.49201001557308,38.96109353851752,427717000
2023-06-12,39.40523147583008,39.45313848189554,38.542912981212005,39.12378209838564,388701000
2023-06-13,40.94224166870117,41.021090447407424,39.662736532909214,40.107868537313834,613208000
2023-06-14,42.91340637207031,42.916398894689806,40.47315646710425,40.74463080916541,740465000
2023-06-15,42.570072174072266,43.20483722073351,42.06505544214176,42.51917264005908,568622000
2023-06-16,42.60899353027344,43.63599213320871,42.5780517641451,43.3655191410193,655709000
2023-06-20,43.72282791137695,43.90447708552211,42.5910337413259,42.9144051358894,451153000
2023-06-21,42.961307525634766,43.53020280046162,41.998187390967416,43.416422222584046,551603000
2023-06-22,42.94134521484375,43.3415626918256,42.15188284213235,42.170843097037455,417737000
2023-06-23,42.12692642211914,42.72575823031128,41.93330340139626,42.3814316538767,358140000
2023-06-26,40.55300521850586,42.68086025771663,40.0220380144833,42.37844793444695,594322000
2023-06-27,41.794578552246094,41.858453292545065,40.369357466339395,40.71967293420545,462175000
2023-06-28,41.03705978393555,41.763645026068765,40.439225350764865,40.58094756482351,582639000
2023-06-29,40.74262237548828,41.51910947373688,40.52105392093283,41.47719132326854,380514000
2023-06-30,42.21974563598633,42.4672645183677,41.4203044195064,41.598957222632954,501148000
2023-07-03,42.33053207397461,42.814589668673115,42.11994379587202,42.434329951938,198209000
2023-07-05,42.2347297668457,43.09305457985884,42.003178561095986,42.053080590984536,323618000
2023-07-06,42.02114486694336,42.09699732253943,41.265616640980895,41.76264953628558,303582000
2023-07-07,42.42036437988281,43.129984404943556,42.097994303095824,42.23971652222752,355881000
2023-07-10,42.09799575805664,42.72776951271603,41.568026064774784,42.574069582991044,353908000
2023-07-11,42.322547912597656,42.67486219078261,41.98520766702778,42.398400353937646,298244000
2023-07-12,43.81663131713867,43.849568091588466,42.69381892243994,42.949321638490275,481277000
2023-07-13,45.887611389160156,46.065262910266576,44.40549795947818,44.43144838419821,478204000
2023-07-14,45.38059616088867,47.99450350820883,44.972390985691305,46.492428621249765,772075000
2023-07-17,46.37066650390625,46.40559830268811,45.1740001632929,46.1990038397671,510488000
2023-07-18,47.40165328979492,47.80287207706954,45.64507706670889,46.6101959109385,569164000
2023-07-19,46.98545837402344,47.72501862546396,46.65111069572906,47.37170688757378,427502000
2023-07-20,45.431488037109375,46.99544238777774,44.974378423082534,46.41656835473567,537865000
2023-07-21,44.22284698486328,45.776822685139486,44.01425371443011,45.698971418551594,963769000
2023-07-24,44.5252571105957,45.02129240158318,43.95437069346409,44.644025212328465,382516000
2023-07-25,45.590187072753906,46.093204951452925,44.835656447425045,44.85362300335587,348081000
2023-07-26,45.36362075805664,45.963453882826926,44.543220492794724,45.93151461260815,364237000
2023-07-27,45.810760498046875,47.302852779891246,45.66105061247082,46.42855649018283,455976000
2023-07-28,46.65909957885742,46.93556140812505,46.290817578046465,46.57725828817055,331194000
2023-07-31,46.63814163208008,47.03836291442901,46.41557565297474,46.66309454574556,251055000
2023-08-01,46.416568756103516,46.80880613490032,45.93750255596739,46.36965926264909,237858000
2023-08-02,44.18292999267578,45.75087468728102,43.302644871740895,45.74189331269121,530142000
2023-08-03,44.42844772338867,45.03027593449394,43.71483776411609,43.71483776411609,324176000
2023-08-04,44.59313201904297,45.553259657619556,44.306691262413594,44.89753933286693,362666000
2023-08-07,45.32870101928711,45.45146298171195,44.47636125716046,45.02329618186399,322154000
2023-08-08,44.5771598815918,45.154035175235585,43.97034032891443,44.765791580742274,353843000
2023-08-09,42.47126388549805,44.22584525940291,42.05207850406444,44.187917131866904,586449000
2023-08-10,42.30558395385742,43.489278793199354,41.75365777083557,42.07802662294512,492705000
2023-08-11,40.77556610107422,41.936306917018776,40.55998646089097,41.66982393739307,533085000
2023-08-14,43.66792678833008,43.71483628671642,40.2326217412967,40.407280716905284,690286000
2023-08-15,43.854576110839844,45.1799973073712,43.62502370424668,44.473373527514866,676512000
2023-08-16,43.40144729614258,44.588134620821634,43.321601018047524,44.43343721611258,527451000
2023-08-17,43.259727478027344,43.97632996907339,42.91739206244817,43.88450979004493,452395000
2023-08-18,43.21480941772461,43.49326626137414,41.57899634242321,42.55209903416188,583768000
2023-08-21,46.87567901611328,46.9734880439128,44.13601730847926,44.4074878070853,692573000
2023-08-22,45.57920455932617,48.09330773941367,45.24485683130546,48.041406896438666,755293000
2023-08-23,47.024391174316406,47.10822748349232,45.12010004821166,45.77682161070316,779046000
2023-08-24,47.07129669189453,50.16826400478164,47.067306662299096,50.118361983877634,1156044000
2023-08-25,45.928531646728516,47.71205604609622,44.93646092899701,46.92059855717943,925341000
2023-08-28,46.74394226074219,46.88866080793937,44.80072902830529,46.39162792536596,685192000
2023-08-29,48.689144134521484,48.98556752704201,46.30079556232575,46.57526237156326,701397000
2023-08-30,49.168212890625,49.82992198159772,48.330843509784565,48.94863943193041,735206000
2023-08-31,49.259037017822266,49.64728061160453,48.86280955740575,49.283989932424504,528570000
2023-09-01,48.414676666259766,49.7031667765697,48.04838969224288,49.6652424618298,463830000
2023-09-05,48.453609466552734,48.75602175102256,47.76694740479326,48.129240595849275,382653000
2023-09-06,46.97337341308594,48.45860172687909,46.49327003852627,48.35080492427495,468670000
2023-09-07,46.15489196777344,46.25770080270002,45.067919183407476,45.440225686097044,433330000
2023-09-08,45.48714065551758,46.519215678178135,45.18670244634744,45.856454433608306,473069000
2023-09-11,45.0938720703125,46.07703462980452,44.229483586598796,46.062063171640766,473966000
2023-09-12,44.78644943237305,45.58795561962286,44.44807996157311,44.654695251427476,349256000
2023-09-13,45.400306701660156,45.84447779885845,44.4201329496468,44.51695245570367,398355000
2023-09-14,45.49612808227539,45.90137033130358,45.04696523433204,45.86444047531069,370097000
2023-09-15,43.8182487487793,45.514082288276775,43.726417212467545,45.25656332752661,506831000
2023-09-18,43.88412094116211,44.15960791620285,41.92178265387743,42.66839073677615,500271000
2023-09-19,43.438961029052734,43.8841296709857,42.921924053303314,43.7513779115944,373064000
2023-09-20,42.16035079956055,43.8212539488895,42.144381748538365,43.518816723640995,367108000
2023-09-21,40.94062042236328,42.021603947761406,40.903690569058845,41.505568360727295,450736000
2023-09-22,41.53252029418945,42.0365810200349,41.154224400495224,41.494589042058344,479236000
2023-09-25,42.14337921142578,42.4567936946112,41.1003231092512,41.51355366859355,419091000
2023-09-26,41.83295822143555,42.74026599878411,41.577434392681035,41.92279078773523,402282000
2023-09-27,42.388916015625,42.79216683776979,41.55148148041127,42.25117631483952,444935000
2023-09-28,43.00876235961914,43.36509601724836,42.036577072071424,42.38093203987961,424663000
2023-09-29,43.417999267578125,44.06179864340564,43.22635545841842,43.74538760189782,397830000
2023-10-02,44.69861602783203,45.09088199561907,43.77932952657343,43.94801356401108,433298000
2023-10-03,43.43596267700195,45.045961784832514,43.165467413747166,44.724558993956826,470850000
2023-10-04,43.958984375,44.06079561199084,43.2113786628117,43.660541405308585,361821000
2023-10-05,44.60478591918945,44.816392949836604,43.80627636575413,43.967973455641534,393483000
2023-10-06,45.67679214477539,45.70374229719828,43.944024517632684,44.110713380697035,434436000
2023-10-09,45.188697814941406,45.520080342411596,44.28538419676615,44.75850060605626,409675000
2023-10-10,45.71272277832031,46.17286291728584,45.00404573819931,45.22563248789511,368582000
2023-10-11,46.71883773803711,46.77174044276166,45.964245041548175,46.109973069324404,378137000
2023-10-12,46.85757827758789,47.52034323269725,46.24372566858878,46.68989185981617,481325000
2023-10-13,45.3763427734375,47.02826348384449,45.195680068516225,46.87255194030723,474115000
2023-10-16,46.0091667175293,46.13892190023753,44.82836714020883,44.97908693457242,375099000
2023-10-17,43.85619354248047,44.67067615739755,42.400907944252246,43.91807838161958,812333000
2023-10-18,42.117427825927734,43.13852556211427,41.7471202631781,42.511692770661035,627294000
2023-10-19,42.02260971069336,43.216381906827145,41.8040157217801,42.731286777485096,501233000
2023-10-20,41.309932708740234,42.39091619548763,41.00150619051564,41.81199440818419,477266000
2023-10-23,42.894981384277344,43.16747569287728,40.86876235135564,41.15223395492377,478530000
2023-10-24,43.581703186035156,43.615640278299416,42.61151661358912,42.99679570648087,401463000
2023-10-25,41.70119857788086,43.56871659941446,41.47761668487891,43.317183162193714,398379000
2023-10-26,40.25090789794922,42.17731428874224,39.80573926150373,41.775064849583806,541001000
2023-10-27,40.424583435058594,41.1292700454015,39.94048596248548,41.053411354619094,416784000
2023-10-30,41.08435821533203,41.68823125867914,40.405624059194345,41.01049849985918,388028000
2023-10-31,40.704063415527344,40.802881903079644,39.1569503913023,40.37467987980174,517969000
2023-11-01,42.24619674682617,42.30209223793461,40.79290636281734,40.80787782542213,437593000
2023-11-02,43.42498779296875,43.802282272530825,42.814127888386025,43.247317846401735,409172000
2023-11-03,44.92119598388672,45.22462694220357,43.64158173973637,43.93802957100558,424610000
2023-11-06,45.66580581665039,45.849465106470674,44.815391150878824,45.20067395834923,400733000
2023-11-07,45.86942672729492,46.131933661639785,45.07390997743288,45.63386613375853,343165000
2023-11-08,46.487274169921875,46.779727832903724,45.8823998221808,46.01415398971753,346719000
2023-11-09,46.862571716308594,48.1401869158154,46.662943389487246,47.378607266813916,540496000
2023-11-10,48.2449951171875,48.38174104695151,47.194955890683396,47.41155087354873,421245000
2023-11-13,48.52946472167969,49.02454332437156,48.00943495548385,48.230024106474055,384136000
2023-11-14,49.563533782958984,49.74120373030796,48.948683517262864,49.58749116388393,416954000
2023-11-15,48.79697036743164,49.866972887678294,48.11025170692205,49.84202172257436,475497000
2023-11-16,49.38786697387695,49.43278516309001,48.24001057724096,48.58835975878918,339756000
2023-11-17,49.20621109008789,49.62442966359735,48.91575254512535,49.43178822340236,325205000
2023-11-20,50.31513595581055,50.453877068941594,49.08942192234672,49.22017851068948,414120000
2023-11-21,49.85099792480469,50.42292897370047,49.130342262240724,50.03265822480747,565747000
2023-11-22,48.62528991699219,50.24127480470822,47.601199364673555,49.759176257408164,899420000
2023-11-24,47.687034606933594,48.829902895158824,47.656090292901155,48.37974251431558,294645000
2023-11-27,48.152164459228516,48.43962634923761,47.56326300329972,47.710986210138174,395662000
2023-11-28,47.73195266723633,48.233020614585215,47.38460109717888,48.146180818273855,401491000
2023-11-29,48.05036163330078,48.67120510025969,47.770884217997974,48.288918833586436,382005000
2023-11-30,46.68291473388672,48.02041980667685,46.33556313621097,47.934577593167546,526247000
2023-12-01,46.67792510986328,47.112116530587656,46.1010022026633,46.43837411108703,369317000
2023-12-04,45.42525100708008,45.99119649745045,44.92618209165027,45.99119649745045,437543000
2023-12-05,46.48338317871094,46.517319443047896,45.19067882409736,45.38533254496545,371718000
2023-12-06,45.42225646972656,47.302916124514056,45.33141833887503,47.13122044302318,380590000
2023-12-07,46.51332473754883,46.54626712955494,45.52308427817849,45.6189146142351,350823000
2023-12-08,47.42171096801758,47.65629461849747,46.467405912391875,46.51232804934258,359224000
2023-12-11,46.54426956176758,47.446664942684954,45.74868658721169,47.40673880790064,509728000
2023-12-12,47.572444915771484,47.581427820158346,45.96430321028968,45.96430321028968,372387000
2023-12-13,48.002681732177734,48.507784486050255,47.523533822968744,47.54449647259797,447792000
2023-12-14,48.26420974731445,48.58364165791398,47.337858729747325,48.30413968812158,391232000
2023-12-15,48.80325698852539,49.316344970250725,48.03462269335951,48.108492709816815,479948000
2023-12-18,49.9881477355957,50.34351507731144,49.062794375670336,49.31235079913167,412587000
2023-12-19,49.5159797668457,49.61181008886036,48.808238224699814,49.33629886505029,464444000
2023-12-20,48.025634765625,49.91028529819524,48.012657344636494,49.5668939044448,397894000
2023-12-21,48.903076171875,49.007889407965415,48.333086371904265,48.724392927903814,300425000
2023-12-22,48.74335479736328,49.29537111268927,48.380996155276534,49.10770498591239,252507000
2023-12-26,49.191558837890625,49.51198840359391,48.873124626710656,48.88110985273242,244200000
2023-12-27,49.32931900024414,49.59185284551433,48.997907338293054,49.42315398247824,233648000
2023-12-28,49.43412780761719,49.795484989479434,49.324322381717465,49.55491529927827,246587000
2023-12-29,49.43412780761719,49.90828725509975,48.66449595698359,49.72461182444803,389293000
2024-01-02,48.0825309753418,49.20753015338818,47.51054964423797,49.1566219566508,411254000
2024-01-03,47.48459243774414,48.098499031561545,47.23603372218609,47.40074185532866,320896000
2024-01-04,47.912841796875,48.41395003873669,47.42370949212884,47.68224884044641,306535000
2024-01-05,49.00989532470703,49.459097724708386,48.22029830139773,48.37602357709862,415039000
2024-01-08,52.160282135009766,52.18224626703925,49.391205977221674,49.42414836733732,642510000
2024-01-09,53.04571533203125,54.22861420741035,51.598287244233845,52.30802809263291,773100000
2024-01-10,54.25356674194336,54.50312317370562,53.39409433002728,53.52087170860792,533796000
2024-01-11,54.724727630615234,55.247799966123495,53.46496957614301,54.9014155282273,596759000
2024-01-12,54.61292266845703,54.872463461679565,54.23359967517569,54.52308221048439,352994000
2024-01-16,56.281959533691406,56.73415487746208,54.80259064863885,54.92038130782368,449580000
2024-01-17,55.95354461669922,56.37080221365978,54.642874592370525,56.24702168282456,474394000
2024-01-18,57.005672454833984,57.497797746406825,56.00744677307047,57.15840086229008,491650000
2024-01-19,59.385440826416016,59.39442372974931,57.12345894632279,57.88610325059809,543501000
2024-01-22,59.54815673828125,60.223957503871716,58.96519328035112,59.94245635666948,452955000
2024-01-23,59.76676940917969,59.803702511682395,58.48105267598879,59.46430561582059,294654000
2024-01-24,61.25312423706055,62.73748534909312,59.831651069260054,60.19700279855746,560271000
2024-01-25,61.50767135620117,62.607717226695215,60.742030169454694,62.239368666397,482777000
2024-01-26,60.922706604003906,61.67337498834804,60.4655228910145,60.85183343731232,390309000
2024-01-29,62.354164123535156,62.37811980223714,60.798929932553925,61.12335021592604,348733000
2024-01-30,62.662620544433594,63.38034661468554,62.1495325776363,62.788400246614664,410735000
2024-01-31,61.417823791503906,62.15850772780802,60.59229159742143,61.33097637138223,453795000
2024-02-01,62.91516876220703,63.07887923181449,61.5406131324354,61.98981163068563,369146000
2024-02-02,66.04261779785156,66.48183193924027,63.57699522405565,63.8604917267368,476578000
2024-02-05,69.20897674560547,69.37368488045085,67.085752030502,68.10393877262449,680078000
2024-02-06,68.1019515991211,69.630233381063,66.18236704818828,69.50645284574946,683111000
2024-02-07,69.97461700439453,70.09540449820057,67.48005062301553,68.19777661316522,495575000
2024-02-08,69.5174331665039,70.66838724943909,69.33176617612584,69.94966354395652,414422000
2024-02-09,72.00502014160156,72.05692221360141,70.08742326576261,70.40785287358678,436637000
2024-02-12,72.11981201171875,74.4786183227707,71.1235816589561,72.47118484090161,613710000
2024-02-13,72.00003051757812,73.31968365428922,69.4964845401849,70.27509946360114,602580000
2024-02-14,73.76888275146484,74.10428513350574,71.81036588559786,73.0721231436502,504917000
2024-02-15,72.52908325195312,73.84374789733648,72.27154539670707,73.73794078168315,420122000
2024-02-16,72.48414611816406,74.2699729733596,72.37234535124092,73.96850692718213,495327000
2024-02-20,69.32877349853516,71.82832841143384,67.61381946264177,71.81934169951924,704833000
2024-02-21,67.352294921875,68.7657830962581,66.1304674517911,67.8853441158395,673755000
2024-02-22,78.39865112304688,78.43558041658676,74.08831180865685,74.8918837924214,865100000
2024-02-23,78.6771469116211,82.24779566972408,77.43235796782388,80.64664555528343,829388000
2024-02-26,78.95166778564453,80.5029113343283,78.36570371037314,79.55858308487059,503973000
2024-02-27,78.56135559082031,79.33898034064636,77.0250924240117,79.24014935736925,391705000
2024-02-28,77.52519226074219,78.79293534780788,76.98814490868608,77.48226929356848,393110000
2024-02-29,78.97163391113281,79.84807446200602,78.2109848648127,78.95366810218512,507289000
2024-03-01,82.13299560546875,82.15396205759876,79.29404050410636,79.85804035116041,479135000
2024-03-04,85.08576202392578,87.53940093463996,83.57045769196934,83.98072393894745,615616000
2024-03-05,85.81550598144531,85.94827947163024,83.2729084960246,85.12270452666515,520639000
2024-03-06,88.54676818847656,89.56900130568565,86.87965493223747,87.8699456446009,582520000
2024-03-07,92.5089111328125,92.60674140930558,89.44720809741612,90.00224735235656,608119000
2024-03-08,87.37679290771484,97.23174040772027,86.35655527181379,94.97364703765751,1142269000
2024-03-11,85.62583923339844,88.64361241866209,84.02061512714978,86.27970659200646,678364000
2024-03-12,91.75421142578125,91.80112730309294,86.00116720286299,87.89688852723692,668075000
2024-03-13,90.73099517822266,91.34592838246506,88.28222971094472,90.89770650975179,635713000
2024-03-14,87.79207611083984,90.48941185201531,86.45039611721776,89.42225831640668,602318000
2024-03-15,87.68525695800781,89.39130424407391,86.10799224334774,86.77982614282709,642086000
2024-03-18,88.30220031738281,92.24537384693531,86.93456418081807,90.2318598178106,668976000
2024-03-19,89.24356842041016,90.38758481674583,84.86314816147532,86.55022352343148,672171000
2024-03-20,90.21588134765625,90.25381771221527,88.07059173697641,89.6418701073994,479063000
2024-03-21,91.27705383300781,92.48796356842453,90.24883426133269,92.14056512598715,480372000
2024-03-22,94.1261215209961,94.61427521165601,90.67708804781446,90.9835569272488,586719000
2024-03-25,94.83788299560547,96.59883562555477,93.34846365413705,93.77871885813295,552136000
2024-03-26,92.4011001586914,96.20851455285562,92.34220396856466,95.68541767838448,513648000
2024-03-27,90.0940933227539,93.0789259717654,88.96904130951937,92.95114873658731,586067000
2024-03-28,90.19991302490234,91.1422825108375,89.03892009399118,89.8445252112995,435212000
2024-04-01,90.20690155029297,92.06568455405531,89.0499070749777,90.14301673764523,452441000
2024-04-02,89.29747772216797,89.93836697964663,87.46864171818919,88.29520668047454,433064000
2024-04-03,88.81031799316406,90.21788597554938,88.24729689318218,88.33115142365672,370067000
2024-04-04,85.756591796875,90.47742601324012,85.73163346290652,90.24981545155312,434965000
2024-04-05,87.85597229003906,88.32815477151372,85.77756814573236,86.71593914747515,399678000
2024-04-08,86.98247528076172,88.67654220104028,86.58216705957724,88.54676191015398,283220000
2024-04-09,85.20654296875,87.4836082761363,82.87857850073121,87.29094090122678,501700000
2024-04-10,86.8886489868164,87.24902545092569,83.56439945092491,83.78102746556362,431929000
2024-04-11,90.4594497680664,90.58223837088431,86.77582976459976,87.26897200773683,431637000
2024-04-12,88.0336685180664,90.0192388417283,87.37880342967303,89.54405551793229,426805000
2024-04-15,85.85242462158203,90.45645646962656,85.78055040974887,88.94407438415881,443077000
2024-04-16,87.26399230957031,87.965773191981,85.91532822119116,86.28368645109244,370453000
2024-04-17,83.88982391357422,88.62163290761173,83.80496405819224,88.18737923912188,495400000
2024-04-18,84.52472686767578,86.0411075798554,82.25964941091485,84.82321393436638,447260000
2024-04-19,76.06837463378906,84.17834237736079,75.47540651529913,83.00637428065669,875198000
2024-04-22,79.38063049316406,79.93467203595871,76.26802061217705,77.96907171420484,596341000
2024-04-23,82.2806167602539,82.62601974052421,80.1253496885507,80.62947459576492,438559000
2024-04-24,79.53936767578125,83.93675724779338,79.04621772256601,83.80498148732187,512208000
2024-04-25,82.48925018310547,83.17905069622672,78.08786289005887,78.73174524823247,424641000
2024-04-26,87.58345031738281,88.17842147858853,83.2429613231266,83.67321658546781,551011000
2024-04-29,87.60541534423828,87.84000240637579,85.11871327693655,87.44369261843626,388971000
2024-04-30,86.25275421142578,88.66557903150859,86.15093302077396,87.0893041357892,363709000
2024-05-01,82.89753723144531,85.85142484392729,81.11461964994571,84.93002290842145,559863000
2024-05-02,85.66874694824219,86.08801954331209,83.05626359727954,84.30310641773906,377898000
2024-05-03,88.63561248779297,89.12675929539812,86.8896334546632,87.6373400551101,398341000
2024-05-06,91.9808349609375,92.06069859527176,88.90116496394158,89.23558536447402,376203000
2024-05-07,90.39756774902344,91.62244547206083,88.85723403089521,90.94062670307744,437342000
2024-05-08,90.25581359863281,91.03646035901207,89.26552291616532,89.32841761603471,325721000
2024-05-09,88.59368896484375,90.91466942223298,88.07858152551931,90.37260819958134,378013000
2024-05-10,89.72274017333984,91.24311191356409,89.07286375704587,90.14900450939767,335325000
2024-05-13,90.24282836914062,90.84079255928056,88.3760562473726,90.32168664844454,289680000
2024-05-14,91.19817352294922,91.49266204448712,88.78035314892927,89.4442051895543,296507000
2024-05-15,94.4665298461914,94.69813133508781,91.44076747625896,92.31226052004403,417735000
2024-05-16,94.19599914550781,95.65347613046144,93.94043705092355,94.74604980958085,323952000
2024-05-17,92.3192367553711,94.57633241179128,91.64740285082287,94.20597874528181,359691000
2024-05-20,94.61627197265625,95.03554461976276,93.27859039868353,93.58805245494568,318764000
2024-05-21,95.22122192382812,95.23519767784772,93.01903151729087,93.43730641374981,328946000
2024-05-22,94.78597259521484,95.85412388547536,93.08791463591838,95.29409598809328,548648000
2024-05-23,103.61969757080078,106.1363388077003,101.34462744914427,101.85175314144693,835065000
2024-05-24,106.28507232666016,106.29105867121642,102.82206339543845,104.2685576920773,429494000
2024-05-28,113.7042465209961,114.74045547346739,109.69318953443825,110.0535659980523,652728000
2024-05-29,114.62664031982422,115.29248791517858,110.70942292973874,112.85471267036033,557442000
2024-05-30,110.3091049194336,115.61891628592592,109.47355289556607,114.45193707992216,484553000
2024-05-31,109.44361114501953,112.52228313915187,106.75526253688238,112.32561724375552,613263000
2024-06-03,114.80133819580078,114.80133819580078,111.80951385006522,113.42472260342709,438392000
2024-06-04,116.23585510253906,116.39857553569502,113.8479889155611,115.51610755402032,403324000
2024-06-05,122.22850036621094,122.23747988436097,117.2650888452736,118.16652888700372,528402000
2024-06-06,120.78897857666016,125.3700480295792,118.11560338652608,123.83370517037008,664696000
2024-06-07,120.6791763305664,121.48178833918006,117.81812979264019,119.56310374577737,412386000
2024-06-10,121.57959747314453,122.8873318903164,116.80785658193525,120.16205248180556,313434100
2024-06-11,120.71105194091797,122.66782593913159,118.54461678500223,121.56962984389475,222551200
2024-06-12,124.99398803710938,126.67122400488891,122.36831828276222,122.85750988511934,299595000
2024-06-13,129.396728515625,129.5864183097163,126.9507630154097,129.1770893049594,260704500
2024-06-14,131.66299438476562,132.62140615970972,128.10885485479358,129.7461556011969,309320400
2024-06-17,130.7644805908203,133.5099557271365,129.3667902512595,132.77118307637525,288504400
2024-06-18,135.35690307617188,136.10566894087242,130.47495024767164,130.92420671975586,294335100
2024-06-20,130.56480407714844,140.52837801062054,129.30688285479897,139.56996619369176,517768400
2024-06-21,126.3617172241211,130.41504130352394,124.09545606742938,126.91081519572728,649445800
2024-06-24,117.91564178466797,124.2551908621237,117.8457572795687,123.03719724453093,476060900
2024-06-25,125.88253021240234,126.2918592621421,119.12367279539588,121.00057673643838,414192600
2024-06-26,126.19200897216797,127.90917229563556,122.39825886605338,125.92244899462368,362975900
2024-06-27,123.78597259521484,126.2019962793405,122.71773358253314,123.8957921998042,252571700
2024-06-28,123.33672332763672,127.49986001719877,122.54802231076043,124.37501298465715,315516700
2024-07-01,124.09547424316406,124.6345790000873,118.63447360818265,123.26683813440599,284885500
2024-07-02,122.46814727783203,123.20693510758652,120.83084647254137,120.93068040128533,218374000
2024-07-03,128.06890869140625,128.06890869140625,121.16029766804549,121.45980705227005,215749000
2024-07-05,125.62295532226562,128.63799033992214,125.4732006158399,127.17040031042268,214176700
2024-07-08,127.9890365600586,130.55481479101948,126.83094936680692,127.28020581947078,237677300
2024-07-09,131.163818359375,133.59980576329167,128.43829962119838,130.1355144487565,285366600
2024-07-10,134.68801879882812,134.87770860466375,132.20211043348235,133.80946190177127,248978600
2024-07-11,127.19036102294922,135.92595502009132,126.84093848175796,135.52661932549566,374782700
2024-07-12,129.02734375,131.70292655352904,127.01066335258953,128.04894535138322,252680500
2024-07-15,128.22865295410156,131.1737956487568,126.97072416574117,130.3451595951711,208326200
2024-07-16,126.15208435058594,128.82766729187324,124.37501443079199,128.2286636887716,214769500
2024-07-17,117.79584503173828,121.64949400158038,116.52793817127537,121.15031675281162,390086200
2024-07-18,120.89073944091797,122.19858897958201,116.36819489836525,121.64949097287113,320979500
2024-07-19,117.73594665527344,121.39990584738524,117.176870571876,120.15196272062997,217223800
2024-07-22,123.33672332763672,123.86585002604772,119.66277824004172,120.15196984200875,258068900
2024-07-23,122.38826751708984,124.4848179409612,121.89907597271183,122.57795729865761,173911000
2024-07-24,114.06199645996094,119.75261380553808,113.2533317889684,118.97389854949489,327776900
2024-07-25,112.0952377319336,116.43807811661003,106.12508231687993,112.85398925547956,460067000
2024-07-26,112.87395477294922,116.00878722251285,111.3963944118867,115.99880916186419,293399100
2024-07-29,111.40638732910156,116.08867288971433,111.11687119487814,113.50293810461493,248152100
2024-07-30,103.55931854248047,111.8057214597651,102.37127421675278,111.33649361290321,486833300
2024-07-31,116.82743072509766,118.1452582531107,110.6975352036146,112.71421539482289,473174200
2024-08-01,109.03028869628906,119.96227450650746,106.63423649015627,117.3365974252001,523462300
2024-08-02,107.09347534179688,108.54109382170915,101.20319035397925,103.58925680976456,482027500
2024-08-05,100.28471374511719,103.23984998207244,90.54077860317504,91.90851949250676,552842400
2024-08-06,104.07845306396484,107.53275860175525,100.38454458708775,103.66912407688663,409012100
2024-08-07,98.74724578857422,108.62097103799087,98.52760658313275,107.6325946135043,411440400
2024-08-08,104.79727172851562,105.3263983879788,97.3595262295921,101.83215768316434,391910000
2024-08-09,104.57762908935547,106.42458330646772,103.25980151433504,105.46616394434741,290844200
2024-08-12,108.84061431884766,110.88724428013212,106.08516112777683,106.14505996593543,325559900
2024-08-13,115.94889068603516,116.03874655153282,111.39639661656214,112.25498209343158,312646700
2024-08-14,117.88570404052734,118.40484504167927,113.88230026594151,118.33496052966188,339246400
2024-08-15,122.65784454345703,123.03721654252207,117.27671395628101,118.56459228097263,318086700
2024-08-16,124.37499237060547,124.79429938850936,120.9805859038701,121.73933737686731,302589900
2024-08-19,129.78607177734375,129.78607177734375,123.21689800857207,124.07548340044629,318333600
2024-08-20,127.04060363769531,129.66628071339343,125.68284097768198,128.18870516059542,300087400
2024-08-21,128.28855895996094,129.13716641620366,126.45159025428316,127.11050029285343,257883600
2024-08-22,123.536376953125,130.5348437487765,122.89743071735391,129.80604926899383,376189100
2024-08-23,129.1571044921875,129.38673697357257,125.01393980516215,125.65288601497598,323230300
2024-08-26,126.25190734863281,131.04400430992783,124.16535012958609,129.35679802537265,331964700
2024-08-27,128.08889770507812,128.98741074794592,123.67616460225028,124.84424526829238,303134600
2024-08-28,125.40330505371094,128.11883041927797,122.4381910717034,127.90916927864866,448101100
2024-08-29,117.3965072631836,124.22525631015377,116.51795800585043,121.16030816238968,453023300
2024-08-30,119.17357635498047,121.54965726206557,117.02711271158417,119.33330911013266,333751600
2024-09-03,107.82228088378906,116.01877002584149,107.11345013644421,115.81910218205195,477155100
2024-09-04,106.03523254394531,113.0836130103624,103.94867525541761,105.23655349888746,372470300
2024-09-05,107.0335922241211,109.4695798052194,104.58762658147727,104.817243866478,306850700
2024-09-06,102.66079711914062,107.97204286084109,100.78388574677186,107.86222325429438,413638100
2024-09-09,106.29480743408203,106.37467762407766,103.51938307487873,104.70741977949132,273912000
2024-09-10,107.92211151123047,109.21997530676359,104.77729355808466,107.63258781478571,268283700
2024-09-11,116.71762084960938,116.99715887318843,107.24323176128858,109.20999122026392,441422400
2024-09-12,118.95413208007812,120.60155948017247,115.19999582839206,116.6577172050991,366052700
2024-09-13,118.9141845703125,119.77284345041441,117.41652479583126,118.8942191250157,238358300
2024-09-16,116.59780883789062,117.99562620382233,114.1815861384539,116.60779536966285,248772300
2024-09-17,115.40966796875,118.61466685067687,114.65085910577872,117.98564481894722,231925900
2024-09-18,113.19312286376953,117.51636140830334,113.04335537027728,115.70918780797278,310318900
2024-09-19,117.68611145019531,119.47331975028854,117.06707598202318,117.16691844656921,293506400
2024-09-20,115.81903076171875,118.43494609535816,115.2099818009,116.87737463970251,382462400
2024-09-23,116.07862091064453,116.80747774675662,114.68080357526898,116.36816938577523,206228500
2024-09-24,120.68143463134766,121.60998405209612,115.19999404233639,116.33821493002908,354966800
2024-09-25,123.31732177734375,124.74509122698359,121.42028432700172,121.8296407501193,284692900
2024-09-26,123.84648895263672,127.47082313052574,121.609985658202,126.6021852727835,302582900
2024-09-27,121.21060180664062,123.83649592385486,119.07394109309165,123.77659196922,271009200
2024-09-30,121.25054931640625,121.31045327548797,117.96568098439478,118.1254274144435,226553700
2024-10-01,116.81747436523438,122.2489901408394,115.60936293760753,121.5800295838127,302094500
2024-10-02,118.6645736694336,119.19374556676668,114.9603627706106,116.25833761189251,221845900
2024-10-03,122.65834045410156,124.16598683922703,120.15225416683853,120.73135113827638,277118000
2024-10-04,124.72509765625,124.84491317422831,121.63992233884696,124.74507071799195,243678100
2024-10-07,127.52073669433594,130.43617917860723,124.75505409102715,124.7949925984476,346250200
2024-10-08,132.68267822265625,133.27175410957346,129.2180905372518,130.0567764001493,285722500
2024-10-09,132.44305419921875,134.31014727855833,131.1750464230449,133.9007832398008,246191600
2024-10-10,134.59967041015625,134.78937641455914,130.79561711338704,131.70420101079952,242311300
2024-10-11,134.58970642089844,135.5681732923908,133.4514855032485,133.80093033986074,170209500
2024-10-14,137.8546142578125,139.38222619629536,136.08737124143596,136.25710420849128,232347700
2024-10-15,131.39468383789062,138.35381046607344,128.53914539910267,137.65489041774774,377831000
2024-10-16,135.5082550048828,136.40684475827754,131.37471471629812,133.7709642153392,264879700
2024-10-17,136.71636962890625,140.6701983777905,136.65646567187503,139.12261346955344,306435900
2024-10-18,137.7847137451172,138.6833036103306,137.06583575895257,138.45366668655112,176090200
2024-10-21,143.48580932617188,143.48580932617188,137.78471061125512,137.91451267760561,264554500
2024-10-22,143.36599731445312,144.19470435057536,141.55882333477078,142.6870654207542,226311600
2024-10-23,139.34226989746094,142.20778753302577,137.24555525009052,141.80841766733155,285930000
2024-10-24,140.19094848632812,141.12948441968888,138.2439937495604,140.6003124972593,172354900
2024-10-25,141.31918334960938,143.90515439009727,140.5803475394567,140.71013437273555,205122100
2024-10-28,140.30079650878906,142.91670449778834,139.83152847847435,142.77692350375753,173586700
2024-10-29,141.02963256835938,142.0380513591214,138.68329276437913,140.0711235834401,157593600
2024-10-30,139.12261962890625,140.11108066863528,136.59656776236113,139.32230457284558,179418100
2024-10-31,132.55288696289062,137.39532698555524,131.9039070664443,137.38534807029694,270039600
2024-11-01,135.18875122070312,137.09577501351765,134.36005954202903,134.48984636430032,207127800
2024-11-04,135.8377685546875,138.74323268611076,135.35852160810796,136.99596264099162,187528200
2024-11-05,139.6917266845703,140.151000495864,137.11574997671616,137.23555788662173,160537400
2024-11-06,145.38284301757812,146.2614750565614,141.73854326176877,142.73698322061895,242043900
2024-11-07,148.6477508544922,148.69766066609404,145.9419717733186,146.1616297903136,207323300
2024-11-08,147.39967346191406,149.53633403774526,146.03180056765603,148.5378942315628,175665800
2024-11-11,145.0333709716797,148.6177817068004,143.3460203778287,148.44803352101476,182325600
2024-11-12,148.0586395263672,149.41651833977537,145.78219787373922,146.55100082856893,198634700
2024-11-13,146.04177856445312,149.09700159587854,145.67234551723544,148.83741275957428,191903300
2024-11-14,146.53102111816406,148.76753177848803,145.32291747893564,147.40965302668107,194463300
2024-11-15,141.75848388671875,145.0134075079149,139.86145428913719,144.6439744081883,250132900
2024-11-18,139.93133544921875,141.32916034590224,136.93601597273187,139.28235565663965,221205300
2024-11-19,146.78065490722656,146.90047806374457,140.77005724054902,141.09954425974988,227834900
2024-11-20,145.6623992919922,147.32979212988033,142.50732548898966,147.18003223590216,309871700
2024-11-21,146.44119262695312,152.65149063112756,140.4805046221909,149.11701974284432,400946600
2024-11-22,141.72853088378906,146.93040910376754,140.87986616890575,145.70231714314025,236406200
2024-11-25,135.80780029296875,141.82839170792872,135.60811535874635,141.76848775116036,344941900
2024-11-26,136.70639038085938,139.08268223719327,135.45834049580736,137.4851722903331,190287700
2024-11-27,135.12884521484375,137.00591700209634,131.59437486042492,134.7993582371888,226370900
2024-11-29,138.03433227539062,139.13262238748922,135.837767286179,136.56662423239774,141863200
2024-12-02,138.4136962890625,140.23084856577083,137.60496259418272,138.61338117601127,171682800
2024-12-03,140.0411834716797,140.32074544201365,137.73478959893222,138.04430354930304,164414000
2024-12-04,144.91355895996094,145.56253876730494,140.07111960214385,141.77845844597738,231224300
2024-12-05,144.84368896484375,146.3214777724878,143.7353435501018,144.89361745373108,172621200
2024-12-06,142.2275848388672,145.4827177885172,141.09926510716357,144.38436733563313,188505600
2024-12-09,138.60299682617188,139.74129618907318,136.9255094433844,138.76276188244717,189308600
2024-12-10,134.8685760498047,141.60850970621567,133.5904709096604,138.80268748950093,210020900
2024-12-11,139.1022491455078,139.96096726526153,135.00837248215075,137.155160163518,184905200
2024-12-12,137.1351776123047,138.23354324797214,135.59748095840345,136.8755708420711,159211400
2024-12-13,134.04978942871094,139.39181692680097,132.34233289302693,138.7327975455873,231514900
2024-12-16,131.80313110351562,134.19954557462145,130.2254857362255,133.9798724705664,237951100
2024-12-17,130.195556640625,131.39376410572794,126.67082193579633,128.89749220508244,259410300
2024-12-18,128.71775817871094,136.49613412730267,128.08869283192976,133.6603731199009,277444500
2024-12-19,130.485107421875,133.8301176053825,129.3568029702355,131.56349862817564,209719200
2024-12-20,134.49911499023438,135.07825184796977,128.02878306565836,129.61640819653473,306528600
2024-12-23,139.4617156982422,139.58153187306692,134.91849782504636,136.07677163513355,176053500
2024-12-24,140.01089477539062,141.6883821217358,138.44322876231024,139.79122163679293,105157000
2024-12-26,139.7213134765625,140.63995487774488,137.52459740894255,139.49166074428362,116205600
2024-12-27,136.8056640625,138.81267619141968,134.50910636621433,138.34337590905767,170582600
2024-12-30,137.28494262695312,140.060795108374,133.82011682531788,134.628906293037,167734700
2024-12-31,134.0897216796875,137.86409844380188,133.63041622678574,137.82414956509464,155659200
2025-01-02,138.10374450683594,138.67290181477085,134.4292395740467,135.7971917031726,198247200
2025-01-03,144.2545623779297,144.6839138332244,139.5216253508109,139.80120658589456,229322500
2025-01-06,149.2071533203125,151.93309314343088,147.599568879649,148.36840963752263,265377400
2025-01-07,139.93099975585938,152.9016324332477,139.80118875754107,152.80177547515166,351782200
2025-01-08,139.90106201171875,143.73533196712347,137.3548616440079,142.36737985085435,227349900
2025-01-10,135.7073211669922,139.71133557177419,134.0198390250661,137.24501786219508,207602500
2025-01-13,133.03131103515625,133.29093305056014,129.31685741876072,129.79615256902926,204808900
2025-01-14,131.56350708007812,136.1766278538369,129.85606565410438,135.84711813885167,195590500
2025-01-15,136.03683471679688,136.2465130176968,131.09420431967888,133.45068552943664,185217300
2025-01-16,133.3708038330078,138.54307117698642,133.2909213149963,138.4332346192246,209235600
2025-01-17,137.50465393066406,138.29346918098167,135.25800912447482,136.48617068576843,201188800
2025-01-21,140.61997985839844,141.6184885428412,136.88555189361048,138.95247218370304,197749000
2025-01-22,146.85067749023438,147.56958971587568,143.45573886876412,144.44426793757484,237651400
2025-01-23,147.00045776367188,147.0104373660888,143.50567717742842,144.83369562852502,155915500
2025-01-24,142.4073028564453,148.74783905952535,141.66841618539428,148.14872775799392,234657600
2025-01-27,118.24340057373047,128.20851331467108,116.52596435964819,124.61389107098998,818830900
2025-01-28,128.7976531982422,128.80763280108368,116.07664583818587,121.62835222502514,579666400
2025-01-29,123.51551818847656,126.70076325147895,119.87096767407616,126.31134548354018,467120600
2025-01-30,124.46410369873047,124.81358019968631,117.92386904906036,122.91641225704781,392925500
2025-01-31,119.89093780517578,127.6593341751579,119.01225290264883,123.59540412169352,388161100
2025-02-03,116.48603057861328,118.39317826666118,112.84147223806173,114.57887527254843,371235700
2025-02-04,118.47305297851562,121.01924546805154,116.52595653802958,116.78557092036435,256550000
2025-02-05,124.64384460449219,124.8135892575584,120.57991444298676,121.57842315704723,262230800
2025-02-06,128.48809814453125,128.5779755110731,125.02327919443763,127.22998260932282,251483600
2025-02-07,129.6463623046875,130.17557068191934,124.8135839892709,129.02729180363133,228186300
2025-02-10,133.3708038330078,134.79866384787866,129.76618710141213,129.89598286165247,216989100
2025-02-11,132.60195922851562,134.27944654160947,130.82461495038982,132.38228609427233,178902400
2025-02-12,130.94444274902344,132.04280851778788,128.8875170693692,129.826117774307,160278600
2025-02-13,135.08822631835938,136.29642846871295,130.97437562399168,131.36379338160384,197430000
2025-02-14,138.6429443359375,139.04234173663804,135.29793396994222,136.2764682668825,195479600
2025-02-18,139.19212341308594,143.2261075780513,137.72431422880837,141.05934526698334,219176600
2025-02-19,139.02236938476562,141.14919790373787,137.01537227663152,139.30195061666387,167536000
2025-02-20,139.90106201171875,140.45024487315197,136.5860056380014,139.8211794831435,143903600
2025-02-21,134.22952270507812,141.24905316966826,133.83012530319377,139.83115735009994,228217600
2025-02-24,130.08570861816406,138.383313247837,129.88600993089565,136.35634186179794,251381100
2025-02-25,126.44115447998047,130.00583024952502,124.25442559786755,129.78615711570163,271428700
2025-02-26,131.084228515625,133.53057192522448,128.29839578499454,129.79615892181477,322553800
2025-02-27,119.9708251953125,134.80865788512716,119.83103458283094,134.7986782828192,443175800
2025-02-28,124.73369598388672,124.90344062232614,116.22640582508673,117.8439849269481,389091100
2025-03-03,113.88990020751953,123.51552349340123,112.11255593535711,123.32581202011416,411381400
2025-03-04,115.81702423095703,119.13207287466713,109.9457957033308,110.48499132597254,398163300
2025-03-05,117.12507629394531,118.10361057672029,114.3392360416895,117.40465751759531,284337900
2025-03-06,110.40510559082031,115.17797591196373,110.05562907278994,113.3606904001891,321181900
2025-03-07,112.52195739746094,113.31078025161912,107.3996024558792,111.0841023095759,341755500
2025-03-10,106.8204574584961,111.6831896506324,105.30272006245755,109.73610085349598,366487400
2025-03-11,108.5978012084961,112.0726069900584,104.61374627233778,106.83043665954975,354865700
2025-03-12,115.5780258178711,116.5966026479449,112.72202762810602,113.9602977987337,323857500
2025-03-13,115.41825103759766,117.59520049683546,113.63075517539951,116.86621875800482,299033100
2025-03-14,121.49972534179688,121.70943054003341,117.98465480860956,118.44401014075397,277593500
2025-03-17,119.36272430419922,122.71802281178023,117.86482345684047,122.56823120330081,255501500
2025-03-18,115.26846313476562,118.85343549406599,114.37970924440411,117.83486627342975,299686900
2025-03-19,117.35552978515625,120.2814296141779,115.51810848491796,117.10587965509883,273426200
2025-03-20,118.3641128540039,120.0317738155389,116.30699831746894,116.38688818380663,248829700
2025-03-21,117.5352783203125,117.82487338576216,115.25847035053427,116.77634740953133,266498500
2025-03-24,121.24009704589844,122.04896105750126,119.17298658297102,119.71223179694545,228452500
2025-03-25,120.52110290527344,121.12026171196634,118.75357566400419,120.38129943766901,167447200
2025-03-26,113.60079956054688,118.6736845133834,112.55226594608844,118.5638454632065,293463300
2025-03-27,111.27406311035156,114.28983351449122,110.50514401476981,111.19417323533278,236902100
2025-03-28,109.51652526855469,112.71205173921601,108.91736643615505,111.33397804410711,229872500
2025-03-31,108.22832489013672,110.80471613819729,103.50494855407659,104.98287310192077,299212700
2025-04-01,109.99585723876953,110.04578269736857,106.32100673854832,108.36813339033893,222614000
2025-04-02,110.26546478271484,111.82328673498283,106.64054773013802,107.1398479774266,220601200
2025-04-03,101.65754699707031,105.48218161280622,101.45782230020173,103.36515315702636,338769400
2025-04-04,94.17801666259766,99.98987163475934,91.98109847139008,98.7715853475697,532273800
2025-04-07,97.50334930419922,101.60759784636036,86.4987754744505,87.33759621246332,611041300
2025-04-08,96.16523742675781,105.70186824827938,94.3278084260022,103.66472218207363,476243400
2025-04-09,114.17000579833984,114.9389248904037,97.39351305704149,98.75161045127601,612918300
2025-04-10,107.4194564819336,110.70485307181585,99.01124202201945,109.21694044618194,437812400
2025-04-11,110.7747573852539,111.39389245819964,107.32958859529616,108.34815778630501,313417300
2025-04-14,110.55506134033203,114.1300529879136,108.91735711650354,113.9503045917023,264705000
2025-04-15,112.04297637939453,113.46099492172469,110.3453585264742,110.81470199440513,228966900
2025-04-16,104.3437728881836,106.64055727885454,100.30942561460589,104.40369410395131,397016900
2025-04-17,101.34796142578125,104.3237942331935,99.90998190333623,104.30381795694564,292517500
2025-04-21,96.7743911743164,99.30084956133582,94.90700524452377,98.63178134580184,288501100
2025-04-22,98.75160217285156,99.67031279819463,97.14385476914264,98.6417555090913,241004800
2025-04-23,102.5662612915039,104.6533403969428,101.87722447592722,104.37372584399631,247526000
2025-04-24,106.28104400634766,106.39089066307956,102.96569088547095,103.33517578708889,220815000
2025-04-25,110.85465240478516,111.76337496991529,105.58204256681438,106.70047033928225,251064700
2025-04-28,108.57783508300781,110.21553928394424,105.87162103934429,109.53649064316203,207708500
2025-04-29,108.86742401123047,110.04577291521682,107.2896409990865,107.5193148494054,170444300
2025-04-30,108.76756286621094,108.76756286621094,103.93434018163836,104.32379376082015,235044600
2025-05-01,111.45380401611328,114.7791455573913,111.14424029465428,112.92174799120272,236121500
2025-05-02,114.33976745605469,115.23850951002053,113.21135153306962,114.02021557227994,190194800
2025-05-05,113.66071319580078,114.5095221313392,112.50234053074915,112.75199066583207,133163200
2025-05-06,113.38111114501953,114.57942879752297,110.66491633937942,111.32399638135878,158525600
2025-05-07,116.89617919921875,117.51531428959993,112.12286973799952,112.89179643623137,206758800
2025-05-08,117.20574951171875,118.51391379663416,115.68787240644632,118.08451525459601,198428100
2025-05-09,116.48675537109375,118.06454606438504,115.04876814493281,117.18577270674557,132972200
2025-05-12,122.82786560058594,122.82786560058594,120.11167093091153,121.79930827024249,225023300
2025-05-13,129.7481689453125,131.03637225526788,124.29581818961599,124.8051066300396,330430100
2025-05-14,135.1505889892578,135.25045513495294,131.49570747587302,133.01358451331882,281180800
2025-05-15,134.64129638671875,136.10924022234616,132.47433530494334,134.10204362723803,226632600
2025-05-16,135.21051025390625,136.15919297953724,133.27323795943153,136.02937003025397,226542500
2025-05-19,135.38027954101562,135.67984750647184,132.20472197026768,132.20472197026768,193154600
2025-05-20,134.19195556640625,134.39167264198855,132.43440873143513,134.1020699305735,161514200
2025-05-21,131.6155548095703,137.2077087161811,130.40724144628157,132.87378601013486,270608700
2025-05-22,132.6441192626953,134.0621302833829,131.36591171623223,132.04495280891254,187344000
2025-05-23,131.1062469482422,132.49430097030302,128.97923834191374,129.8180590665907,198821300
2025-05-27,135.31036376953125,135.47014350181522,133.1234263008756,133.96224703921547,192953600
2025-05-28,134.62135314941406,137.05794120889544,134.60137686964083,135.83964717915475,304021100
2025-05-29,138.99520874023438,143.28919402135628,137.71700129433316,142.0509238917618,369241900
2025-05-30,134.94088745117188,139.42459384487097,132.73397369059805,138.52585950975748,333170900
2025-06-02,137.18775939941406,137.92671411351492,135.2105191814341,135.30040481856875,197663100
2025-06-03,141.02236938476562,141.801276586457,137.75694135463795,138.5857816307834,225578800
2025-06-04,141.72137451171875,142.19071794379053,139.3447005567539,141.99100090060617,167120800
2025-06-05,139.79409790039062,143.79848066110154,138.63571759363617,141.97103980754113,231397900
2025-06-06,141.52166748046875,143.0695013401578,141.31195466595716,142.31055518995854,153986200
2025-06-09,142.43040466308594,144.7970831461155,141.74136782943543,142.98961854621228,185114500
2025-06-10,143.758544921875,144.088069701399,141.33193761060437,142.49031793007975,155881900
2025-06-11,142.6400146484375,144.79714515361243,141.6812848999734,144.41764573923192,167694000
2025-06-12,144.80714416503906,144.80714416503906,141.66133988719625,141.78117540604916,162365000
2025-06-13,141.78115844726562,143.38901749969733,140.6626531024409,142.2904745799642,180820600
2025-06-16,144.49754333496094,145.98555166191812,143.00951976951112,143.159329390418,183133700
2025-06-17,143.9282989501953,145.02684191909495,143.58875484653294,144.29781716982143,139108000
2025-06-18,145.28648376464844,145.4562558084884,142.92962233744194,143.81843788371728,161494100
2025-06-20,143.65866088867188,146.00552584195606,142.46024490398213,145.2565234707711,242956200
2025-06-23,143.97824096679688,144.58743022935184,141.84108794116847,142.31046402404658,154308900
2025-06-24,147.70326232910156,147.76319531946535,145.3064608232896,145.36637857516104,187566100
2025-06-25,154.10476684570312,154.24458003760031,149.0614802461701,149.07147669890958,269146500
2025-06-26,154.8137969970703,156.5115326130379,153.795149532093,155.77251147358507,198145700
2025-06-27,157.54017639160156,158.4989061985097,155.05348286000648,155.83244416127852,263234500
2025-06-30,157.77987670898438,158.44898377155747,155.75257785474952,158.18931982233872,194580300
2025-07-01,153.09609985351562,156.9909063970138,151.2885097592641,156.08211312403307,213143600
2025-07-02,157.04083251953125,157.39037305932783,152.7665268185242,152.77650803107835,171224100
2025-07-03,159.12806701660156,160.7658851337161,157.56016311083363,158.1593559409033,143716100
2025-07-07,158.029541015625,159.09810995597124,157.13072890250317,157.98958568340035,140139000
2025-07-08,159.7871856689453,160.0068942683196,158.1793265036118,159.11807865757584,138133000
2025-07-09,162.66336059570312,164.20130555952733,160.94564712320184,161.0055648799297,183656400
2025-07-10,163.88172912597656,164.28119097215313,161.3950357038234,164.10143771292147,167704100
2025-07-11,164.70062255859375,167.6666731011634,163.2525543877531,163.50222183922534,193633300
2025-07-14,163.8517608642578,165.26987014699793,161.80448473325933,165.1500194092157,136975800
2025-07-15,170.4729461669922,172.17068192225182,168.97494134085255,170.96229989605533,230627400
2025-07-16,171.14205932617188,171.52155877211666,168.67534340451815,170.83247408910898,158831500
2025-07-17,172.7698974609375,173.92835823409905,170.60278554683865,171.79120519874627,160841100
2025-07-18,172.18069458007812,174.0182436825287,171.03221496217563,173.4090543863528,146456400
2025-07-21,171.1520538330078,173.1493936504508,170.77255439137573,172.52022673163836,123126100
2025-07-22,166.80784606933594,171.16204780548466,164.36110765827524,171.11211125862738,193114300
2025-07-23,170.55284118652344,171.03219846298632,167.74658125695927,169.30450383433347,154082200
2025-07-24,173.5089111328125,173.59878776513457,171.07215417768242,172.21063723590794,128984600
2025-07-25,173.2692413330078,174.4876199263022,172.7299662493585,173.3790956402227,122316800
2025-07-28,176.51490783691406,176.7645753161742,173.73860668662087,173.78854323017163,140023500
2025-07-29,175.27655029296875,179.14141320408203,174.78721179005433,177.7233037615148,154077500
2025-07-30,179.0315399169922,179.65071031876445,175.80582548039158,176.27520150705504,174312200
2025-07-31,177.63340759277344,183.05619299307685,175.69598557745124,182.65671589592668,221685400
2025-08-01,173.4889373779297,176.3051785902702,170.66269971388826,173.85844036702034,204529000
2025-08-04,179.76058959960938,179.9603205403546,174.28788258302183,174.9270307365029,148174600
2025-08-05,178.0229034423828,180.02024338323596,175.66604170263633,179.38109521170273,156407600
2025-08-06,179.1813507080078,179.66070799076476,176.01556896990587,176.09546439011424,137192300
2025-08-07,180.52955627441406,183.63542017290519,178.56217541570945,181.32849521637667,151878400
2025-08-08,182.4569854736328,183.05619350177665,180.16004168373897,181.30852119793246,123396700
2025-08-11,181.81784057617188,183.59547178906817,180.01025048518693,181.80785936297346,138323200
2025-08-12,182.9163818359375,184.234618174838,179.22130626788388,182.7166509044063,145485700
2025-08-13,181.34844970703125,183.72528876478472,179.11143905360885,182.37707840680864,179871700
2025-08-14,181.77789306640625,182.7765629312542,179.22130065055427,179.51090820642335,129554000
2025-08-15,180.20997619628906,181.658044469753,177.8031781362909,181.6380820439347,156602200
2025-08-18,181.76788330078125,182.69665413107447,180.34977402519155,180.3597704757432,132008000
2025-08-19,175.4063720703125,182.25724785967336,175.25657768801665,182.1873336556069,185229200
2025-08-20,175.1667022705078,175.76591033294957,168.57548977611862,174.93701244991922,215142700
2025-08-21,174.74725341796875,176.6646977817985,173.57881147306438,174.61743669419707,140040900
2025-08-22,177.75326538085938,178.35245819257523,170.9722880586796,172.38041630972646,172789400
2025-08-25,179.57081604003906,181.6680287357596,176.33513560931726,178.1127666514647,163012800
2025-08-26,181.52822875976562,182.14739921043056,178.57215920342722,179.82049655621498,168688200
2025-08-27,181.35845947265625,182.24727507184866,178.86178472902657,181.7379436715125,235518900
2025-08-28,179.93035888671875,184.22464261974775,176.17536544772958,180.57950348224864,281787800
2025-08-29,173.9483184814453,177.91303926310266,172.91968968806756,177.87309917143955,243257900
2025-09-02,170.55284118652344,172.15071909272382,166.99757884564528,169.77387989783634,231164900
2025-09-03,170.39305114746094,172.18067877773825,168.6553752976972,170.83246833565184,164424900
2025-09-04,171.43167114257812,171.6314020660847,169.1846639665207,170.34312465674856,141670100
2025-09-05,166.79786682128906,168.8051880252559,163.85179338392152,167.8065180303181,224441400
2025-09-08,168.0861358642578,170.73262035939155,167.12742125141602,167.32715219255022,163769100
2025-09-09,170.53286743164062,170.75257602974241,166.51822538667548,168.86509051949957,157548400
2025-09-10,177.09413146972656,179.05151589898875,175.2366048852674,176.4050468150653,226852000
2025-09-11,176.9443359375,180.0503753259473,176.25521235533765,179.45113345293117,151159300
2025-09-12,177.59349060058594,178.37249577533527,176.22522541777622,177.5435512454145,124911000
2025-09-15,177.52357482910156,178.62217970015598,174.28769658655634,175.44622258887705,147061600
2025-09-16,174.65724182128906,177.27389957504343,174.15787872389456,176.77453647764895,140737800
2025-09-17,170.0730743408203,172.97937117956877,168.1954794867923,172.42008695754546,211843800
2025-09-18,176.01551818847656,176.87442336525442,172.73969733735942,173.7583871307785,191763300
2025-09-19,176.4449462890625,177.8531538116004,174.95683884616588,175.54609885389235,237182100
2025-09-22,183.37611389160156,184.31491893588398,174.48745701577195,175.07670180251023,269637000
2025-09-23,178.2027130126953,182.18763613663097,175.9855548133895,181.73821238324945,192559600
2025-09-24,176.74456787109375,179.5509859124944,175.17656050171237,179.54100413716742,143564100
2025-09-25,177.4636688232422,180.03038734713982,172.90947958662534,174.2577508730865,191586700
2025-09-26,177.96302795410156,179.54101721374016,174.70717071687335,177.94304916264082,148573700
2025-09-29,181.61837768554688,183.7656330630971,180.09032771672483,180.20017297627672,193063500
2025-09-30,186.3423309326172,187.11135435179565,181.2488213615314,181.848063160254,236981000
2025-10-01,187.00149536132812,187.90034282726023,183.6657383394342,185.00404300205486,173844900
2025-10-02,188.64939880371094,190.80665113886596,187.82045419605362,189.35850113919957,136805800
2025-10-03,187.38099670410156,190.11751186051177,185.1438598655547,188.94900408551683,137596900
2025-10-06,185.30364990234375,186.9914995955013,183.09647356463947,185.2637075602064,157678100
2025-10-07,184.80429077148438,188.8191743935438,183.76562222076905,185.99277739696944,140088000
2025-10-08,188.86911010742188,189.35849142592937,186.30237648821537,186.33235229407293,130168900
2025-10-09,192.32470703125,195.05122522476873,190.816620752273,191.9851285494953,182997200
2025-10-10,182.92669677734375,195.37081685366852,181.81811007166195,193.26350393527704,268774400
2025-10-13,188.0801239013672,189.8678370807686,185.72312947730666,187.73056363822363,153482800
2025-10-14,179.8006591796875,184.5645869600227,179.47107773683655,184.53462639606815,205641400
2025-10-15,179.60093688964844,184.63451030281777,177.06416377208902,184.56460739230218,214450500
2025-10-16,181.5784149169922,183.0465437061986,179.5410200965125,181.99787810828644,179723300
2025-10-17,182.9866180419922,183.86550198639478,179.52103686227596,179.9504818191574,173135200
2025-10-20,182.4073486328125,184.96408521149223,181.4985041529273,182.89672994644732,128544700
2025-10-21,180.92922973632812,182.55714296878105,179.5709615871908,182.55714296878105,124240200
2025-10-22,180.05035400390625,183.20633238125785,176.53483359319367,180.9092591258601,162249600
2025-10-23,181.92796325683594,182.7968501503985,179.5609718650331,180.19017423035882,111363700
2025-10-24,186.02272033691406,187.23118563906056,183.26624175096782,183.60580497197222,131296700
2025-10-27,191.24607849121094,191.75542334831323,188.18996363054165,189.74798924630224,153452700
2025-10-28,200.77394104003906,202.89123585796654,191.66556232510956,192.80410966447576,297986200
2025-10-29,206.77627563476562,211.9197249544373,204.51915980095313,207.715080745974,308829600
2025-10-30,202.63156127929688,205.89740027142088,201.1534507471854,204.88867704045037,178864400
2025-10-31,202.23207092285156,207.70508615602077,201.81260775338424,206.18701808603035,179802200
2025-11-03,206.61647033691406,211.07078042213968,205.29814450690722,207.81493866642379,180267300
2025-11-04,198.43690490722656,203.71017785907821,197.67786326579136,202.7414122562426,188919300
2025-11-05,194.9613494873047,202.66152000582164,194.40205001057666,198.51681234435117,171350300
2025-11-06,187.84042358398438,197.36826472822915,186.1425921093966,196.169796348482,223029800
2025-11-07,187.91033935546875,188.08013622996737,178.68211848431696,184.66447901682176,264942300
2025-11-10,198.7964630126953,199.68532876518447,193.5431531870904,194.8614791513322,198897100
2025-11-11,192.91395568847656,195.17107140540628,191.05632435423007,194.91140808059743,176483300
2025-11-12,193.5531463623047,195.64048052491762,190.88654915774768,195.4706988945922,154935300
2025-11-13,186.62196350097656,191.1961309619508,183.61580336420005,190.80662838449902,207423100
2025-11-14,189.92776489257812,190.76669126639962,180.3499840264004,182.62707860640327,186591900
2025-11-17,186.3623046875,188.75924133892028,184.08521029684528,185.73310233977776,173628900
2025-11-18,181.1289825439453,184.5646030780414,179.42115405263684,183.14641371605563,213598900
2025-11-19,186.2823944091797,187.6206837111527,182.59709270204067,184.5545873026742,247246400
2025-11-20,180.40989685058594,195.7503316108911,179.62090987236718,195.70039225393623,343504800
2025-11-21,178.6521453857422,184.32490281868388,172.70971237567008,181.00913979899244,346926200
2025-11-24,182.31747436523438,183.26626122561635,176.25519889972114,179.2613745727385,256618300
2025-11-25,177.59349060058594,177.93305383278917,169.33402110596253,174.68719385821646,320600300
2025-11-26,180.03038024902344,182.67701383620675,178.01296428701193,181.3986455127995,183852000
2025-11-28,176.7745361328125,179.0616124091028,176.27517303639212,178.7819702942556,121332800
2025-12-01,179.69082641601562,180.07034727044882,173.45876908321011,174.53739527000454,188131000
2025-12-02,181.22885131835938,185.42349804109853,179.77070445469002,181.52845696763603,182632200
2025-12-03,179.36123657226562,182.21759414523953,178.88185225801445,180.8493441127912,165138000
2025-12-04,183.1566162109375,184.2952268834804,179.74078419330877,181.3987504426599,167364900
2025-12-05,182.1877899169922,184.43504894381925,180.6896172324408,183.66598269849337,143971100
2025-12-08,185.323974609375,187.7709870845105,182.17780264974235,182.41751577930148,204378100
2025-12-09,184.7446746826172,185.4937610485011,183.09669077375298,185.33395229946427,144719700
2025-12-10,183.55612182617188,185.2540478736652,181.8182359713298,184.74467463147755,162785400
2025-12-11,180.70957946777344,181.09911899111663,176.40483245042134,180.060377409269,182136600
2025-12-12,174.80679321289062,182.59729422559735,174.40727135263347,180.88937065842447,204274900
2025-12-15,176.0752410888672,178.20265125135413,174.8167814768023,177.7232402429772,164775600
2025-12-16,177.50350952148438,178.27257580423,174.68693742218818,176.0452813318811,148588100
2025-12-17,170.7317657470703,175.91544580087532,170.10252832729947,175.88548356566727,222775500
2025-12-18,173.9278564453125,175.93540231223645,171.6106906687844,174.3173807251694,176096000
2025-12-19,180.76951599121094,181.2289470656948,176.12517166919682,176.45477147838753,324925900
2025-12-22,183.4662322998047,183.935660967629,182.1278683380167,183.6959478478248,129064400
2025-12-23,188.97950744628906,189.099356383118,182.67718160782493,182.7471036477755,174873600
2025-12-24,188.38023376464844,188.67987134928,186.36269028434322,187.71105179508496,65528500
2025-12-26,190.2978973388672,192.45526970950266,187.7709805748158,189.68863982420257,139740300
2025-12-29,187.99070739746094,188.53004285167208,185.68352392965699,187.4813341773615,120006100
2025-12-30,187.31153869628906,188.75978454971104,186.70228116711607,188.01069817319677,97687300
2025-12-31,186.27281188964844,190.32786369396138,186.26282955778902,189.33907943283364,120100500
